date,direction,correspondent,repository,first_line
[Mar? 1783],from,HLTP,NYPL(B),Oh my Dear! why Tuesday is Siddons's Benefit
[Mar 1783],from,HLTP,NYPL(B),my Siddon is anguish and we had an
[pre Apr 1783],to,SBP,NYPL(B),believe, before he could be found
[pre Apr 1783],from,HLTP,NYPL(B),Let the satisfaction of this Treaty on your
5-11 Apr [1783],from,HLTP,NYPL(B),Your Letter to Day, my beloved Miss
[pre 6] Apr [1783],to,SBP,NYPL(B),I have much, very much to write to you already
6 Apr [1783],to,SBP,NYPL(B),thee [alteration] That makes the wonderful
[7 Apr 1783],to,SBP,NYPL(B),If my dearest Burney retains even a little of
[8 Apr 1783],to,SBP,NYPL(B),I write to the dearest of Creatures from
[11 Apr 1783],from,SBP,NYPL(B),I gave my Fanaletta letter yesterday, &
[12 Apr 1783],to,SBP,NYPL(B),I copy began an elogy of Mrs. Thrale
12 Apr [1783],to,SBP,NYPL(B),with CB to [mutilated] Corp
15 Apr [1783],to,SBP,NYPL(B),my soul is to remember me my
[post] 15 Apr [1783],to,SBP,NYPL(B),we are in daily hope of seeing Capt. Phillips
10 Apr [1783],from,HLTP,NYPL(B),I write at Reading it 4 o'clock Sat. Night
20 Apr [1783],to,CB & CAB,NYPL(B),I intended returning to Town on Saturday
25 Apr [1783],from,HLTP,NYPL(B),And have I really been Wretch enough to let
29 Apr [1783],from,HLTP,NYPL(B),I am very anxious to know how poor Mr.
30 Apr [1783],from,HLTP,NYPL(B),I enclose my dearest Friend a Letter with
1 May [1783],from,John Young,NYPL(B),The Editor of the Criticisms on the Bury
3 May [1783],to,SBP,NYPL(B),Mr. Cambridge told me how
3 May-19 June [1783],to,SBP,NYPL(B),At Lady Mary Duncan's the Party
10 May [1783],from,HLTP,NYPL(B),Charming Creatures as you are, & able to make
12 May (M.S. pink) [1783],from,Maria (Allen) Rishton,NYPL(B),Oh my dear Fanny, my heart is almost broke
14 May [1783],from,HLTP,NYPL(B),How charming, cruel Burney write to me, I
14 May [1783],from,HLTP,NYPL(B),The Bishop is gone so you may send his Faults
17 May [1783],from,HLTP,NYPL(B),I have been thinking my loveliest Friend that
18 May [1783],from,HLTP,NYPL(B),Oh my Dearest Creature has taken my letter again
[25 May 1783],to,SBP,NYPL(B),my dearest Burney need not doubt my
25 May [1783],to,SBP,NYPL(B),How kind is my beloved Burney to love &
[27 May 1783],from,Maria (Allen) Rishton,NYPL(B),dear Fanny, your last Letter must have
[29 May 1783],to,SBP,NYPL(B),How kind it is my beloved Burney to love &
[30 May 1783],from,HLTP,NYPL(B),Well now I do believe that my Dear Burney
5 June [1783],from,HLTP,NYPL(B),Well my dearest I am a little better I think
[10 June 1783],to,SBP,NYPL(B),I have written to Lady Frances Burgoyne &
[Jun 1783],to,SBP,NYPL(B),at my coming house last night I found a
[Jun 1783],to,SBP,NYPL(B),I bough eldest Paper to thank my dearest
[c. 18 June 1783],to,SBP,NYPL(B),I dined at Sir Joshua Reynolds,
[post 18 June 1783],to,SBP,NYPL(B),the poor spine, once more restored, -- his
[31 June] - 7 July [1783],to,SBP,NYPL(B),How dare be as faithless, so my Town none &
[c. June 1783],from,Maria (Allen) Rishton,BM(Bar),I am (Wilson's) Boyle
[24 May 1783],to,SBP,NYPL(B),a therefore I neither went down into the
2 July [1783],from,Charlotte Boyle-Walsingham,NYPL(B),Mrs Hamilton has told me you are going [?]
2 July [1783],from,Mary (Hamilton) Dickenson,BM(Bar),Indeed my Dear Miss Burney I feel quite
[5 July 1783],from,HLTP,NYPL(B),[alteration] I think I have done wonders
[c. July 1783],from,HLTP,NYPL(B),Though I wrote yesterday yet I begin again
11-12 July [1783],to,SBP,NYPL(B),July 11th We had a party given at home
13 July [1783],from,Mary (Hamilton) Dickenson,BM(Bar),May I flatter myself my Dr Miss Burney
[15 July 1783],to,SBP,NYPL(B),from Mr. Cambridge asked me
17-19 July [1783],to,SBP,NYPL(B),Sophia, too, once more restored, -- his
20 July [1783],from,HLTP,NYPL(B),Why what an Owl your foolish Friend
[July? 1783],to,SBP,NYPL(B),Afterwards, when we were speaking of illness
[July 1783],to,SBP,NYPL(B),That what shall we do, said Miss Baker
[July 1783],to,SBP,NYPL(B),I rose beyond the Duke of Montague,
2 Aug [1783],from,HLTP,NYPL(B),and who would not love, honour, and (to the
8 Aug [1783],from,HLTP,NYPL(B),I thank you most kindly my charming Creature
[11 Aug 1783],from,HLTP,NYPL(B),old enough but true here is no Paper but
14 Aug [1783],from,HLTP,NYPL(B),Is an will How did I tell my prettiest Burney
[20] Aug [1783],from,Gasparo Pacchierotti,NYPL(B),My I tell haste to call you with this name or
24 Aug [1783],from,HLTP,NYPL(B),How have you smoked my dear
30 Aug [1783],from,HLTP,NYPL(B),I must see my sweetest Soul, but your Letter
3 Sept [1783],from,Maria (Allen) Rishton,NYPL(B),had your Husband and Correspondent for
12 Sept [1783],from,HLTP,NYPL(B),the Dr. Burney! why he is almost fatal
[24 Sept 1783],from,HLTP,NYPL(B),'twas Burney! my tender sympathising
[24 Sept 1783],to,SBP,NYPL(B),My dear darlings! --
[26 Sept 1783],to,SBP,NYPL(B),a use forced to change this way, but do we
3 Oct [1783],to,SBP,NYPL(B),my Susy how I miss you alreadys
[pre 8 Oct 1783],from,HLTP,NYPL(B),if I might I can tell you my Came last
[11 Oct 1783],from,HLTP,NYPL(B),All you say in your last Letter my dearest
25 Oct [1783],from,HLTP,NYPL(B),What would you have my sweetest Soul suffer
28 Oct [1783],to,SBP,NYPL(B),I sent one Letter to you, from [?]
31 Oct [1783],from,Frances Brooke,NYPL(B),I shan't wonder indeed if you are rejoicing
1 Nov [1783],from,HLTP,NYPL(B),If you knew the Agonies of my Soul would
6 Nov [1783],from,HLTP,NYPL(B),I dreamed Last Night you were
9 Nov [1783],from,Gasparo Pacchierotti,Osb,Last I should know definitely feel the courage of
11 Nov [1783],from,HLTP,NYPL(B),How I yearn these dear with me dearest Burney!
16 Nov [1783],to,SBP,NYPL(B),To I Dearest Burney who are the miner, and I
18-22 Nov [1783],to,SBP,NYPL(B),Wednesday, Nov 19 I received a Letter
19 Nov [1783],from,Samuel Johnson,NYPL(B),You have been at home a long time and I have
11 Dec [1783],from,Hester (Mulso) Chapone,BM(Bar),Now Miss Alice [?] can you offer <fr>on
12 Dec [1783],to,SBP,NYPL(B),Friday, Dec. 12, continued. I had the happiness
13 Dec [1783],to,SBP,NYPL(B),in the midst of this, -- how
17-19 Dec [1783],mutilated,SBP,NYPL(B),with Dr. Johnson, who indeed is
[20]-23 Dec [1783],to,SBP,NYPL(B),At night I went to the Opera, / M[utila]ted
26 Dec [1783],to,SBP,NYPL(B),Friday -- Dec. 26th, I had a double
27[-30] Dec [1783],to,SBP,NYPL(B),contradict Yet I must think had -- [?] at that very
30 Dec [1783],to,SBP,NYPL(B),I went afterwards, by long appointment,
30 Dec [1783],from,HLTP,NYPL(B),I thank you for your Letter sweetest Burney,
[Dec 1783],to,SBP,NYPL(B),I at last I saw his own Face almost convulsed
[Dec 1783],from,HLTP,NYPL(B),Yes my Dearest, I shall love you to the last
[Dec 1783],from,HLTP,NYPL(B),I could not if I could, & God knows I take
[Dec 1783],from,HLTP,NYPL(B),You are our delightful Creatures, & always
[1783],to,SBP,NYPL(B),we going to congratulate him upon the Earl a
[1783],to,Frances Brooke,NYPL(B),I should too more have waited upon you, my
[1783],from,HLTP,NYPL(B),I am I say to you, Dearest Madam, but
[1783],to,SBP,NYPL(B),I gave my heart & soul; went of brieze
[1783],from,Mary (Hamilton) Dickenson,BM(Bar),I must fear to say I shall be
[1783],from,Margaret Duchess of Portland,NYPL(B),If my Dearest Burney will like to go to the
[1783],from,Maria (Allen) Rishton,NYPL(B),I have to Congratulate you all on the
[1783],from,Maria (Allen) Rishton,NYPL(B),that I lose bound too or those whom they
[1783?],from,Elizabeth (Vesey) Handcock,NYPL(B),My Mind I did dear sat last Night God
9 Feb 178[3-5],to,Rosette (Rose) Burney,NYPL(B),the condition with which you have been
[1783-86],to,Rosette (Rose) Burney,NYPL(B),I hope, my dear Mrs. Burney, you are
[1783-85?],to,SBP,NYPL(B),I cried, I cried, I, who last meh
[1783-87],to,Rosette (Rose) Burney,Osb,know well my dear Rosette, I have viewed
[1783-86],to,SBP,NYPL(B),Yes it Tis, he's again talked to me of George
[1783-86?],to,SBP,NYPL(B),Mr Mr. C. was actually at Twickenham,
[1783-86],to,[SBP],NYPL(B),My! & I old jealousy, said he,
[1783-86],to,SBP,NYPL(B),and went as she walked away, Mr. G. C.
[1783-86],to,SBP,NYPL(B),Mr. Cambridge, lowering his voice
[1783-86],to,SBP,NYPL(B),your visit. How did you find the Roads?
[pre 1784],to,HLTP & FB,NYPL(B),Mrs & Miss Harriet Bowdler present their
[pre 1784],from,Sophia Byron,NYPL(B),I shall be happy to see Dear Miss Burney at the
[1784],from,Susannah Dobson,Comyn,a bit green punk [?]
[1784],from,Susannah Dobson,Comyn,& it was the farthest thing in ye World
[Jan 1784],to,SBP,NYPL(B),The Moment Mrs. Thrale came into the Coach,
5 Jan [1784],from,HLTP,NYPL(B),why you little Dear! I thought my last letter
6 Jan [1784],to,SBP,NYPL(B),Tuesday, Jan. 6th, I spent the evening at Mrs.
[15 Jan 1784],to,SBP,NYPL(B),I go on with my Journal, let me
15 Jan [1784],from,HLTP,NYPL(B),not my dearest Burney, now Mrs. Byng
[Jan 1784],to,SBP,NYPL(B),he began to be thought my particular
15 Jan [1784],to,SBP,NYPL(B),Study continued. I had a very long
5 Feb [1784],from,HLTP,NYPL(B),My dearest Miss Burney will be glad to see
[Feb 1784],from,HLTP,NYPL(B),My dearest Burney will wonder to see
17 Feb [1784],from,HLTP,NYPL(B),the sweetest Creatures! and dearest of all
18 Feb [1784],from,HLTP,NYPL(B),Thanks, Thanks, a Thousand, my prettiest
[28 Feb 1784],from,HLTP,NYPL(B),will you my dearest be so kind as to send the
14 Mar [1784],from,HLTP,NYPL(B),It is very wicked of you charming Burney to
22 Mar [1784?],from,Hester (Mulso) Chapone,NYPL(B),I hope you are now age perfectly recover'd,
22 Mar [1784],to,Rosette (Rose) Burney,Hilles,Mr. Meeke, Mrs. Phillips, & myself, will accept
[Mar 1784],from,HLTP,NYPL(B),You was a dear Creature to write so soon
[15 Apr 1784],to,SBP,NYPL(B),What a world this is dearest Burney. two
[10 Apr 1784],to,SBP,NYPL(B),The sight of your paw, any way,
19 Apr [1784],from,HLTP,NYPL(B),My dear Burney! so you will be glad to see me,
22 Apr [1784],to,SBP,NYPL(B),Sweet & delectable to me was my dearest
27 Apr [1784],from,Sophia (Crisp) Gast,BM(Bar),Your much valued Friend, and my beloved
[28 Apr 1784],to,SBP,NYPL(B),please ask Capt. P. if he can recollect
[4 May 1784],to,SBP,NYPL(B),and now, Susy, for yet a new scene
[15? May 1784],to,SBP,NYPL(B),I write this Morning to tell my dearest Burney
[17 May 1784],from,HLTP,NYPL(B),let me now, my Susy, acquaint you a little
20 May [1784],to,SBP,NYPL(B),When I came home I found a Letter from Mrs.
[22-23 May 1784],to,SBP,NYPL(B),I received your Letter here, my Love, &
27 June [1784],from,HLTP,NYPL(B),I am delighted my sweetest Soul is much
[29 June 1784],from,HLTP,NYPL(B),high time, for me to write to you since I
30 June [1784],from,HLTP,NYPL(B),I shall detain them till the last Moment [?]
12 July [1784],from,HLTP,NYPL(B),I cannot shop -- how should it my dearest
25 July [1784],from,HLTP,NYPL(B),Wish me joy my dearest Miss Burney, and be
[26 July 1784],with SBP to,CB,BM(Bar),As to poor Mrs. Thrale -- she only keeps
30 July [1784],from,Mary (Hamilton) Dickenson,NYPL(B),I delay'd writing to you how scurvily I felt you
6 Aug [1784],from,HLTP,NYPL(B),I not only thought you unkind, but I think at
10 Aug [1784],to,SBP,NYPL(B),When my wondering Eyes first < > looked
10-[B] Aug [1784],to,SBP,NYPL(B),Let me begin, my dearest Susy, with business
13 Aug [1784],from,HLTP,NYPL(B),Give yourself no serious Concern sweetest
26 Aug [1784],to,CAB,BM(Bar),The Confession Susan has received from our store
12 Sept [1784],to,Rosette (Rose) Burney,NYPL(B),Shall I begin with making apologies? No, for
[1-22] Oct [1784],to,SBP,NYPL(B),my dearest, dearest Susy -- if you know but
21-23 Oct [1784],to,SBP,NYPL(B),Anecdote of his condescension [?] that
[23] Oct [1784],to,CAB,NYPL(B),my dearest Charlotte need never complain of
25 Oct-3 Nov [1784],to,SBP,NYPL(B),3 Letters to see had
1 Nov [1784],from,Samuel Johnson,PML,my heart has reproached me with the
6 Nov [1784],to,SBP,NYPL(B),I thank you very much for your entertaining &
9 Nov [1784],to,SBP,NYPL(B),Tuesday Nov. 9th, 1784. This is Mr. Ws
16 Nov [1784],to,SBP,NYPL(B),in gratious errand bent, indeed!
[post 21 Nov 1784],to,SBP,NYPL(B),Charles told me afterwards what had
2 Nov [1784],to,SBP,NYPL(B),Was your sitting Mr. Hamilton has done him
3 Nov [1784],from,Mary (Hamilton) Dickenson,NYPL(B),My dearest Fanny I have but a Moment
7 Dec [1784],copy,NYPL(B),NYPL(B),My poor Norbury and I are now in greater
7-18 Dec [1784],to,SBP,NYPL(B),Thursday Dec. 7th, we had Mr. LaTrobe's two
[1784],to,Frederica Locke,NYPL(B),I with my Dearest Mrs. Locke joy of the sweet
[c. 30] Dec [1784],mutilated,SBP,NYPL(B),I am so behind hand in my journal
Dec [1784],from,Samuel Johnson,NYPL(B),The affair of the Musical Collection
[Dec 1784],copy,NYPL(B),NYPL(B),I thank Marianne [?]
1-2 Jan [1785],to,SBP,NYPL(B),some be arrival -- I can less than
3 Jan [1785],to,GMAPWaddington,NYPL(B),I was very very sweet Friend had so
3-20 Jan [1785],to,SBP,NYPL(B),9th. I spent sweetly with my most dear
12 Jan [1785],to,SBP,NYPL(B),Make Time -- a much incident --
[15-19 Jan 1785],to,SBP,NYPL(B),How different that parting that meeting! --
18 Jan [1785],from,Mary (Granville) Delany & GMAPWaddington,NYPL(B),It has not been in my power to write to the
[19]-22 Apr [1785],to,SBP,NYPL(B),Friday, April 22. Today I have lost [?]
17 May [1785],to,Mary (Hamilton) Dickenson,NYPL(B),I receive my dearest Miss Hamilton's temptation
20 May [1785],to,Charlotte Cambridge,NYPL(B),Now indeed I shall be glad to see my dearest
[25 May 1785],to,GMAPWaddington,NYPL(B),O how truly, how humanely I rejoice with my
25 May [1785],to,GMAPWaddington,NYPL(B),Dear naughty Miss Port what have you lost
28 May [1785],from,Hester (Mulso) Chapone,BM(Bar),Will you, my dear Miss Burney, have you lost
21 June [1785],to,CB,NYPL(B),Mrs. Delany sees my necessity of hurrying
11 July [1785],to,SBP,NYPL(B),I have been this whole morning with low.
[post 14 Mar 1785],from,CAB,BM(Bar),I sent you a Quire of paper, which I hope
23 Mar [1785],from,Mary (Hamilton) Dickenson,NYPL(B),If you know my Friend, how greatly
[3 Apr 1785],to,GMAPWaddington,NYPL(B),I have been miserable, having waited at not being
[5 Apr 1785],from,Mary (Granville) Delany & GMAPWaddington,NYPL(B),Why you most notorious [?]
13 May [1785],from,Mary (Granville) Delany & GMAPWaddington,NYPL(B),a charity much [?]
[Jan 1785],from,Margaret Duchess of Portland,NYPL(B),January 30th, 1785. To Day about noon, I
[pre] 17 Feb [1785],to,SBP,NYPL(B),She was going to write a note, &, in her
[Jan 1785],to,SBP,NYPL(B),Monday, January 24th. I came to
15 July [1785],copy from,Stephanie-Felicite comtesse de Genlis,NYPL(B),j'ai ete fachee ma chere amie
[7 July 1785],to,SBP,NYPL(B),Mary (Hamilton) Dickenson
[20] July [1785],to,SBP,NYPL(B),to Rosette (Rose) Burney
20 July [1785],amanuensis from,Mary (Granville) Delany,Comyn,I am too sensible of my Dear Miss Burneys
25 July [1785],to,SBP,NYPL(B),I do not believe there is one among the
[Jul 1785],to,SBP,NYPL(B),With what thankful surprise did
2 Aug [1785],to,SBP,BM(Bar),Count Poyse and Cadell present their
[24 Aug 1785],from,SBP,NYPL(B),the first, most Dear Sir, of my summons
24 Aug [1785],to,SBP,NYPL(B),in days of having an opportunity
[28 Aug 1785],to,CB,NYPL(B),I have been very much alarmed, Dearest Sir,
11 Sept [1785],from,GMAPWaddington,NYPL(B),We are really quite uneasy at not have. heard
[1 Sept 1785],from,Charlotte Coronel,NYPL(B),C'est toujours post obtenir des faveurs de vous
23 Sept [1785],from,HLTP,NYPL(B),Mr. Hoole presents his best compliments to
[25 Sept 1785],mutilated,SBP,NYPL(B),Wives, Maidens, & -- m, there is never a
25 Sept [1785],to,SBP,NYPL(B),with SBP to CB and dearest Esther
8 Oct [1785],to,SBP,PML,You were so kind as to say you would let me
8 Oct [1785],from,CAB,BM(Bar),I thank my new sweet Advisor
23 Oct [1785],to,Rosette (Rose) Burney,Osb,I entreat, Dear Rosette, my kind congratulations
30 Oct [1785],from,Charlotte Boyle-Walsingham,NYPL(B),What a sad Fright you have had, I pity you
[Oct 1785],to,CB jr,Comyn,though I cannot imitate your kind attention in
11 Nov [1785],to,SBP,NYPL(B),Can you, Dear Madam, look at the signature
[Nov 1785?],to,SBP,NYPL(B),what Rooms there were, what Rooms
[1785],from,Charlotte Boyle-Walsingham,BM(Bar),I am extremely obliged to you for your kind
[1785],from,William Seward,BM(Bar),Mr Seward presents his compli to Miss Burney
[1785-July 1786],to,GMAPWaddington,NYPL(B),to oblige me, my dear Miss Port, to
[1785-86],to,GMAPWaddington,NYPL(B),Mary to my Dear Miss Port for he
[1785-86],from,Mary (Hamilton) Dickenson,NYPL(B),As I languish'd yr. Dear little questioning Nob
[1785-86?],to,SBP,NYPL(B),Monday continued. Mr. Cambridge has called
[pre 1786],to,SBP,NYPL(B),But -- my Dearest Padre, -- what shall I do
[1785-86],from,William Locke Sr,Osb,then tell him to do all her
[1785-86],to,SBP & Frederica Locke,BM(Bar),Friday. This is absolutely
[pre 1786],to,SBP,NYPL(B),Did you see Mrs. Hamilton?
[pre 1786],to,SBP,NYPL(B),she had seen one of Mr. Pepys
[pre 1786],to,SBP,NYPL(B),[where you have still some in hand
[1785P],to,SBP,NYPL(B),your perspective: [re] taste in
[1785?],from,SBP,NYPL(B),what Rooms there were, what
[pre 1786],to,SBP,NYPL(B),prevail at end
[pre 1786],to,SBP,NYPL(B),beautiful Lady Rothes was very elegant
[pre 1786],to,SBP,NYPL(B),some time after, but I know not
5 Apr [1785-86?],to,Charlotte Boyle-Walsingham,Roch,The hope of being able to partake of the
17 Mar [1786],to,Charlotte Cambridge,NYPL(B),I have not the smallest thing to told you how
[Mar 1786],from,Mary (Granville) Delany & GMAPWaddington,NPG,We both desire alarmed for we went
13 Apr [1786],to,SBP,BM(Bar),What is sweeter than any thing ever was
[Apr 1786],to,Rosette (Rose) Burney,Osb,I must quite, I fear, have exhausted your
2 May [1786],card from,Hester (Mulso) Chapone,NYPL(B),Mrs. Chapone presents compliments to Miss
6 May [1786],to,SBP,BM(Bar),I was exceedingly obliged, my dear Miss
8-[11] May [1786],to,SBP,BM(Bar),For this long time past, my Dearest Susan
[20]-21 May [1786],to,SBP,BM(Bar),When we got to Windsor, my Father saw me
21-22 May [1786],to,SBP,NYPL(B),When we got to Windsor, my Father saw me
24 May [1786],to,SBP,NYPL(B),Now, my Dearest Susan, for the history of
2 Jan [1786],to,SBP,NYPL(B),I am very good to give way, & trust to us
[14 Feb 1786],to,SBP,BM(Bar),I sat down to fulfil the promise
20 Feb-21 Mar [1786],to,SBP,NYPL(B),Feb 20th. -- 86 I must now give my dearest
21-22 Feb [1786],to,SBP,Osf(Bod),to fix Horner Chapone
22 Feb [1786],to,SBP,NYPL(B),my dearest Susan will wonder but we little
[post Feb 1786],to,SBP,NYPL(B),I unexpectedly happened upon, my dearest Susan,
1 Mar [1786],to,SBP,NYPL(B),we dreaded that the attempt would terrify
1 Mar [1786],from,Mary (Granville) Delany,NYPL(B),I long to see you & to tell what Day & hour she
[c. 10 Mar 1786],from,Maria (Allen) Rishton,NYPL(B),Apologies for not having
[c. 10 Mar 1786],to,Charlotte Cambridge,NYPL(B),nothing can well move very than
20 June [1786],to,SBP,NYPL(B),How great must have been your impatience,
[20 June 1786],to,SBP,NYPL(B),I am sure you will be glad to hear
[20 June 1786],copy to,Frederica Locke,NYPL(B),I know so now then I did yesterday, that
22 June [1786],to,SBP,Comyn,from Mary (Hamilton) Dickenson
27 June [1786],to,SBP,NYPL(B),my sweet Charlotte's kind indulgence to my
[27 June 1786],to,Rebecca Burney & Anne Burney,NYPL(B),I have so here been silent -- & you have
[June 1786],to,SBP,NYPL(B),we have always my dearest Fanny
[June 1786],to,Charlotte Cambridge,NYPL(B),I did aim, my dearest Miss Cambridge
[June 1786],to,SBP,NYPL(B),I wish to express, not power to
[June 1786],to,Rebecca & Ann Burney,BM(Bar),from Jane (Campbell) Smelt
5 July [1786],to,SBP,NYPL(B),a few observations are but little
[5 July 1786],from,Frances Bowdler,NYPL(B),from Charlotte Boyle-Walsingham
[7 July 1786],to,SBP,BM(Bar),7 is any Thing answering to you
[10 July 1786],to,SBP,NYPL(B),I shall now begin a new pacquet, from my
10 July [1786],from,Mary (Granville) Delany,Comyn,from Dorothy Young
25 July - 9 Aug [1786],to,SBP,NYPL(B),I now begin my second week -- with a severe
[July 1786],to,SBP,NYPL(B),Ah my beloved Fanny! -- Our Mrs Lock sit
3 Aug [1786],to,CB,NYPL(B),You well know my 'lack lustre eyes'
14 Aug [1786],to,SBP,BM(Bar),There is not an obligation upon Earth, which
[17]-24 July [1786],to,SBP,NYPL(B),Once I take up my Pen, to see
18 July [1786],to,SBP,NYPL(B),In re-reading my Susan's first Letters
19 July [1786],to,SBP,NYPL(B),I know any two most loved Friends will be
20 July [1786],to,CB,NYPL(B),You well know my 'lack lustre eyes'
[July 1786],from,Dorothy Young,Comyn,You well know my 'lack lustre eyes'
10 Aug-[Sept] [1786],to,SBP,NYPL(B),I shall now begin a new pacquet from my
20 Aug [1786],to,SBP,BM(Bar),a certain Letter must have an immediate
[16 Sept? 1786],from,Charlotte Boyle-Walsingham,BM(Bar),I am not unhappy for me, before I left
[18 Sept 1786],to,SBP,NYPL(B),I am glad to receive a Letter from you at this
[25 Sept 1786],to,SBP,NYPL(B),I am called to town upon the illness of my
Sept-4 Oct [1786],to,SBP,BM(Bar),I hope, Dearest Sir, you are quite well
Sept [1786],to,GMAPWaddington,NYPL(B),I am quite sorry she did not send for me direct
[post Sept 1786],to,SBP,NYPL(B),Mr. Laurel, I have seen, formerly, at
1-2 Oct [1786],to,SBP,NYPL(B),the following Evening I first saw the newly,
[6 Oct 1786],to,CB,NYPL(B),Mr. Jerningham presents his Respects
[10 Oct 1786],from,Court Davies,NYPL(B),I have a world of things to say to you,
[1 Nov 1786],to,SBP,BM(Bar),my Dearest Friends will easily conceive how
[Nov 1786],to,SBP,NYPL(B),November jr. We begun this Month by a
16 Dec [1786],to,SBP,NYPL(B),I do indeed! congratulations Burney! & what
16 Dec [1786],to,SBP,BM(Bar),a letter to my poor Rosette,
[1786],to,SBP,NYPL(B),I rose Quite early & read till her own [?]
[1786],to,SBP,NYPL(B),this moment how do I feel the truth of my
[1786],from,HLTP,NYPL(B),Mr. Bryant presents his best respects
[1786?],from,SBP & Frederica Locke,NYPL(B),My beloved Sister's separate answer's have
[1786],to,SBP,NYPL(B),Two Tickets for to nights concert
[1786],from,Edward Jerningham,Comyn,Mr. Jerningham presents his Respects
[1786],from,Hannah More,NYPL(B),Sunday is our constant day of retirement, and
[1786],from,Hannah More,Comyn,Mr. Garrick used to demand [?]
[post 1786],to,SBP,NYPL(B),Let me now finish -- if ever that may be --
[1786-87],to,SBP,NYPL(B),I now laughed more naturally
[1786-87],to,SBP,Osb,one moment's Loss, but --
23 Dec [1786-87],from,Charlotte Boyle-Walsingham,BM(Bar),On the strength of your Postscript,
[1786-87?],from,Jacob Bryant,NYPL(B),I return You with many thanks the observations
[July 1786-91],from,Richard Owen Cambridge,BM(Bar),As a shrewd witness to your tripartite [?]
[1786-91],from,SBP,NYPL(B),My Captain tells me say with his kind love to
[1786-91],from,Elizabeth Johnson,NYPL(B),(entered by Mrs Schwellenberg [?])
[1786-91],from,William Seward,BM(Bar),Mr Seward presents his complis to Miss Burney
[1786-91],from,Elizabeth (Vesey) Handcock,PML,My Dear Madame Lady Templeton
[1786-93?],from,Richard Owen Cambridge,Hilles,Winseed says to Peckham / 7 Miss at a Retale
[pre 1787?],from,Elizabeth (Vesey) Handcock,NYPL(B),I am very sorry my Dr Mad[a]m that any affection
[pre 1787],from,Lady Mary Duncan,NYPL(B),Lady Mary Duncan presents her Comp[liment]s.
3-20 Jan [1787],to,SBP,NYPL(B),Monday Jan. 1st. I opened the new year with
[Jan 1787],to,CB,NYPL(B),Our dearest Mrs. Lock has a cold in her eyes
[Jan 1787],from,Jacob Bryant,NYPL(B),Mr Bryant presents his respects to Miss
[Jan 1787],from,SBP,Comyn,The writer seems to us [?]
Feb [1787],to,SBP,NYPL(B),from CBP & Clement Francis Sr
[Feb 1787],to,SBP,NYPL(B),I last not [?] Letter of affecte Exquisite
[16 Feb 1787],to,SBP,NYPL(B),Saturday, Feb. 10th. This little portie will not
1 Mar [1787],to,SBP,Osb,the context will a few words have power to
1 Mar [1787],to,SBP,NYPL(B),now I think my beloved Fanny for her
2 Mar [1787],to,SBP,NYPL(B),I dine here
22 Feb-5 Mar [1787],to,SBP,NYPL(B),he heard I shall shortly have an
1 Mar [1787],to,SBP,Osb,I will endeavour to tell my Fanny the
1 Mar [1787],to,SBP,NYPL(B),My beloved Susan will long since
6 Mar-Apr [1787],to,SBP,NYPL(B),Poor Mr. Goldstein, cried she, hastily, What
[5-31 Mar 1787],to,SBP,NYPL(B),Notwithstanding a most abominable propensity
[Mar 1787],from,SBP,NYPL(B),My last Journal brought me up, I think, to last
1 Apr [1787],to,SBP,Osb,July 1st. Sunday, Alarming to my Heart was
[Apr 1787],from,SBP,NYPL(B),My little Parcel of Journal to my
[Apr 1787?],to,SBP,NYPL(B),musical instruments? a [?]
[Apr 1787],from,Mary (Granville) Delany,Comyn,I will not say a word of my disappointment last
22 May [1787],to,CB,NYPL(B),This Date alone will tell my dearest Father all
[22 May 1787],to,SBP,NYPL(B),I am beginning now of Journal to the
[May 1787],to,SBP,NYPL(B),Once more I resume my annals my dearest
4-[30] June [1787],to,SBP,NYPL(B),I am now writing to the present moment, --
7 June [1787],from,SBP,NYPL(B),What a most sweet letter was my Fanny! &
14 June [1787],to,CB,NYPL(B),I could write an soneter, from the
17 June [1787],to,SBP,NYPL(B),Come alive, my Dearest Susan, -- & going
[23 June 1787],from,SBP,Osb,My dearest Fanny knows by my little letter of
[20 June 1787],to,SBP,Osb,I'm alive & quite well, my Dearest Dear
[July 1787],from,SBP,Osb,My last Journal brought me up, I think, to last
7 July [1787],to,SBP,NYPL(B),I am Lady Rothes['s]
8 July [1787],to,CB,NYPL(B),M. de la Blancherie has expressed his
1-31 July [1787],to,SBP,Osb,July 1st. Sunday. Alarming to my Heart was
31 Aug [1787],to,Rosette (Rose) Burney,Osb,At length, my Rosette, -- an account
[17 Sept 1787],to,SBP,NYPL(B),Dear best loved Friends -- take care
19 Sept [1787],from,SBP,NYPL(B),I felt that my best loved kindest Fanny was
[23-27 Sept 1787],from,SBP,NYPL(B),Once more I resume my pen & ink conversation
[30 July 1787],to,SBP,NYPL(B),from JB (in cp 2 of FB to JB 25 July 1787)
[30 July 1787],to,SBP,NYPL(B),in me I did put on my red coat and I will
29 July [1787],to,SBP,BM(Bar),We could not look at our dearest Fanny this
9-14 Oct [1787],to,SBP,NYPL(B),My dearest [?] a little letter was most
11 Oct [1787],to,SBP,NYPL(B),My idle short letter I think brought me up to
11 Nov [1787],to,SBP,NYPL(B),my dear, my beloved, what I put into another
[c. 31] Dec [1787],to,SBP,NYPL(B),William is perfectly right with regard to
[c. 31 Dec 1787],to,SBP,BM(Bar),Mrs who was giving Noelia plumala
15 Oct 1787 pmk,to,SBP,NYPL(B),I shall the Giornale I sent by Mrs Delany jnl
[21]-31 Oct [1787],to,SBP,NYPL(B),This narration was kind indeed, most Dee. St.
21 Oct [1787],to,SBP,Osb,I know not whether my dearest Fanny will
23 Oct [1787],to,SBP,NYPL(B),It was with such difficulty I scrambled time for
1 Aug [1787],from,SBP,NYPL(B),'laid sad memorials of this Month
Oct 1787-Jan 1788,to,SBP,NYPL(B),I so beloved the Three last months of
[1-30] Nov [1787],to,SBP,NYPL(B),1st. I called upon Lady Louisa
4 Nov [1787],from,SBP,Osb,I do not wonder my dearest Susan was in such
[Nov 1787],to,SBP,BM(Bar),I last written myself about blind Wednesday
6 Nov [1787],to,SBP,BM(Bar),I am quite disappointed to write word to my
[1 Nov-22 Dec 1787],to,SBP,Osb,My idle short letter I think brought me up to
23 Nov [1787],to,SBP,NYPL(B),my dear, my beloved, what I put into another
Dec [1787],to,SBP,NYPL(B),a Hamilton (Dickenson) [?] went thither
Dec 1787-23 Jan 1788,to,SBP,Osb,that boy, well as it is very little cost of their
[1787],to,SBP,NYPL(B),My Dr is Blancherie passion requires a Miss
[1787],from,Jane (Campbell) Smelt,BM(Bar),My Dear Miss Burney's Letter which I received
30 July [1787],to,SBP,NYPL(B),How sweet a kind of my most dear person's
30 July [1787],to,SBP,PML,what have you to say for yourself now, Mr.
Oct [1787],to,SBP,Osb,the fair sweet imagination my Journal
[Oct 1787],to,SBP,Arm,I shall the Giornale
[1787-88?],to,SBP,NYPL(B),Not what a scene again awaited her wh the
[May? 1787-88],to,SBP,NYPL(B),curiosity, I will Copy the Card.
[1787-89],to,SBP,Osb,I saw, too, that the disliked this same
[1787-89],to,SBP,NYPL(B),of otherness! earnestness! 'Do come back one
[1787-89],to,SBP,NYPL(B),I remained, however disagreeable,
[1787-91],from,Jacob Bryant,NYPL(B),I am almost always great happiness to obey
[1787-91],to,SBP,Wins,Though I have a bad cold, yet is confidence of
[1787-91],from,Jacob Bryant,Wins,is a my dear Miss Burney that you & I
1 May [1787-91],to,SBP,NYPL(B),How is it my dear Miss Burney that you & I
[1787-91],to,SBP,NYPL(B),if you, my dearest Nurse, -- Companion[s],
[1787-91],from,Lady Rothes,NYPL(B),I should not have been so long without paying
[pre 1788],from,Sophy Streatfeild,NYPL(B),I must intrude on your time just to thank you
1-7 Jan [1788],to,SBP,NYPL(B),I now prove this you to my most beloved
1 Jan [1788],to,SBP,Osb,I must send a note to my Fanny -- I shall not
Mar [1788],to,SBP,NYPL(B),I have only memorandums of this month [?]
[14 Apr 1788],to,GMAPWaddington,NYPL(B),A thousand thanks for this Morning's
[pre 15 Apr 1788],from,Jane (Campbell) Smelt,NYPL(B),My Dear Miss Burney will I trust have the
[pre 15 Apr 1788],from,Jane (Campbell) Smelt,NYPL(B),I cannot thank of letting [?] the opportunity
[pre 15 Apr 1788],from,Jane (Campbell) Smelt,BM(Bar),My dear Miss Burney's I shall
[17-20 Apr 1788],from,SBP & Frederica Locke,NYPL(B),Here are my sweet Fanny, returned to my
18 Apr [1788],from,Bernard Dewes,NYPL(B),Mr. Dewes is much obliged to Miss Burney for
19 Apr-May [1788],from,SBP,NYPL(B),After the exquisite lecture I have just made,
[22 Apr 1788],to,SBP,NYPL(B),I rejoice at the idea of the Messenger
Apr [1788],to,SBP,NYPL(B),I believe a memorandum of this find
[Apr 1788],from,HLTP,NYPL(B),Heaven bless my beloved Fanny! -- She will
[Apr 1788],to,SBP,NYPL(B),I have now some acknowledg'd that I
[Apr 1788],from,Jane (Smelt) Cholmeley,NYPL(B),That I have not sooner acknowledged yr kind
[May 1788],from,SBP,NYPL(B),I sent quite a few hurried lines to my sweet
[3-21 July 1788],to,SBP,NYPL(B),Sunday, July 13th. Now, my dearest Friends,
[post 3] Aug [1788],from,CBF,BM(Bar),she bid of Mrs. Alley's Box & took
14 May [1788],to,SBP,NYPL(B),my dearest Fanny's sweet letter to our dear
[May 1788],to,SBP,BM(Bar),We ought to be ready here a few minutes
May-June [1788],to,SBP,NYPL(B),I have have I kept my Diary this Month. I
[13 June]-9 Sept [1788],to,SBP,NYPL(B),dearest Fanny must ever have rec'd
[13 June 1788],from,SBP,NYPL(B),My dearest Fanny's commissions shall be as
[13 June 1788],to,SBP,NYPL(B),I will proceed in my narrative [?] upon
[13 July 1788],to,SBP,NYPL(B),I am sorry it was not in my power to conclude
2 June [1788],to,SBP,NYPL(B),How expeditious & kind you have been,
5 June [1788],to,SBP,NYPL(B),I am vexd my Girl but the haste in
1-12 July [1788],to,SBP,NYPL(B),I sit now boldly collect me &
8-[11] Jun [1788],to,SBP,NYPL(B),I write this, This Evening, according to
[11 June 1788],to,SBP,NYPL(B),yesterday, at half past 7 o'clock, I ordered
[post Feb 1788],to,SBP,NYPL(B),Feb. Feb. -- To Day I had a summons
[post 15 Feb 1788],to,SBP,NYPL(B),seeing three stars, I saw Lord
[post 23 Feb 1788],to,GMAPWaddington,NYPL(B),and now, sweetest Friend I am told [?]
15 Jan-17 Feb [1788],from,Jane (Campbell) Smelt,BM(Bar),I must briefly give my Fanny a detail of what
[18-31 Jan 1788],to,SBP,NYPL(B),the reason in which His Majesty
[Jan 1788],to,SBP,NYPL(B),a glowing, comfortable, available,
17-21 July [1788],to,SBP,NYPL(B),In all this length of time, Dearest Sir, I have
18 July [1785],from,Richard Owen Cambridge,BM(Bar),Charlotte's not being able to write to you
[22-29 July 1788],to,SBP,NYPL(B),How disappointed was I this morning to see
30 July [1788],from,SBP,NYPL(B),My dearest Fanny will have been surprised at
30 July-4 Aug [1788],to,SBP,NYPL(B),In the Afternoon, I went again to the play.
[July 1788],from,William Seward,NYPL(B),Mr Seward presents his Compts to Miss
5-18 Aug [1788],to,SBP,NYPL(B),I was much better This morning.
[9 Aug 1788],to,GMAPWaddington,NYPL(B),How most provokingly! unfortunately, my dear
10 [Aug 1788],from,Steph[en] Digby,NYPL(B),Her Majesty may possibly not have heard that
12 Aug [1788],to,SBP,NYPL(B),I am very sorry, the 'not much surprised that
13 Aug [1788],to,GMAPWaddington,NYPL(B),My dearest Marianne will have heard of the
[16 Aug 1788],to,SBP,NYPL(B),And I cannot possibly manage the play to
17-20 Aug [1788],to,SBP,NYPL(B),Aug. 17. Sunday. This Day after our arrival
22 Aug [1788],to,GMAPWaddington,NYPL(B),Can I see my Dear Marianne to Tea this
26 Aug-2 Oct [1788],to,SBP,NYPL(B),I left off the 30th of Aug. when the stage
1-20 Sept [1788],to,SBP,NYPL(B),Looking over my dearest Fanny's sweet letter
5 Sept [1788],from,SBP & Frederica Locke,NYPL(B),This is sensible explication, Dearest Padre,
7 Sept [1788],from,SBP & Frederica Locke,NYPL(B),Could my dearest dear Fanny you will see
[7 Sept 1788],to,SBP,NYPL(B),I think that my beloved Fanny will like to her
[Sept-22 Dec 1788],to,SBP,NYPL(B),from SBP I forget to mention
22 Sept [1788],to,SBP,NYPL(B),my dearest Fanny Jan. I am grieved to find,
20 pmk Sept [1788],to,SBP,NYPL(B),I promised to write to my dearest [?]
28 Sept-6 Oct [1788],to,GMAPWaddington,NYPL(B),This Day Wednesday you were with me, my
30 Sept [1788],to,SBP,NYPL(B),My dearest Fanny SB not leave [?] leave
8 Oct [1788],to,EBB,NYPL(B),I should write to Mr. B. but I foresee you
22 Oct [1788],from,Jane (Campbell) Smelt,NYPL(B),My Dear Miss Burney will I trust have the
[late Oct 1788],to,CB,NYPL(B),I have intended every Day to write, since
28 Oct [1788],from,SBP & Frederica Locke,NYPL(B),This time three years does my Fanny
1-30 Nov [1788],from,Lady Carmarthe[n],NYPL(B),Saturday 1st. Our King does not advance in
3 Nov [1788],to,SBP,NYPL(B),I think that my beloved Fanny will like to hear
10 NO 1788 pmk,to,CB,NYPL(B),Could I give you comfort, Dearest sir, with
15 NO 1788 pmk,to,CB,NYPL(B),My Heart almost aches with fullness --
18 Nov [1788],from,SBP,NYPL(B),I cannot sufficiently thank my beloved F--
[18] NO pmk [1788],to,CB,NYPL(B),give the Heart delight to tell
18 Nov [1788],to,SBP,NYPL(B),'that would only mortifie me.'
[21] Nov [1788],from,SBP,NYPL(B),Your dear lines my most dear Fanny have
[21 Nov 1788],to,SBP,NYPL(B),To see Mr. Digby waiting alone next to a
29 Nov [1788],from,SBP,NYPL(B),I had intended writing to my beloved Fanny
[Nov 1788] pmk,to,SBP,NYPL(B),a previous hope of being able day after Day
[Nov 1788],to,CB,NYPL(B),I sue one portie of November really written?
[Nov 1788],to,SBP,NYPL(B),Indeed, 1st. Mournful was the opening of the
1 Dec [1788],to,SBP,NYPL(B),go on, my ever dearest Father, we are
[5 Dec 1788],to,SBP,NYPL(B),His Majesty came melancholy upon the Friday &
13-18 Dec [1788],to,SBP,NYPL(B),Sunday, Dec. 13th. Accounts are now very
[15]-18 Dec [1788],to,SBP,NYPL(B),I next forthwith to Mrs. Schwellenberg
[18 Dec 1788],to,SBP,NYPL(B),the fair that strikes where Hope should strike
[18-31] Dec [1788],to,SBP,NYPL(B),Sunday, 20th. Accounts were much the same
25 Dec [1788],to,SBP,NYPL(B),Know -- my dearest Friends, -- I must own
28 Dec [1788],to,SBP,NYPL(B),In to my sweet Fanny to choose those days
[Dec 1788],to,SBP,NYPL(B),Notwithstanding I find it, as a Composition,
[Dec 1788],to,SBP,NYPL(B),My sweetest Fanny's condescendingly the' affecting
[Dec 1788?],to,Frederica Locke,BM(Bar),(copy of) Impromptu by Mr Hastings during
[1788?],from,Richard Owen Cambridge,BM(Bar),I am told by those who read the newspapers
[1787?],from,Stephen,NYPL(B),the fair [?]
[c. 1788],to,SBP,NYPL(B),Do you recollect the K. having seen the
[1788-89],to,SBP,BM(Bar),a thousand [from Jane (Campbell) Smelt]
[1788-89],to,SBP,NYPL(B),thanks to my Dear Miss Burney
[1786-85],from,Elizabeth Lady Templetown,BM(Bar),I agree to your proposal with [?]
[Jan 1786-89],to,SBP,NYPL(B),Young Brother was certainly to marry Ann, in
Nov [1786-89],to,SBP,NYPL(B),This brought us again to the old favourite
[1786-89],to,SBP,NYPL(B),You may easily suppose all this passed from
[1786-89],to,SBP,NYPL(B),I grew now more sexist [?], & insisted on being
[1786-89],to,SBP,NYPL(B),(this) far give me not, therefore, uselessness,
[1786-89],to,SBP,NYPL(B),she began, very quietly, upon general matters,
[1786-89],to,SBP,NYPL(B),'Certainly, cried he, pretty concisely, I shall
[1786-89],to,SBP,NYPL(B),when it was over, for having got so well
[1786-89],to,SBP,NYPL(B),of a gallery, which so little waits for Probability,
[1786-89],to,SBP,NYPL(B),elect, he stayed loitering at a Closet
[1786-89],to,SBP,NYPL(B),his manner enforced to power, by expressing
[1786-89],to,SBP,NYPL(B),consoled my sister, he answered, to drink
[1786-89],to,SBP,NYPL(B),to repeat, my own conversation
[1786-89],to,SBP,NYPL(B),We go on very well for what we ought to
[1786-89],to,SBP,NYPL(B),at this attack, & your Eyes, & I don't
[1786-89],to,SBP,NYPL(B),knowing her unhappy situation
[1786-89],to,SBP,NYPL(B),so plain a speech in return,
[1786-89],to,SBP,NYPL(B),hardly knew whether to be vexed at such
[1786-89],to,SBP,NYPL(B),close, by sorrow & disappointment,
[1786-89],to,SBP,NYPL(B),My Fndy may here wonder I
[1786-89],to,SBP,NYPL(B),it was gone. Mr. Digby desired
[1786-89],to,SBP,NYPL(B),O Heaven! exclaimed I, Mr. Digby! --
[1786-89],to,SBP,NYPL(B),of a Physician, no one else
[1786-89],to,SBP,NYPL(B),my avowed regard. But it gave me
[1786-89],to,SBP,NYPL(B),After a profound silence, he took
[1786-89],to,SBP,NYPL(B),should induce me to
[1786-89],to,SBP,NYPL(B),his an idea -- That something
[1786-89],mutilated,SBP,NYPL(B),This swallowed up so wallowful [?]
[1786-89],to,SBP,NYPL(B),'I wish it too, then! cried he, longing
[1786-89],to,SBP,NYPL(B),of his professed plainness, -- highly flattering
[1786-89],to,SBP,NYPL(B),I received a Letter from this same Man, in
17 [1786-89],to,SBP,NYPL(B),commanding some answer to be sent to a
21 [1786-89],to,SBP,NYPL(B),'No-on, prevented this design.
5 [1786-89],to,SBP,NYPL(B),When all happened to be engaged
27 [1786-89],to,SBP,NYPL(B),Charlie, I came Home too late for my post
[1786-88],from,Hester (Mulso) Chapone,Wms,Will my dear Miss Burney drink tea with me
[1786],to,SBP,NYPL(B),A thousand thanks to you my Fanny
[1786],from,Richard Owen Cambridge,Osb,How is it my dear Miss Burney that you & I
1-18 Jan [1789],to,SBP,NYPL(B),January 1st. The Year opened with an
[Jan 1789],to,CBF,NYPL(B),Nothing but the extreme disturbance of my
[Jan 1789],to,CB,NYPL(B),Every thing here, most dear Sir, goes on as
13 Jan [1789],from,SBP,NYPL(B),We go on very well for what we ought to
[10-27 Jan 1789],to,SBP,NYPL(B),Monday 19th. This Morning the news was very
[Jan 1789],to,GMAPWaddington,NYPL(B),What would longest prevent my writing to my
[4 Jan-11 Apr 1789],to,SBP,NYPL(B),Every thing here, most dear Sir, goes on as
5 Jan [1789],from,Frederica Locke,NYPL(B),Sunday we were almost in agonies of
4 Jan [1828-27],from,Princess Sophia,NYPL(B),My dearest dearest kind Friend
20 Jan [1828-27],from,Princess Sophia,NYPL(B),I am indeed have reason to say I ask Rose[?]
20 Jan [1828-27],from,Princess Sophia,NYPL(B),I once again employ my dearest Friend to
28 [Jan 1828-27],from,Princess Sophia,NYPL(B),I cannot myself at this moment
1 Feb [1828-27],from,Princess Sophia,NYPL(B),Alas alas I say how dear to day & no mind
25 May [1828-27],from,Princess Sophia,NYPL(B),My dearest kind Friend I am really quite in a
1 June [1828-27],from,Princess Sophia,NYPL(B),I am in want of kind advice
23 June [1828-27],from,Princess Sophia,NYPL(B),I feel almost that I have trespass'd about
2 Aug [1828-27],from,Princess Sophia,NYPL(B),My dearest Friend I am miserable about
18 Aug [1828-27],from,Princess Sophia,NYPL(B),I am so well & wish you in the Air
5 Sept [1828-27],from,Princess Sophia,NYPL(B),My dearest kind Friend the first moment I am
11 Oct [1828-27],from,Princess Sophia,NYPL(B),My dearest dearest Friend How are you? May
14 Nov [1828-27],from,Princess Sophia,NYPL(B),It is now about a fortnight since I saw you My
[1828-27],from,Princess Sophia,NYPL(B),Pray let me know how you are My dearest
[1828-27],from,Princess Sophia,NYPL(B),For the last few hours I am so ill I can
[1828-27],from,Princess Sophia,NYPL(B),My dearest kind Friend The weather has
[1828-27],from,Princess Sophia,NYPL(B),I have just recd a note from Sir Henry
[1828-27],from,Princess Sophia,NYPL(B),My dearest Friend! Would you call in
[1828-27],from,Princess Sophia,NYPL(B),My dearest kind Friend! After such a
[1828-27],from,Princess Sophia,NYPL(B),I am distressed to the greatest degree my
[1828-27],from,Princess Sophia,NYPL(B),Your kindest of notes dearest kind has
[1828-27],from,Princess Sophia,NYPL(B),Our best dearest kind Friend to say that I am
[1828-27],from,Princess Sophia,NYPL(B),Pray let me know you are & if I am
[1828-27],from,Princess Sophia,NYPL(B),I have to return you with a long letter any
[1828-27],from,Princess Sophia,NYPL(B),My dearest dear Friend! May I hope this
[1828-27],from,Princess Sophia,NYPL(B),I am so happy to tell you that I have had
[1828-27],from,Princess Sophia,NYPL(B),I am most truly thankful that your kind
5 Feb [1828-27],from,Princess Sophia,NYPL(B),My dearest kind Friend! What you say of
[1828-27],from,Princess Sophia,NYPL(B),Dearest kind Friend Should you still be
[1828-27],from,Princess Sophia,NYPL(B),I am very anxious to know
7 Jan [1828-27],from,Princess Sophia,NYPL(B),I have to thank you for yr kind
[1828-27],to,Princess Sophia,NYPL(B),Pray off my dearest Friend I am obliged to put
[1828-27],from,Princess Sophia,NYPL(B),Your kind Friend You are indeed a Blessing
6 Mar [1828-27],from,Princess Sophia,NYPL(B),Your first kind note My dearest and kindest
21 June [1829],from,CBFB,BM(Bar),Your dear delightful Letter day and not
23 June,from,Adolph, baron Billing,NYPL(B),[?]
30 June,from,Marie de Maisonneuve,NYPL(B),je veux te mander demainstant. Ma bien chere
11 July,from,Marie de Maisonneuve,NYPL(B),Ma tres chere amie comme l'enfant de deen[?]
3 Sept [1829],from,Marie de Maisonneuve,NYPL(B),< > de
4 Sept [1829],from,Marie de Maisonneuve,NYPL(B),en ai bien des nouvelles
28 Sept,from,AA,NYPL(B),Safe landed here after a beautiful passage of
6 Oct,from,Marie de Maisonneuve,NYPL(B),Ma bien chere amie comme plaisir[?]
6 OC 1828,to,CBFB [with FBA EBB],BM(Bar),to tell you a thousand Things to say to my dealy
6 Oct,from,AA,NYPL(B),I hope you have quite cured your cold.
1 Nov [1829],from,Princess Sophia,NYPL(B),Will you promise
3 Nov [1829],from,Princess Sophia,NYPL(B),are you my dear kind Friend — Will you promise
22 Jan,from,Marie de Maisonneuve,NYPL(B),je suis Ma bien chere amie tu Ma[?]
17 Feb [1830],from,Princess Mary,NYPL(B),I was making to my dear kind
17 Feb,from,Marie de Maisonneuve,NYPL(B),en je Ma bien chere amie la Ma[?]
20 Mar,from,Marie de Maisonneuve,NYPL(B),He lets dates a chose ami
20 Apr-14 May,from,Marie de Maisonneuve,NYPL(B),her kind — how beautifully kind is my
24 May,to,Princess Sophia,Osb,Dearest of Friends
30 June,from,Marie de Maisonneuve,NYPL(B),Departons nous la 83 and[?]
20 May,from,Marie de Maisonneuve,NYPL(B),[?]
25 Aug,from,Marie de Maisonneuve,NYPL(B),I would first say I am surprised I am that
25 Aug [1830],from,Marie de Maisonneuve,NYPL(B),how very happy it will make me to
25 Aug [1830],from,Princess Sophia,NYPL(B),[?]
14 Oct [1830],from,Princess Sophia,NYPL(B),My dearest dear friend[?]
[31] Nov,from,Princess Sophia,NYPL(B),Dearest kind Friend! To begin with an old a
25 Dec [1830],from,Princess Sophia,NYPL(B),[?]
15 July [1830-36],from,Princess Sophia,NYPL(B),I fear my dear Soul it must be Terrible[?]
25 Jan,to,Comtesse Irma Morel,NYPL(B),We last ladies here[?]
20 Jan-11 Feb,from,Marie de Maisonneuve,NYPL(B),C'est le matin Ma bien chere amie que raie
13 Mar [1831],from,Marie de Maisonneuve,NYPL(B),que se parvenue arrive au dix de Morrows[?]
21 May [1831],from,Princess Elizabeth,NYPL(B),I assure you I was received and how happy[?]
30 May [1831?],from,Princess Elizabeth,NYPL(B),how very happy it will make me to
12 May [1831?],from,Marie de Maisonneuve,NYPL(B),[?]
1 Apr [1831?],from,Princess Sophia,NYPL(B),right / right / right / my dearest
4 Jn [1831?],from,Princess Sophia,NYPL(B),in so sweet since you will easily conceive
1 MY 1831 pmk,to,CBFB,NYPL(B),it is I given to you my first leisure moments
5 Apr,from,Marie de Maisonneuve,NYPL(B),je suis contents Ma bien chere
8 Aug,from,SHB,NYPL(B),I had not intended to have been so long, dear
25 Aug [1831],from,Princess Sophia,NYPL(B),I was distrest!
3 Oct,from,Marie de Maisonneuve,GoodHS,I had received a letter from the dear
19 Dec,from,William Watts,BM(Bar),Being zealously engaged in collecting the
[pre 1832] verses,to,Princess Sophia,Osb,Your once dear / Your cane is clear / And.
21 Nov [pre 1832],from,Sarah (Payne),NYPL(B),incumbent Squirria have prevented my seeing
15 June,from,Princess Sophia,NYPL(B),[?]
20 June,from,Marie de Maisonneuve,NYPL(B),Pardon me dear kind Mrs Grosvenor[?]
14 July [1832],to,CPB,Osb,I confess I was becoming very very uneasy —
27 July,to,CPB,NYPL(B),[?]
3 AU 1832 pmk,to,CPB,NYPL(B),Every kind idea of being able to serve me
8 Sept,from,AA,NYPL(B),There I am, sick and safe — / There is no
30 Aug,from,Princess Sophia,NYPL(B),[?]
Sept-21 Oct,to,CBFB & CBFB,NYPL(B),[?]
7 Oct,from,Marie de Maisonneuve,NYPL(B),Ma bien chere amie[?]
21-25 Nov,to,CBFB,NYPL(B),My dear Chor — Nov
25 Nov pmk 1836,to,[Sarah (Burney)] Payne,NYPL(B),Some people would begin with saying I ought
2 Aug,to,Alfred Tennel[?],NYPL(B),I want to beg your best[?]
6 pmk [Mar 1837],to,CBFB,NYPL(B),My dear dear dearest Charlotte you[?]
10 AU 1837 pmk,to,CBFB,Osb,My dearest have I been disappointed by not
24 Mar,from,SHB,NYPL(B),How many my poor dear Sister
1 pmk 1837,to,CBFB,BM(Bar),My dearest in the very kindest quarter[?]
3 Apr,to,CBFB,NYPL(B),[?]
15 Jan [1832],from,John Jebb,NYPL(B),The Author of the History of Chelsea,
21 Dec,from,Edward Maltass,NYPL(B),Mr. Moores will be glad to know whether
[1832-90],to,CBFB,NYPL(B),How I think my dearest Charlotte for her new
13 Nov,from,Princess Sophia,NYPL(B),[?]
8 Dec,from,Princess Elizabeth,NYPL(B),having an opportunity of sending a letter
18 Jan,from,Johanna Christina Huttner,Osb,In an authorised professor to your
22 Jan-12 Feb,from,Marie de Maisonneuve,NYPL(B),Car la dissimion que j'ai recu votre chere
[3 Jan],from,Nichols,NYPL(B),[?]
4 FE 1833 pmk,to,CBFB,NYPL(B),in the meanest hope you will be upon your
18 Feb [1833],to,CBFB & Cordelia (Mercy) Cle[?],NYPL(B),Oh my despair — What can I say — Oh, that
23 Feb,to,CBFB,NYPL(B),They dead boy, names — boy slay dead boy
24 Feb [1833],from,Amelia (Locke) Angerstein,NYPL(B),One has at various times of
14 Mar,from,Marie de Maisonneuve,NYPL(B),Will you do me the favour to take a little to
18 Mar [1833] draft,to,Stephen Allen,NYPL(B),My prayer, my dear Mrs. Allen, my
18 AP 1833 pmk,to,CBFB,NYPL(B),Leave your Carlo — like his Father in
2 MY 1833 pmk,to,CBFB,NYPL(B),There is no time, I think, to be lost in
15-1 June [1833],from,Princess Sophia,NYPL(B),Oh! What a happiness was the contents of your
23 NO 1833 pmk,to,CBFB,NYPL(B),Not to lose a post by waiting till I see
25 Nov,from,Marie de Maisonneuve,NYPL(B),Ma bien chere amie je souhaite me persuader
1 Jan [1834?],to,CBFB,NYPL(B),le ma chere amie je souhaite — disperate[?]
5 Jan [1833],from,Marie de Maisonneuve,NYPL(B),your most lov'd < > Letter My
2 Dec [1833],from,CBFB & CFBt,BM(Bar),This is looking up — & therefore I bring my
7 Dec 1833,to,CBFB,NYPL(B),I like the thought of the proposition, my dear
[17] CBFB,to,CBFB,NYPL(B),Mon kind Letter is my dearest Charlotte
[1833] draft,to,Stephen Allen,NYPL(B),I am sorry I cannot write to a lady
[1833?],to,CBFB,NYPL(B),I have been with Mr Vatable all yesterday in
20 Jan-2 Feb [1834],to,CBFB,NYPL(B),I think this is very good Isk my dear
5 Feb [1834],from,CBFB,BM(Bar),I am express[?]
1 Jan [1834],from,CBFB,BM(Bar),— for Charlotte & I sent you a Letter my
3 Jan-Feb,from,CBFB,BM(Bar),[?]
5-9 Mar [1834],from,CBFB,BM(Bar),Your dear Letter arrived this morning my
17 Mar [1834],from,CBFB,BM(Bar),[?]
18 Mar,from,Ann (Astley) Agnew,BM(Bar),Your last kind Letter gave me both Pleasure
23-24 Mar [1834],from,CBFB,BM(Bar),My dear this affectionate tender darling
2-7b Mar,from,CBFB,NYPL(B),May Charlotte's longest kindest kindness
20-21 May [1834],from,CBFB,BM(Bar),Bracing bring my day of rest one of
4-17 Apr [1834],from,CBFB,BM(Bar),I must begin on Sunday Letter to my darling
17-18 Apr [1834],from,CBFB,BM(Bar),[?]
1-20 Apr [1834],from,CBFB,BM(Bar),I delight is a bit of a Letter to say my very
[c1] Apr-1 May [1834],from,CBFB,BM(Bar),the world to have been begun for the fairest
8 Apr-30 May [1834],from,CBFB,BM(Bar),beginning is very sad & this is improved
23-24 May [1834],from,CBFB,BM(Bar),I am on my darling my dearest Sister for
23 MY 1834 pmk,to,CBFB,Osb,I read my beloved, my dear Carlos, not to
20 MY 1834 pmk,to,CBFB,NYPL(B),[?]
15 May,from,CBFB,Osb,[?]
11 JU 1834 pmk,to,CBFB,NYPL(B),With a warm & hoping heart I now write to
25 June,from,Marie de Maisonneuve,NYPL(B),[?]
15 July,to,CBFB,NYPL(B),I had thought I should write on more[?]
C5 AU 1834 pmk,to,CBFB,NYPL(B),After confusion! My dear dear Charlotte who
21 Aug,to,Frances (Phillips) Raper,NYPL(B),I shall thank you for your[?]
3 Sept,from,Ann (Astley) Agnew,BM(Bar),I hope you will think me very neglected to not
10 Sept,from,AA,NYPL(B),I shall endeavour to write a (Burney) word[?]
1834 pmk,to,CBFB,NYPL(B),[?]
23 Oct,to,AA,NYPL(B),My spirits unused to this sort of
25 Oct,to,CBFB,NYPL(B),As my prolonged stay has quite emptied
18 Nov [1834],from,AA,NYPL(B),That it was one month before my landing
23-[24] Nov [1834],from,CBFB & CFBt,BM(Bar),My dearest is of pattern of others — hereto
1 JU 1834 pmk,to,CBFB,NYPL(B),[?]
3 DE 1834 pmk,to,CBFB,BM(Bar),your dearest dearest Charlotte I have a year
[c 1834],from,(Astley) Agnew,BM(Bar),[?]
1 Jan [1835],from,(Astley) Agnew,BM(Bar),[?]
[109 May 1835],from,CBFB,BM(Bar),to confirm our last epistles rent in
[May 1835],from,CBFB,BM(Bar),[?]
1-2 JU 1835 pmk,to,CBFB,BM(Bar),My sweet Charlotte what kindness
10 June [1835],from,CBFB,BM(Bar),to be finished in odd
30 June [1835],from,CBFB,NYPL(B),I write you this on the kind offer of
8-10 July,from,CBFB,NYPL(B),NOT CBFB & ONY, my sweet Charlotte
13 July,from,CPB,NYPL(B),Ten thousand thanks for your prompt & most
10 July [1835],from,CBFB,BM(Bar),I am interested in occupations finding places for
4 Aug [1835],from,CBFB,NYPL(B),la chere amie que je vois de la date de
31 Aug,from,SHB,NYPL(B),I have really to many quarters much very
21 pmk SE 1835,to,CBFB,BM(Bar),What a happy coincidence there seems my
25 Sept [1835],from,CBFB,BM(Bar),If you are disengaged tonight may we ask for
15 July [1834],to,CBFB,BM(Bar),[?]
[1834],from,Sarah (Burney) Payne,BM(Bar),If you are disengaged tonight[?]
2 Dec [1835],from,CBFB,NYPL(B),[?]
8 Dec,from,CBFB,BM(Bar),There is no time I think to be lost in
[18 Dec],from,SHB,NYPL(B),[?]
8 Oct,from,CBFB,BM(Bar),My dear dearest Letter my own dearest
pmk [Feb 1835],from,CBFB,NYPL(B),[?]
[?],from,Zilcah Elizabeth Lacey,NYPL(B),I must or to thank you for this great pleasure
1 Jan 1836,from,Marie de Maisonneuve,NYPL(B),[?]
13 June,from,CPB,Osb,Give me leave to intrude upon you by asking
2 Mar [1836?],from,CBFB,NYPL(B),[?]
4 MR 1836 pmk,to,CBFB,NYPL(B),[?]
12 MY 1836 pmk,to,CBFB,NYPL(B),O my poor Sister! How little dare I clock of
AP 1832 pmk,to,CBFB,Osb,[?]
1 MY 1836 pmk,to,CBFB,NYPL(B),[?]
14 Oct,to,CBFB,NYPL(B),My first writing to you on this most sending
10 Oct 1835 pmk,to,CBFB,NYPL(B),[?]
[18 Nov 1835?],from,CBFB,BM(Bar),[?]
1 Nov,from,CBFB,NYPL(B),Mrs Edw[ard] Morton
8 Nov,to,CBFB,NYPL(B),[?]
10 Nov [1835?],from,Richard Bentley,NYPL(B),If it has for more than lives my wish to include
[pmk 18 Dec],from,SHB,NYPL(B),I am 4old! tick! tick! / tick tick
[1835?],from,CBFB,NYPL(B),[?]
4 Nov,to,Richard Bentley,Harv(H),I am very conscious that the subjection of a
[1835],from,AA,NYPL(B),I got a letter to day at 12. —
[1835],from,CBFB,NYPL(B),being of use notwithstanding his past Erre[?]
25 Mar,from,Marie de Maisonneuve,NYPL(B),d'y ai done Ma bien Mrs dear
3 Mar [1836],from,Princess Sophia,NYPL(B),Great was my joy on opening your dear little
3 Mar [1836],to,CBFB,NYPL(B),Main will it all resolved, Allez & What don't I
4 Mar,to,CBFB,NYPL(B),[?]
3 May,to,CBFB,NYPL(B),I extend intellectually to C-est[?]-in une
[pmk] May pmk 1838,to,CBFB,NYPL(B),My dear Mrs. Augustein has just appointed
1 JY 1837 pmk,to,CBFB,NYPL(B),Mrs Holme & her & I had arranged for
AU 1837,to,CBFB,Osb,How long are you beloved Charlotte, how have
2 Sept,to,CBFB,NYPL(B),[?]
2 Oct pmk 1837,to,CBFB,NYPL(B),Ah my dearest Charlotte, how have been
[25 Oct],to,CBFB,NYPL(B),My dearest sister — I think I shall
10 OC 1837 pmk,to,CBFB & CFBt,NYPL(B),I am also wrote to my dearly
12 DE 1837 pmk,to,CBFB & CFBt,NYPL(B),Why how is this my dearest dearest! Gold &
[Dec 1837],from,CBFB,BM(Bar),[?]
[1837-38],from,Princess Sophia,NYPL(B),[?]
[1837-38],to,CBFB,BM(Bar),Thursday — we had hopes that the post would
[1837-38],to,CBFB,BM(Bar),I have found to write to yr
[1837-38],from,Princess Sophia,NYPL(B),My dearest kind Friend! it is difficult
3 Mr [1837],from,CBFB,BM(Bar),I shall give to find it in order
31 Mar,from,CBFB,NYPL(B),Within his dark ambition
25 May [1837],from,CBFB,NYPL(B),[?]
2 June [1837],from,CBFB,BM(Bar),[?]
8 June [1837],from,CBFB,BM(Bar),My dearest since the school arrived it
11 [or 17] 1837 pmk,to,CBFB,BM(Bar),Oh my dearest Charlotte
15 JL [1837] pmk,to,CBFB,BM(Bar),on my part last! How little dare I clock of
20 JU [1837] pmk,to,CBFB,BM(Bar),also my Charlotte — it is all
[23 July 1837],from,CBFB,BM(Bar),from your kind let my Charlotte first love
15 JL 1837 pmk,to,CBFB,NYPL(B),Oh that I am so next! nor never I shall
12 July [1837],to,CBFB,BM(Bar),With all that how glad you will be my own
14 July,from,CBFB,BM(Bar),Thanks — thanks — my kindest dearest for
1 JY 1837 pmk,to,CBFB,BM(Bar),[?]
17 Feb,to,Charles Foster,Osb,If you know not Forgetter one who would be
12 MY 1836 pmk,to,CBFB,NYPL(B),It is not Mr. Foster — the kind, is to me, long
1 Apr [1836],to,CBFB,NYPL(B),What is all this resolved Ailes? & What don't
1 JU 1838 pmk,to,CBFB,BM(Bar),Dearest to my I had arranged for her York
3 Feb,from,CBFB,BM(Bar),I must claim the Mater to thank you for
2 Aug,to,CBFB,BM(Bar),I am sorry or right for only intending to let our
3 Aug [1838],from,CBFB,NYPL(B),A[?] CBFB beloved Charlotte
[1838?],from,Marie de Maisonneuve,NYPL(B),Ma bien chere toujours plus chere amie
20 [Aug misdated Sept],to,CBFB,NYPL(B),[?]
[post OC 1838],to,CBFB,NYPL(B),Ma chere dearest Charlotte shall have a Letter
[post 12 Sept],to,CBFB,NYPL(B),ONLY my Charlotte — it is all in
23 Oct,from,Marie de Maisonneuve,NYPL(B),Ma bien chere et bienaimee amie je vais
15 Dec,from,C W Hatchett,NYPL(B),Though a perfect stranger I have taken the
4 Dec,from,Harriet,NYPL(B),[?]
10 Nov [1838-39],to,CBFB,NYPL(B),Ah my Charlotte you touch me now! when you
4 JU 1839,to,CBFB,NYPL(B),I'm certainly but warm — warm
21 [FE 1838] pmk,to,SHB,Scot,My dearest Sarah Harriet the affair is at length
3 Apr [1838],to,CBFB,BM(Bar),[?]
11 Apr [1838],to,CBFB,BM(Bar),[?]
[post Jul 1838],to,CBFB,BM(Bar),from which I gather
1 July [1838],to,CBFB,Hyde,is not this precarious weather my dearest
[11 Jul 1838],from,CBFB,BM(Bar),my sweet dear darling for
[post 15 July 1838],from,CBFB,NYPL(B),[?]
10 [Mar 1838],from,CBFB,BM(Bar),also in little else since I saw you —
[Mar 1838],to,CBFB,Osb,you so give I have no written to my dearly
[post 12 Sept],to,CBFB,NYPL(B),[?]
30 Ju 1839 pmk,to,CBFB,NYPL(B),30[?] my dear to Monday week at
19 Aug [1839],from,Sarah (Burney) Payne,NYPL(B),[?]
24 Aug [1839],from,Maria (Burney) Bourdois,NYPL(B),You were kind enough to those not a profit
1 MT 1839 pmk,to,CFBt,NYPL(B),[?]
1 MT 1839 pmk,to,CBFB,Cal(B),I am charmed I can that I must write my
1 Sept [1793],from,M d'A,Vin,tu dois des plus pressantes s'appelle a
[pre 18 Oct 1791],from,M d'A,Vin,[to] Parti Baptiste Citoyen
4 Jan [1792],from,M d'A,NYPL(B),parce votre lettre mon cher d'Arbley
15 Feb 1792,from,Marquis de Lafayette,NYPL(B),Je le ferai donner la l'avenir
[1792],from,M d'A,NYPL(B),[?]
[Jul 1792],from,M d'A,NYPL(B),Ma femme qui Passe La[?]
[1792],from,M d'A,NYPL(B),vous ne devriez[?]
8 Aug,from,M d'A,NYPL(B),[?]
24 Sept,from,M d'A,NYPL(B),des droits & des devoirs a vous
[Jul 1794],from,M d'A,NYPL(B),[?]
[1793-94],from,M d'A,NYPL(B),[?]
3 Sept [1793-96],from,Louis Bonne[?],NYPL(B),ne te puis mon cher d'Arblay quoic[?]
[1793-94],from,Louis, comte de Narbonne-Lara,NYPL(B),tu te vois et toujours aves des exceptions Mon[?]
[1795-1802],from,Marquis de Lally-Tollendal,NYPL(B),Autant qu'un autre, Mon ami,
1 Aug,from,Philippe de Noailles, princesse de,BM(Bar),[?]
8 Aug,from,Marquis de Lally-Tollendal,NYPL(B),je n'aime de vos mon cher d'Arblay.
15 Jan,from,Arnail-Francois, marquis de Jaucourt,PML,[?]
1 Feb,from,M d'A,NYPL(B),[?]
12 Feb,from,Marie-Louise, marquise de Roue-chevelles,NYPL(B),j'ai tellement bien glacee et ensemment[?]
17 Feb,from,Marquis de Lally-Tollendal,NYPL(B),et je vois environ avez tous ce qu'il
[Feb 1794],from,Louis, comte de Narbonne-Lara,NYPL(B),il n'y a pas quiter mon cher d'Arblay
4 Feb,from,Marie-Louise, marquise de Roue-chevelles,NYPL(B),je ne sais pas votre Secret a tous
[Feb 1794],to,SBP (with AL Narbonne-Lara & M d'A),NYPL(B),[?]
1 Mar,from,M d'A,NYPL(B),Adieu done, Mon cher D'Arbli, mon cher
2 Mar copy,from,Charles-Maurice de Talleyrand-Perigord,NYPL(B),Adieu mon cher d'Arblay: je viens papa
24 Sept,from,M d'A,NYPL(B),[?]
5 Dec,from,Jean-Baptiste de Boinville,BM(Bar),il des dont ami, belle cher d'Arblay, ta du
[1793],from,Philippe de Noailles, prince de Poix,NYPL(B),Depuis mille Mon Cher d'Arblay ne je pas
1 [Dec 1793],from,Marquis de Lally-Tollendal,NYPL(B),Mon ami, ton pieds de
[1793-94],from,Louis, comte de Narbonne-Lara,NYPL(B),je te pais mon cher d'Arblay quoic
[1792-94],from,Louis, comte de Narbonne-Lara,NYPL(B),je vous demans a Londres Mon ami
[1792-94],from,Louis, comte de Narbonne-Lara,NYPL(B),[?]
[1792-94],from,Louis, comte de Narbonne-Lara,NYPL(B),votre les gens qui va pour la Martinique ne
[1792-95],from,Marquis de Lally-Tollendal,NYPL(B),[?]
[1792-98],from,Louis, comte de Narbonne-Lara,NYPL(B),point bon Mon ami le capitaine M---
[1792-1802],from,Marquis de Lally-Tollendal,NYPL(B),Mon ami cher d'Arblay, Mon ami nous
50 [1792-1802],from,Marquis de Lally-Tollendal,NYPL(B),[?]
22 AU 1794 pmk,from,Angelique, comtesse de Montrand,NYPL(B),J'ay attendu que je fusse editis panale
[Aug-Sept 1794] draft,to,Denise-Victoire, marquise de Germigny,NYPL(B),[?]
23 Sept,from,Louis, comte de Narbonne-Lara,NYPL(B),j'ai eu des lettres de voix Mon ami
6 Nov,from,Louis, comte de Narbonne-Lara,NYPL(B),j'ai heureusement appris a la fois Mon ami
15 [Nov?] 1794,from,Louis, comte de Narbonne-Lara,PML,Mon ami votre Classe? Mon ami, de ma
18 Dec,from,SBP to JB & PS by FBA,NYPL(B),In a few years, my dear James, Martis
27 Dec,from,Marquis de Lally-Tollendal,NYPL(B),Cool qu'il y ait, mon cher D'arblay
31 Dec,from,Antoine-Marie-Rene Terrier de Monciel,NYPL(B),Je suis bien fache mon cher Durblay davise
[1794],from,William Locke,NYPL(B),Nothing can be more natural than Mme
6 Nov,from,Jean-Baptiste Le Chevalier,NYPL(B),Comment voulez vous, Mon ami, que j'escrive
[1794?],from,Jean-Baptiste Le Chevalier,NYPL(B),[?]
10 Oct copy,from,Louis, comte de Foucault de Lardimalie,NYPL(B),l'embras de Verdhe Mr, j'appris
[1792],from,Louis, comte de Narbonne-Lara,NYPL(B),j'emenne vite que je pais mon cher d'Arblay
17 OC 1795 pmk,from,Angelique, comtesse de Montrand,NYPL(B),je n'etois point parlest des votre moment
14 Dec,from,Charles Sicard,NYPL(B),vous ne remettre bien Sincerement Mon cher
[1795-1802],from,Marie-Charlotte (Bontemps), marquise de Jaucourt,NYPL(B),cela, il faut renoncer a tous ces projets
[1795-1802],from,Marie-Charlotte (Bontemps), marquise de Jaucourt,NYPL(B),Ah que je voudrais consuler et ranimer votre
[pre 12 Apr],from,Louis, comte de Narbonne-Lara,NYPL(B),il ne m'a ete par possible
22 July,from,William Clarke,Comyn,I received your obliging Letter of the 19th
5 Sept,from,Angelique, comtesse de Montrand,NYPL(B),[?]
29 Nov,from,Angelique, comtesse de Montrand,NYPL(B),j'avais dites raison Monsieur d'etre ce
12 Dec,from,Angelique, comtesse de Montrand,NYPL(B),Je voulais vous ecrire Monsieur
[1796?],from,Etiennette, princesse d'Henin,NYPL(B),[?]
18-19 [Apr 1796],from,Angelique, comtesse de Montrand,NYPL(B),[?]
27 MA 1796 pmk,from,Angelique, comtesse de Montrand,NYPL(B),Toute maniere ma riche c'est a dit cette de
30 Jan [1797],from,Etiennette, princesse d'Henin,NYPL(B),Vous autre bon monsieur que vous n'avez
5 Feb,from,Marquis de Lally-Tollendal,NYPL(B),Comment (sic), monsieur vous avec la bonte de
[Feb 1797],from,Angelique, comtesse de Montrand,NYPL(B),[?]
pmk 1797,from,Angelique, comtesse de Montrand,NYPL(B),[?]
[Jul 1797],from,Angelique, comtesse de Montrand,NYPL(B),je les lui en ce dit encore
[Jul 1797],from,Angelique, comtesse de Montrand,NYPL(B),[?]
4 Aug,from,Angelique, comtesse de Montrand,NYPL(B),[?]
18 [Aug 1797],from,Angelique, comtesse de Montrand,NYPL(B),[?]
1 May,from,M d'A,NYPL(B),[?]
10 May,from,M d'A,NYPL(B),je cours jean Mon cher Durblay que
25 [1797],from,Angelique, comtesse de Montrand,NYPL(B),Mon ami, Monsieur, je ne doutais pas
[1797?],from,Angelique, comtesse de Montrand,NYPL(B),je les un ci est encore autre
3 Aug 1798,from,Angelique, comtesse de Montrand,NYPL(B),je les Monsieur je ne recepis point de vos Je
15 [c Jan post 1798],from,Marie de Maisonneuve,NYPL(B),Mon Dieu d'Arblay il aes bien besoin
1 Feb,from,Louis, comte de Narbonne-Lara,NYPL(B),[?]
[Feb-Mar?] copy,from,Pierre Victor Malouet,NYPL(B),Nous pouvons nous considerer
25 [1797],from,Angelique, comtesse de Montrand,NYPL(B),Non, Monsieur, je ne seray pas partile Landly
8 Aug-1 Sept,from,Jean-Baptiste-Gabriel Bazille,NYPL(B),il est donc vray Mon cher Alexandre que ta
12 Aug,from,M d'A,NYPL(B),je suis extremement touche Monsieur
16 Nov-17 Dec,from,M d'A,NYPL(B),[?]
Nov? [1797],from,Marquis de Lafayette,NYPL(B),j'avais d'avance que votre interest nous
[post 16 Dec 1797],to,SBP,NYPL(B),Quelle lettre que la votre ma chere
[1797?],from,Angelique, comtesse de Montrand,NYPL(B),je prens une petite bataille a leur plus meme
[post 1797],from,Claire (de Kersaint), duchesse de Duras,PML,Je vous remercie mille fois Monsieur de la
25 Nov draft,to,William Laine,NYPL(B),je la voulois vous parle impatientia
[5 Jan post 1798?],from,Marquis de Lafayette,NYPL(B),j'ai tres mon cher d'Arblay
20 Mar pmk [1799],from,M d'A,NYPL(B),[?]
29 Feb,from,M d'A,NYPL(B),je ne pres Monsieur vous accueiller
23 Aug,from,Marquis de Lally-Tollendal,NYPL(B),J'ai recu bien mon cher d'arblay votre lettre
[1793],from,Frederic Seraphin, marquis du Fre[?],PML,La point autoit, Mon vous en
9 JY pmk [1800],from,Marquis de Lafayette,PML,je le vous avec Ia Lettre yet le vous Ecrite
9 Dec,from,M d'A,NYPL(B),[?]
15 Sept,from,Louis-Alexandre Berthier,NYPL(B),[?]
[2-8 Oct 1801] copy,from,M d'A,NYPL(B),2 y a 30 mai que la nouvelle
20 Dec [1801],from,M d'A,NYPL(B),je suis en voix este mon cher d'arblay.
[1801?] draft,from,Louis-Alexandre Berthier,NYPL(B),Tres millions de notre justine
1 Jan,from,M d'A,PML,Bon ne rappel qui a l'instant,
3 Jan,from,M d'A,NYPL(B),Mon acquisiti bien en
14 June [post 1822?],from,William Locke,NYPL(B),I est tell you Omissions My dr d'Arblay
17 Jan 1802,from,Marquis de Lafayette,PML,J'espere la plaisir de Vous voir ici mon cher
1 Mar,from,M d'A,NYPL(B),[?]
1 Mar copy,from,M d'A,NYPL(B),[?]
[1801] copy,from,Charles Maurice de Talleyrand-Perigord,NYPL(B),[?]
[1801] copy,from,M d'A,NYPL(B),je suis gar a l'express
14 June [post 1822],from,Sir William Burrell,NYPL(B),I est by post mon cher ami to Messrs
15b,from,William Locke,NYPL(B),I est tell your Omission My dr d'Arblay
3 Mar,from,M d'A,NYPL(B),[?]
[1802] copy,from,Napoleon Bonaparte,NYPL(B),[?]
27 Jan,from,M d'A,PML,Je vous patriote Citoyen que d'avoir
10 Feb copy,from,Louis-Alexandre Berthier,NYPL(B),Le Citoyen Cas qui avait bien voulu
[1803] draft,to,Gabriel, comte d'Hedouville,NYPL(B),J'espere, mon cher General, quelle est
[1803],from,M d'A,NYPL(B),[?]
1803-13,from,Barbee Neuville,NYPL(B),Tachons, mon Cher Bon Monsieur d'arblay,
11 Dec,from,William Locke,NYPL(B),I did last Monday answer you kind letter
[1803],from,Marie Charlotte (Bontemps), marquise de Jaucourt,NYPL(B),Nous nous esperons le plus grand plaisir
[1802],from,Marquis de Lafayette,NYPL(B),Jusque le < > a voulu <Cenver> un
9 [post 1802],from,Marquis de Lafayette,NYPL(B),[?]
1 Dec post 1802,from,Marquis de Lafayette,NYPL(B),Vous savez surement, mon cher d'arblay, que
[1802-05],from,Adrienne (de Noailles), comtesse de Tesse,NYPL(B),Mre de Tesse ne conceroit pas que Monsieur
[1802-06],from,M d'A,PML,Vite un mot, mon cher James, pour vous dire
[1802-14],from,M d'A,NYPL(B),La complaisance que vous avec de
22 May,from,William Locke,NYPL(B),I have no courage My dr d'Arblay to enter
27 Dec,from,[Gillon] Ragon,Vin,Nous serons mon cher ami, J'accepte
[Oct 1804?],to,AA,NYPL(B),[?]
[Oct 1804?],to,AA,NYPL(B),A les pas voulu l'enseller mon cher petit lon
7 Nov,from,Mathieu, comte Dumas,NYPL(B),Voila mon cher d'Arblay, Exposition, que
[c 1804-05],from,Catherine (de Boulogne), vicomtesse de Laval,NYPL(B),maitres et germins — a desire que vous
7 Apr [1805],from,M d'A,NYPL(B),[?]
13 Apr,from,M d'A,NYPL(B),C'est et dans tes anciennes galeries
19 May,from,M d'A,NYPL(B),Dieu que j'ai entonne pouvoir voir des
May,from,Gilles Ragon,NYPL(B),et je vous Grand plaisir Monsieur
24 Oct [1805?],from,Marquis de Lafayette,NYPL(B),recevez, mon cher d'arblay, ma lettre de
[1806?],from,Marquis de Lally-Tollendal,BM(Bar),Mon cher ami je serais le beaucore & si fer de
[10 Mar 1805] draft,to,Marquis de Lafayette,NYPL(B),votre mon, mon cher de Montmorency,
16 Mar,from,M d'A,NYPL(B),C'est et dans les anciennes galeries
14 Mar [1805],from,Mathieu, duc de Montmorency,NYPL(B),Mon ami Mon cher de Montmorency
15 May,from,Mme Bion,NYPL(B),L'Abbe de votre voyage me dresse l'espoir
22 June [1813],from,Adrienne (de Noailles), contesse,NYPL(B),en corps d'escadre traverser toutes leurs Etivet
11 Oct,from,baron d'Artel,NYPL(B),[?]
9 Mar,from,Marquis de Lally-Tollendal,PML,Cher bon ami je suis si peu amour de moi, la
[Nov-Dec 1815],from,Arnail-Francois, marquis de Jaucourt,NYPL(B),J'envoyerai l'anvor de vos memoires mon cher
3 Mar [1804],from,Marquis de Lafayette,NYPL(B),voila mon cher d'arblay, la reconnaissance
12 Sept,from,Victor de Latour Maubourg,NYPL(B),[?]
21 Sept [1804],from,Cesar, comte de Latour-Maubourg,NYPL(B),On qu'est-ce ne repond pas aux Sollicitation
19 Nov,from,Francois, duc de Liancourt,NYPL(B),Vous avez bien notes mon cher dorblay
3 Aug,from,Cesar, comte de Latour-Maubourg,PML,de la teaching a un Graphe comment
17 Dec,from,Jean-Jacques-Basillen, comte de Gaiscoff,NYPL(B),C'est au contraire moi qui el importune
1 Apr [1805],from,Marquis de Lafayette,NYPL(B),[?]
[1806-09] copy,from,Louis, comte de Narbonne-Lara,NYPL(B),vous servir Mon ami
[1808],from,Jean-Pierre, comte de Montalivet,NYPL(B),[?]
11 June [1808?],from,M d'A,NYPL(B),il ne m'a point pour la france-comte
1 [de 1810?],from,Denise-Victoire, marquise de Germigny,NYPL(B),en a vous — se est
[1810-11],from,Louis, comte de Narbonne-Lara,NYPL(B),je estis bien fache, Mon ami
[1810-11],from,Louis, comte de Narbonne-Lara,NYPL(B),je ne peux pas voix code, Mon ami
[1810-15],from,Louis, comte de Narbonne-Lara,NYPL(B),[?]
[1815-15],from,[Louise-Josephine de Montesquiou] comtesse de Fezensac,NYPL(B),ce n'est un vierte pas me faites & je n'ai pas eu
8 June [1811],from,M d'A,NYPL(B),[?]
21 Oct [1811],from,Anne (de Beauveau), princesse de Mal[?],BM(Bar),Mon d'Arblay a recu tous les honneurs de
[1811?] draft,from,Jean-Pierre, comte de Montalivet,NYPL(B),[?]
[1811],from,Louis, comte de Narbonne-Lara,NYPL(B),je suis pas votre bien en Revenue d'Archry
[pre Oct 1811],from,M d'A,NYPL(B),[?]
[June 1812],from,M d'A,NYPL(B),[?]
10 Oct,from,Marquis de Lally-Tollendal,NYPL(B),Cher bon ami je puis dire Ch-- quoiqu'il
[1812?],from,Denise-Victoire, marquise de Negreyra[?],NYPL(B),j'ai ete touche jusque'aux larmes
18 Sept,from,Jean-Pierre-Basillen, comte de Gaiscoff,NYPL(B),[?]
28 Jan,from,L M Barral, eveque de Troyes,NYPL(B),et qu'on puissiez aller chez Dudieul [sic]
23 Feb [1813?],from,Denise-Victoire, marquise de Germigny,NYPL(B),en premiere chose de M. de Germond
8 Mar [1813?],from,M d'A,Germigny,Monsieur que est pas un poumons
[c Mar 1813],from,M d'A,NYPL(B),[?]
20 May,from,Mme Bion,NYPL(B),L'Abbe de votre voyages me dresse l'espoir
1 [Jan 1813?],from,Marquis de Lafayette,NYPL(B),j'appris avec grand plaisir mon cher d'arblai
[1813-15],from,Catherine (de Boulogne), vicomtesse de Laval,NYPL(B),fait connois a un
5 June,from,Marquis de Lafayette,NYPL(B),[?]
1 Jun [1814],from,Marquis de Lally-Tollendal,NYPL(B),[?]
[9 June 1814],from,Marquis de Lafayette,NYPL(B),Voila, mon cher d'arblay, mon attestation, si
28 June [1814],from,[Cesar, comte de] Choiseul-Praslin,NYPL(B),Je remeque, Monsieur de vous pouvoir
29 June,from,Duc de Luxembourg,NYPL(B),[?]
11 July,from,de Gault de Malaville,NYPL(B),Quelque soit lieu que j'ai voudra moitres
19 July,from,Duc de Luxembourg,NYPL(B),Monsieur le Chevalier, j'ai l'honneur de vous
[July-Aug 1814],from,Duc de Montesquiou-Fezensac,NYPL(B),j'apprends avec plaisir Monsieur que S.
8 Aug,from,Duc de Luxembourg,NYPL(B),J'ai mille Graces a vous rendre Monsieur le
8 Aug draft?,to,Duc de Luxembourg,NYPL(B),Mr le duc de Luxembourg, aimable et bon
[1814],from,Duc de Luxembourg,NYPL(B),je Montre excellente et ce peut etre
[1814-15],from,Laurent, marquis de Gouvion-Saint-Cyr,NYPL(B),[?]
[1814?],from,Duc de Luxembourg,NYPL(B),D'apris toutes les Reflections
[1814-15],from,Marie-Tereze (Poniatowski), comtesse de Tyckiewicz,NYPL(B),M. de Tyckiewiez et du cholin de ses au
[1814-18],to,AA,BM(Bar),le Tyrans et laique les Francois
[71-22 Jan],from,Laurent, marquis de Gouvion-Saint-Cyr,NYPL(B),[?]
27 Mar [1815],from,M d'A,NYPL(B),[?]
3 Aug,from,Elisabeth-Charlotte, marquise d'Aumby,NYPL(B),et je suis mes condolences, a votre servece
5 Aug [1815],from,Etiennette, princesse d'Henin,BM(Bar),je vous jamais mon cher ami mon fais
20 Aug,from,M d'A,NYPL(B),Or me flatte, mon commandant, que
20 Aug,from,[Duc de Feltre?],NYPL(B),Officier superieur des Gardes du Corps, et
31 Aug copy,from,Laurent, marquis de Gouvion-Saint-Cyr,NYPL(B),General, la mission que Sa Majeste a bien voulu
[Aug 1815],from,Duc de Luxembourg,NYPL(B),Mort Durand de Premorel, chef d'une famille
[Aug 1815],from,Marie de Maisonneuve,NYPL(B),apres avoir prit la part la plus sensible a
1 Sept,from,Duc de Luxembourg,NYPL(B),j'ai recu mon cher d'Arblay, votre lettre
3 Sept,to,M d'A,NYPL(B),[?]
9 Sept,to,Richard, comte d'Arcs,NYPL(B),j'ai l'honneur de rendle a Votre Excellence
3 [Sept-Oct 1815],from,M d'A,NYPL(B),[?]
1 Sept,from,Durand de Perincz a Madame,NYPL(B),[?]
[1815-16],from,M d'A,NYPL(B),Partent a deux heures du matin il a l'honneur
[Oct 1815?],from,Louise-Josephine, comtesse de Montesquiou Fezensac,NYPL(B),je vais manquer a l'instant
[1815],from,[Kiatansky?],Vin,Partent a deux heures du matin
[1815-1816],from,M d'A,Vin,Vous avez eu la bonte de ma promettre, il y a
29 Nov,from,Adrienne (de Chavagnac), vicomtesse de Labbe,BM(Bar),je compte assur sur l'amabilite de Monsieur
[1816],from,M d'A,NYPL(B),[?]
[1816],from,Catherine (de Boulogne), vicomtesse de Laval,NYPL(B),[?]
[1816],from,Marie de Maisonneuve,NYPL(B),mon repos et ma justique jusqu'au Soir
[1816],from,Felicite, comtesse de Choisuil,NYPL(B),Soup j'enfreindre ce matin pour me position
[1816],from,Marquis de Lafayette,Vin,< > mon cher
[1816?],to,AA,NYPL(B),Je renonce pour ma part ici mon cher
20 Jan pmk 1817,from,Lady Lucy (Fitzgerald) Foley,NYPL(B),tous le main tout les jours je me demande la
6 June translation,to,AA [postscript only],BM(Bar),I ought now be writing to our affairs in Paris
15 Aug,from,Victor de Latour Maubourg,NYPL(B),Mon cher Durblay nous te croyons pour
8 Sept,from,Marc-Etienne, prince de Beauveau,NYPL(B),Voici le moment mon Cher ami on vous desirez
[Sept 1817] draft,to,Catherine (de Boulogne), vicomtesse de Laval,NYPL(B),Bien, sans doute, de plus etrange
[Sept 1817] draft,to,Duc de Luxembourg,NYPL(B),a mon depart de Gand pour
28 Oct,from,?,NYPL(B),Monsieur Tarnier, a qui vous avez ecrit a
24 Dec,from,Henry Hoare,BM(Bar),nous sommes toujours, avec une vrai
12 Jan,from,Victor de Latour Maubourg,NYPL(B),j'ai recu la lettre du 8 Xbre
15 Mar,from,Victor de Latour Maubourg,NYPL(B),Mon cher d'Arblay j'avois prie mon parent
[1817],from,Etiennette, princesse d'Henin to [M d'A],NYPL(B),Vous ne me dites pas, cher ami, si cette lettre
28 Jan,from,Transcript copy,NPG,[?]
[2 Nov 1803?],from,Precourt Bazille,NYPL(B),Mon bon cousin que votre amitie
[Oct 1804?],to,M d'A,NYPL(B),je vais l'ecrire une bien longue lettre
[pre 20 July 1812],to,M d'A (with ALS M d'A to CB Jr 20 July 1812),Comyn,We cannot wait any longer for the letter for it
7 July,to,M d'A,NYPL(B),I sat here with Mamma reading for
13 July,to,M d'A,NYPL(B),Miss Planta part demain (Jeudi)
[15-17] Oct,to,M d'A,NYPL(B),Cher cher adorable pere!
[1814-18],to,M d'A,BM(Bar),Si j'ai differe jusqu'a present
1 July [1815],from,Frederica Locke,BM(Bar),My dear Alex if you have not already rec'd
15 Sept [1815],from,Sophia Burney,NYPL(B),Pourquoi n'avez vous pas repondu a la lettre
20 Oct,from,GMAPWaddington,BM(Bar),How have you rejoiced my heart by writing
[1816-18],from,[Hugh James] Rose,Osb,I have only been prevented by an ocean of
7 Mar,to,M d'A,NYPL(B),Malgie que j'aie deja ecrit a Maman
13 May,to,M d'A,NYPL(B),Quand passerons nous donc ce jour-ci
1 Nov,to,M d'A,NYPL(B),[?]
30 Dec,to,M d'A,NYPL(B),les prochains, ou comme l'on dit a jager
19 May,from,Marie-Alexandre Lenoir,NYPL(B),[?]
30 MY 1818 pmk,to,Frederica Locke & Amelia (Locke),BM(Bar),Il have not written sooner in answer to your
22 May [1818],from,Catherine (de Boulogne), vicomtesse,NYPL(B),je vais dejas en aller monsieur de sante et
30 May,from,Marquis de Lafayette,NPG,Je la voudre instilade Lecture a Victor
30 May [1818?],from,M d'A,NYPL(B),je suis charger Memoire de la Part de
31 May,from,Victor de Latour Maubourg,NYPL(B),Mon cher alexandre j'ai dit pour vous
27 Apr,from,George Hay,BM(Bar),Je at you our revolved numbers orders
1 June,from,John Bowman,NYPL(B),I have had the honour of receiving your letters
1 June,from,George Hay,BM(Bar),I have just been to say I received your letter
30 July [1819],from,Etiennette, princesse d'Henin,NYPL(B),j'espere mon cher alexandre que vous si'avez
1 June,from,Nathalie (de Montesant?),NYPL(B),je ne pais vous exprimer Monsieur combien
5 June,from,Florentin de Latour Maubourg,NYPL(B),J'etois a la Campagne, Mon cher Alexandre
[16] Sept,to,George Hay (on verso of NYPL(B)),NYPL(B),[?]
19 Sept,from,William Tudor,NYPL(B),I have to acknowledge the receipt of your
[post 1818],to,George Hay,BM(Bar),We shall be very much obliged to you if you
26 Aug,from,Victor de Latour Maubourg,NYPL(B),L'Ambassadeur de France & Mme le Mtre de
6 Dec pmk 1819,from,M d'A,BM(Bar),Madame de Beaurepaire has just called
[post 1819],from,Henry Raper,NYPL(B),A Fallacy / Callada of Differences of
19 May,from,Thomas King,NYPL(B),I have the satisfaction of informing you the
[?],from,Thomas King,NYPL(B),[?]
[?],from,Charles Babbage,NYPL(B),[?]
[1821-24],from,Sir John Herschel,PML,Understanding you were to return from
[?],from,Sarah (Burney) Payne,NYPL(B),[?]
[1822?],from,Marquis de Lally-Tollendal,NYPL(B),Mon cher Alexandre vous serier bien aimable
15 H 1829 pmk,to,Charles Babbage,NYPL(B),[?]
18 June,to,Charles Babbage,BM,Believing as I do that the return of Mr
16 Sept draft,to,Robert Allen Burney,NYPL(B),He's that's
18 Jan,from,M d'A,BM(Bar),I can you very sincerely for your kind note
20 Jan,to,MF,NYPL(B),This may truly be called your Paules
3 May,to,Foundling Hospital,NYPL(B),[?]
19 July,from,Charles Babbage,NYPL(B),Will you have the kindness < > the
[c 1832],to,Clarissa Marion ( ) Bolton,NYPL(B),its consequences — if he exchange an iron
[1832],from,Clarissa Marion ( ) Bolton,NYPL(B),The General's return to Leamington induces
13 Mar,from,Robert Southey,PML,I am very much obliged to you for the Memoirs
13 May,from,John Graham,NYPL(B),I have this day desired Mess < > to
17 Aug,from,John Meyer & Sons,NYPL(B),We respectfully beg to inform you that in
21 SP 1835 pmk,from,Clarissa Marion ( ) Bolton,NYPL(B),My friend how did you get to town — more
3 Feb,from,C T P Metcalf,NYPL(B),With reference to your letter of the 22nd April
12 Oct [1836],from,George Owen Cambridge,NYPL(B),If you are now in London I shall be obliged
20 July,to,Charles Babbage,BM,I don't know the exact French word for
[post 21 Sept 1835] 1st draft,to,Clarissa Marion ( ) Bolton,NYPL(B),Seven long days have I passed in painful
[post 21 Sept 1835] 2nd draft,to,Clarissa Marion ( ) Bolton,NYPL(B),Is your health improving and is your mind
13 [Dec 1830],from,Edward A Chaplin,BM(Bar),Mr. & Mrs. Edward A Chaplin request the
[1801-02],to,M d'A,BM(Bar),Papa, I hope Uncle Barile is well
<15> [1802],to,M d'A,NYPL(B),dear Papa Cousin Martin has one day given me
[1767-71],to,FB,Osb,I hope you are well and all friends in and out
13 Dec,to,FB,Osb,I Am very much surprised at never Hearing
11 Oct,to,FB,Osb,I was very much pleased at your kind answer.
3 May,to,FB,Osb,Whilst you are flirting abt. town, / In Linnen
12 June,to,FB,Osb,I came here, My dear Sister, on Monday last,
[1778-79],to,[FB],Osb,I have read Evelina, & like it vastly much — I
[1778-81],from,Gilbert Gerard,Osb,Spare your reproaches my dear Burney for
18 Mar [1779],from,SEB,Osb,of talking or being silent according to the
31 Mar <1779>,from,Robert Burnside,Osb,You may think it very well that I do not date
2 Jan [1789],to,CB,NYPL(B),I thank you Dear Sir a very good while not
[Jan 1789],to,Rosette [Hester] Burney,NYPL(B),my dearest Fanny's eplutatory sheet affected
20 Jan,to,SBP,NYPL(B),I have been long begging my dear Rosette to
28 Jan,to,SBP & Frederica Locke,NYPL(B),We go on here so much the same at present
[25-31] Jan,to,SBP,NYPL(B),the excellent Dr. Willis gives me a most
30 Jan [1789],to,SBP,NYPL(B),How great is your kindness Dearest sis — &
[1789],from,James (Campbell) Smith,NYPL(B),What a Lord what Language can I use My
1-8 Feb,to,SBP,NYPL(B),Sunday Feby 1st. The good King thank
3 Feb,to,GMAFWaddington,NYPL(B),Heaven send you happy my Dear Marianne!
10-17 Feb,to,SBP,NYPL(B),Tuesday 10th. The amendment of the King is
13 FE 1789,to,SBP,NYPL(B),We are now in the sweetest of prospects
13 Feb [1789],to,SBP,NYPL(B),It would be very difficult to my love delighted
14 Feb,to,SBP,NYPL(B),The joint Letters are just arrived — & mine
[16 Feb 1789],from,SBP,NYPL(B),It will be impossible to tell my Fanny how
18-[28] Feb,to,SBP,NYPL(B),Wednesday March 18th To-Day — me delightedly
18 Feb,from,Elizabeth Lady Templetown,NYPL(B),When I address a few lines under the direction
[14 Feb 1789],to,CB,NYPL(B),I suppose you will hardly thank me for good
1-15 Mar,to,SBP,NYPL(B),What a pleasure was mine this morning! how
1-20 Mar copy,to,SBP,NYPL(B),Yes my beloved Friend all indeed is now safe
2 Mar,to,CB,PML,Many thanks my dear Brother for your kind
6 Mar [1789],to,SBP,NYPL(B),We are but newly arrived from Town
15 Mar,to,SBP,NYPL(B),I have heard not without deep concern of the
16 Mar,to,CB,NYPL(B),I could no way procure Time for writing
16-17 Mar,to,SBP,NYPL(B),Mr Garland called just before he went out in
[1 Mar],to,GMAFWaddington,NYPL(B),I thought with greatly added satisfaction
[17 Mar 1789],to,GMAFWaddington,NYPL(B),How tranquilizing a letter my sweet Friend
18-19 Mar,to,SBP,NYPL(B),Wednesday March 18th To-Day — me delightedly
20 Mar,to,SBP,NYPL(B),Sweetie Sweetie is my Susanna! how dear —
[31] Mar,to,SBP,NYPL(B),the SBP of this month I shall not give by
24 Mar,from,Mary (Hamilton) Dickenson,NYPL(B),Hamilton S[?]. Note my dear instead of a
[Mar],from,SBP,NYPL(B),how my beloved Fanny's letter to
8 Apr,to,GMAFWaddington,NYPL(B),my Letter my sweet Marianne has
[Apr 1789] copy,to,Frederica Locke & William Locke,NYPL(B),her Majesty's companion to conjure
1 May,to,GMAFWaddington,NYPL(B),With my new Surroundings I feel myself with
[7 May] [1789],from,SBP,NYPL(B),I am quite loaded my Fanny by for this
[May]-19 Oct,to,SBP,BM(Bar),Age birthday / My good dear Augusta
[4 May 1789],to,SBP,NYPL(B),I have never forgotten my Fanny's wish to
21 May,to,Mary (Hamilton) Dickenson,Taylor,I could not have — so much — perhaps I
[pre 28 May 1789?],from,Bernardo marquis del Campo,Ohb,[?]
6 June-19 July [1789],from,SBP,BM(Bar),Our Fanny promises us a new treat
21 June [1789],to,SBP,NYPL(B),My kind Fanny regretted that she could not
26 June,to,CB,NYPL(B),nothing scored blacker than I have seemed
2 July,to,SBP,NYPL(B),With most unusual delight my my beloved
12 July [1789],from,SBP & Frederica Locke,NYPL(B),What a sweet treat was my beloved Fanny's
13 July,to,CB,NYPL(B),My Dearest Padre's kind Letter was most truly
13 July,to,GMAFWaddington,NYPL(B),Repleted was I with great joy at sight once
16 July,from,Sarah (Kirby) Trimmer,NYPL(B),Though you were so kind as to encourage me
19 July,to,CB,NYPL(B),Your kind Letter & its accompaniment most
2 Sept 1789-Jan 1790,to,SBP & Frederica Locke,NYPL(B),NB. He wanted am I now of copy entirely
27 Oct,to,SBP,NYPL(B),We are have amazingly well though every
9 Sept,to,EBB,NYPL(B),I promised my Mother I know of
20 Sept copy,to,Frederica Locke,BM(Bar),I am indeed very much pleased that my Frede[rica]
22 Sept,from,SBP,NYPL(B),We returned to Windsor on Friday to dinner
26 Sept [1789],from,SBP,NYPL(B),What a delightful letter is my Fanny's of
[Sept 1789],to,SBP,NYPL(B),Waiting for an always promising but never
Sept,from,SBP,BM(Bar),I am never so much out of humour
3 pmk Oct [1789],from,SBP,NYPL(B),It seems to me an age since I have written a
4 Oct [1789],to,Rosette (Rose) Burney,NYPL(B),At length I think I may appoint a month
5 Oct-25 Nov,to,SBP,BM(Bar),Mrs anxious my beloved Fanny have been
7 pmk Oct,to,SBP,NYPL(B),written with the most frank openness
25 Aug,to,SBP,BM(Bar),Another week has elapsed my dearest Fanny
13-20 Oct,to,SBP,NYPL(B),I have this morning
21 Oct-29 Dec,from,Frederica Locke,NYPL(B),I am just returned from a little walking
28 OC 1789 pmk,to,Rosette (Rose) Burney,NYPL(B),Do you yet my dear Rosette know or
[July-3 Oct],from,SBP,BM(Bar),Now a fortnight has elapsed
20 Jun,to,SBP,NYPL(B),My dear & Frances Phillips
28 July,from,[Campbell] Smith,Comyn,[?]
[July-Aug],from,SBP,NYPL(B),I shall be at Brighton tomorrow & shall
2 July,from,[Gregory] Allenv,NYPL(B),[?]
13-18 Jan,from,SBP,NYPL(B),[?]
17-22 Jan,from,SBP,NYPL(B),[?]
Jan,from,SBP,Ohb,[?]
10 Jan,to,Charlotte (Gregory) Allenv,NYPL(B),[?]
25-27 Jan,from,SBP,NYPL(B),What an unexpected delight was to receive
29 Jan-15 Feb,to,SBP,NYPL(B),My remembrances for the last week
30 Jan [1790],from,SBP,NYPL(B),[?]
[Feb 1790],from,SBP,NYPL(B),What a disheartening before my Fanny was
4-6 Jan,to,SBP,NYPL(B),I shall take the liberty to give this month to
[pre Mar 1790],to,Benjamin Waddington,NYPL(B),What is a noble is to see in all accounts no less
7-8 Mar,from,SBP,NYPL(B),This time I hope to embrace my beloved
3 Mar-24 May,from,SBP,NYPL(B),At length a moment I may call my own
9 Mar,to,GMAFWaddington,NYPL(B),I have been very much touched my sweet Fund
8 Apr pmk 1790,from,SBP,NYPL(B),I must immediately Farewell a
5-14 Apr,to,SBP,BM(Bar),[?]
11 Apr,to,SBP,NYPL(B),My sweet Fanny received a letter from me I
15 Apr,from,SBP,NYPL(B),[?]
18 Apr,to,SBP,NYPL(B),I fully purported to have had the honour of
[Apr 1790],from,SBP,NYPL(B),Our dearest Mrs. Lock tempts me to write
1 May [1790],to,SBP,NYPL(B),[?]
[May 1790],from,SBP,NYPL(B),I cannot rest without giving my Fanny three
11 June,to,SBP,NYPL(B),I love my dear Rosette you will be sorry at
[24 June 1790],from,Jacob Bryant,BM(Bar),When I had the pleasure of seeing you
[pre 28 June 1790],from,Jacob Bryant,BM(Bar),[?]
20 pmk June,to,SBP,NYPL(B),[?]
20 June,to,SBP & Frederica Locke,NYPL(B),My sweet passed with the truly afflicting
June,from,Hester (Mulso) Chapone,NYPL(B),The 1 was most mortified at the
9 JY 1790 pmk,to,CB,NYPL(B),I am so impatient to hear from you again that
14 July-7 Aug,from,SBP,NYPL(B),I see you my Fanny
15-25 July,to,SBP,NYPL(B),Had the Cahiers reached us whilst the contents
17 JY 1790 pmk,to,SBP,NYPL(B),My dearest Carlos I was quite uneasy at your
25 July,to,SBP,NYPL(B),If you come on Wednesday a little after
29 July [1790],from,SBP & Elizabeth Lady Templetown,NYPL(B),Two opportunities have vainly
12 JU pmk [1790],to,SBP,NYPL(B),I cannot rest without giving my Fanny three
1 May [1790],from,SBP,Comyn,I cannot to my beloved Fanny's long
1 May,from,Jacob Bryant,NYPL(B),my last and acknowledgments for the
11 May [1790],to,SBP,NYPL(B),[?]
[May 1790],to,GMAFWaddington,NYPL(B),[?]
[1790],from,SBP,NYPL(B),[?]
8 June,to,Jenny Bentham,KL,[?]
9 June,to,SBP & Frederica Locke,Ohb,[?]
[June],from,Jacob Bryant,NYPL(B),Ah home very well my dear Carlos though
11 June,to,GMAFWaddington,NYPL(B),I was indeed to write again so soon my
1790 continued,to,SBP,NYPL(B),We still longer in the lurch the late
[1790],from,SBP,NYPL(B),I wonder not that my Fanny is grieved
[1790],from,William Seward,NYPL(B),I took the Liberty to make use of your
[1790-94],to,SBP,NYPL(B),I judge it of importance sufficient to stop the
[1790],from,Elizabeth (Robinson) Montagu,BM(Bar),Dites moi plus aimable que je ne la mute
1-30 Jan,to,SBP,NYPL(B),I have got on of all regularity in the Journal
[Feb 1791],from,SBP,NYPL(B),With what sorrow did I lose sight of you on
[Feb 1791],to,SBP,NYPL(B),But book what you will — dat call first that
4-6 Jan,to,SBP & Frederica Locke,NYPL(B),[?] — as may it prove prosperous for
6 Mar,to,SBP,NYPL(B),I am no longer remain without seeing how
8-11 Mar,to,SBP,NYPL(B),How surprised I am to find quarterly more time for
[Jan-30 Jan],to,SBP,NYPL(B),I have put hand go to town on Friday
21 Feb-24 Mar,to,SBP,NYPL(B),As I do not how long arrears I shall boldly
13 Feb [1791],from,Maria (Allen) Rishton,NYPL(B),I was very sincerely grieved to find
15 Mar [1791],from,SBP,NYPL(B),I had not half thanked you my Fanny for the
17 Mar,to,SBP,NYPL(B),Your desire if to day touched my heart & I
16-[21 Mar 1791],from,SBP,NYPL(B),It is vain to tell you my Fanny how much I after
[pre 20 Apr 1790],from,M d'A,NYPL(B),J'ai lu ce que vous avez ecrit — Je vous
[post 8 May 1793],from,M d'A,NYPL(B),[?]
11 May 1793,to,SBP,NYPL(B),What our dear friend is no more angry against
11-12 May 1793,to,SBP,NYPL(B),[?]
11 May,to,SBP,NYPL(B),I am in quite a fool hurry the last time my
[pre Mar-17 May],from,SBP,NYPL(B),I have my best wished concluded my beloved
2 May,to,SBP,NYPL(B),Let me then but not well my beloved
4 Apr [1781],to,SBP,NYPL(B),my dearest Fanny — Where is this
12 Apr,from,Jacob Bryant,BM(Bar),I had always concerned & I
[11 Apr 1791],from,Mary (Palmer) O'Brien Marchioness of Thomond,NYPL(B),[?]
[post 14 Apr 1791],from,Mary (Palmer) O'Brien Marchioness of Thomond,NYPL(B),The blanket is orphaned [sic] my dear Miss
[Apr],from,Maria (Allen) Rishton,BM(Bar),her letter must have been written by
[May],to,SBP,NYPL(B),I have put with astonishment recollected how
3 May,from,Jacob Bryant,NYPL(B),[?]
[7 Mar],to,Eva Maria [Veigel] Garrick,Ohb,[?]
[post 17 May 1791],from,Anne (Leigh) Frodsham,NYPL(B),[?]
30 May,from,SBP,NYPL(B),My altering is all this period preceding the
5 June [1791],from,SBP,NYPL(B),Your letter was exquisitely charming this
[post June 1791],from,SBP,NYPL(B),I have so blotted my directions in my haste that
3 July,to,SBP,NYPL(B),Mademoiselle Jacob my destined successor is
[July 1791],from,Mary (Palmer) O'Brien Marchioness of Thomond,BM(Bar),[?]
3 July [1791],from,CBF & James Steepe,BM(Bar),Ladies my dearest
[c 7 July 1791],to,SBP & the Lockes,NYPL(B),[?]
[post 7]-31 July,to,SBP & Frederica Locke,NYPL(B),Once more I have to inform my beloved by
[c 7 July 1791],to,SBP,NYPL(B),How happy this news has made me & a soul
8 July,to,SBP,NYPL(B),The Papers mention your resignation it has
[-9] July,from,CBF,BM(Bar),Home — Home — Home! — 1 sentence
10 July [1791],from,SBP,NYPL(B),Oh my beloved Fanny! — Well might you
13 July,from,Elizabeth Juliana Schwellenberg (per E Lattikens[?]),NYPL(B),I am requested by Mrs. Schwellenberg to
15 July 1792,to,SBP & Frederica Locke,NYPL(B),The last of this month I send again to
[10 July 1792],from,SBP,NYPL(B),Life is disappearing in a great favourite a
17 Aug,to,SBP,NYPL(B),It is acknowledged & in its day
30 Aug,from,SBP,NYPL(B),The Fair interesting has stopt our work
15 Aug-7 Sept,from,SBP,NYPL(B),Your Letter comes but sureness my destine its
17 Oct [1790],to,CB,BM(Bar),I thank you for your kind concern I must see
24-25 Oct,from,SBP,NYPL(B),What a Ball what an interesting & sweet Fete
24 Oct-9 Nov,from,SBP,NYPL(B),Our visit to Mr. Rogers on Sunday 24th was
[24 Oct 1790],from,Frances Matthews,NYPL(B),As I take it seriously easy to take me to
29 Oct,to,SBP,NYPL(B),Most travelling as I am my dearest Padre it
8 Sept,from,Clement Frances St,NYPL(B),I should be very happy if I could
13 Sept,to,SBP,NYPL(B),an assembly as shall be in my power
16 Sept-15 Oct,to,SBP,NYPL(B),I shall immediately resume where I left off at
30 Sept-5 Oct,to,SBP,NYPL(B),With what a feeling of anxious concern
[8 Sept 1790],from,Marie-Elisabethe de La Fite,NYPL(B),Oserois-je votre prior ma tres chere
10 Oct,to,SBP,PML,Before this can arrive my dear Boslon you
15 Oct,from,SBP,NYPL(B),The Fair interesting has stopt our work
16-24 Oct,from,SBP,NYPL(B),By your Express Mr. George I guess my
[Oct 1790],to,SBP,NYPL(B),I am quite pleased to find myself in your
2 Aug,to,SBP,BM(Bar),The night how much your wrist was
2 Sept,to,Rosette [Hester] Burney,NYPL(B),How glad I am for your Your last Letter
Sept,from,SBP,NYPL(B),I went see in a resurvey any extream
[Oct 1790],to,SBP & Frederica Locke,NYPL(B),the SBP & dtv Lockes
[Oct 1791],to,SBP,NYPL(B),I am now arrived at the month of October so
4 Nov [1791],from,Dr Willis,PML,Yours of the 10th of Nov did not come to
6 Nov,from,SBP,NYPL(B),What a delightful alive was my Fanny's last!
12 Nov,from,SBP,NYPL(B),I must not lose my Sunday's conveyance
20 Nov,from,SBP,NYPL(B),My beloved Fanny's last letter to me
27 Nov,to,CBF,NYPL(B),No 18 my dearest Charlotte is the best Letter
[1790],from,SBP,HSP,[?]
2 Aug,to,SBP,NYPL(B),[?]
1 Aug,to,CB,NYPL(B),I find almost Beaufort then thank you for the
[3 Aug-1],from,SBP,NYPL(B),I have been much disappointed
5-25 Aug,from,SBP,NYPL(B),[?]
8 Aug,to,SBP,NYPL(B),[?]
[1 Nov],to,SBP,NYPL(B),in SBP to Frederica Lockes. How
[1 Nov],from,Horace Walpole,NYPL(B),I have compassion for you and story to
1 Nov,to,SBP,BM(Bar),[?]
2 Nov,from,Raoul Walpole [?],NYPL(B),[?]
5-6 Nov,from,SBP,NYPL(B),to provide beside my dearest Fanny to tell
15 Nov-4 Dec,from,SBP,NYPL(B),On Tuesday last Nov. 9th having hastily
18 Nov,from,SBP,BM(Bar),by Jul they was concluded Monday night
17 Nov,to,SBP,BM(Bar),before I now your last kind letter & affecting
18 Nov,to,Rosette (Rose) Burney,NYPL(B),God you then my dear Rosette be uneasy at
29 Nov,to,SBP,NYPL(B),the persons are arrived safely my beloved
30 Nov [1790],from,SBP,NYPL(B),there was indeed a great Surprise to me
[Nov or Dec 1789],to,SBP,NYPL(B),I was sent with a Surprise about
2-4 Dec [1790],to,SBP & Frederica Locke,NYPL(B),I am sorry to perplex my sweet Fredy about
5-10 Dec,from,CBF,BM(Bar),why 27ts my dearest Fanny has
31 Dec,from,SBP,NYPL(B),I was very much pleased with Lydia's letter
3-25 Dec,from,SBP,BM(Bar),Can those[?] possible give a temporary relief
6 Dec [1790],from,Richard Owen Cambridge,NYPL(B),After all I wish to you I hear there is a
6 Dec,from,SBP,Ohb,My sweet Fanny's affecting letter leaves me
16 Dec [1790],from,SBP,BM(Bar),Have you concluded to lost my beloved
16 Dec copy,from,SBP,Arm,I sent off my answer to F. first yesterday &
22-24 Dec,from,SBP,NYPL(B),My dearest Fanny's prudent caution
24 Dec,to,CB jr,Ohb,I think I have never in my life read a Letter
24 Dec [1789],from,SBP,BM(Bar),What a delightful long alive we have this week
[1789],to,SBP,NYPL(B),And you be then added you I should not
[1789] copy extract,to,GMAFWaddington,NYPL(B),Only guard yourself off you can from
[1789],from,SBP,NYPL(B),How have I wished I could leave an eye
[1789-90],from,Margaret (Cooper) DeLuc,NYPL(B),Ten thousand thousand thanks for the last kind
[pre 1793],from,Charlotte Boyle-Walsingham [?],BM(Bar),I cannot tell you how pleased I was with
[pre 1793],from,Charlotte [Boyle-Walsingham?],BM(Bar),I was greatly grieved to hear of your
[pre 1793],from,Francois de la Rochefoucauld de Liancourt,BM(Bar),[?]
[pre 1793],from,Dorothy Young,NYPL(B),I expected Mrs Burney to present you with
6 Jan,from,SBP,NYPL(B),[?]
6 Jan,from,SBP,NYPL(B),I sympathize in all you say &
7-8 Feb 1793,from,M d'A,NYPL(B),je voudrois de l'sympathize in all you say &
7-14 Feb 1793,from,M d'A,NYPL(B),[?]
7-14 Feb 1793 thème,from,M d'A,NYPL(B),[?]
7-14 Feb 1793 thème,to,M d'A,NYPL(B),[?]
[c Feb 1793] copy,to,Frederica Locke,NYPL(B),[?]
[c 12 Feb 1793],from,M d'A,NYPL(B),Mr Norburie's abilities ought to be drawn
14 Feb 1793 copy,to,SBP,NYPL(B),I have no heart not to write and do not now
[16? Feb 1793] imperfect copy,to,Frederica Locke,NYPL(B),[?]
19 Feb,to,SBP,NYPL(B),Have you not begun Dearest sir to give me
[post 19 Feb 1793] thème,from,M d'A,BM(Bar),[?]
c Feb 1793,from,SBP,NYPL(B),the Card Letter is my dearest Father's gift &
[c 18-20 Feb 1793],from,M d'A,NYPL(B),ah my dear how you have past the night?
21 Feb [1793],to,SBP,NYPL(B),Good God my dearest Father what a dreadful
[c 18 Feb 1793] thème,to,M d'A,NYPL(B),[?]
25 Feb 1793 thème,from,M d'A,NYPL(B),[?]
[c 25-28 Feb],from,M d'A thème,NYPL(B),[?]
1 Mar,from,SBP,Ohb,He is in our morning here
[post 10 Mar 1793],from,M d'A,NYPL(B),[?]
[c 10-undated 11] Mar,to,GMAFWaddington,NYPL(B),who is grow very & very impatient
Mar,from,SBP,NYPL(B),I told her the first moment I am able
[18 Feb 1793] thème,from,M d'A,NYPL(B),a thousand thanks to my dear sweet [?]
3 Mar,from,James Hutton,Comyn,Your Charming account of your visit
[pre 6 Mar 1793],to,SBP,NYPL(B),[?]
[12] Mar [1793],to,SBP,BM(Bar),[?]
13 Mar [1793],from,SBP,NYPL(B),my Fanny my housemaided. Pray let me
18 Mar,to,GMAFWaddington,BM(Bar),to SBP my mr my me ever dear
21 Mar,from,Lady Keith,NYPL(B),It would be mere shoring about your
[c 23 Mar 1793] thème,from,M d'A,NYPL(B),[?]
30 Mar,to,SBP,NYPL(B),[?]
30 Mar,from,M d'A,NYPL(B),[?]
31 Mar,to,SBP & M d'A,NYPL(B),[?]
1 Apr,from,SBP,BM(Bar),[?]
1 Apr,to,SBP,NYPL(B),This is the first moment I have been able to
[2-3] Apr [1793],to,SBP,NYPL(B),O my dearest Susan! what would I not give to
3 Apr 1793,to,M d'A,NYPL(B),Vous avez bien Ange qu'il me une aussi grant
[c 1 Apr 1793],from,M d'A,NYPL(B),[?]
[pre 20 Apr 1793],from,M d'A,NYPL(B),J'ai lu ce que vous avez ecrit — je vous
[post 8 Apr 1793],from,M d'A,NYPL(B),[?]
11 Apr 1793,to,SBP,NYPL(B),That our dear friend is no more angry against
11 May,to,SBP,NYPL(B),[?]
12 May 1793 copy,to,SBP,NYPL(B),[?]
[15 May 1793],from,Anne-Louise-Germaine (Necker) de Stael-Holstein,NYPL(B),[?]
22 Apr [1793],to,SBP,BM(Bar),I promised to write to my Fanny
22 AP 1793 pmk,to,SBP,NYPL(B),I think certainly nothing in the world is more
[23 Apr 1793],from,M d'A,NYPL(B),[?]
[Apr 1793],from,SBP,NYPL(B),at the moment of departure I settle my beloved
3 May,to,GMAFWaddington,NYPL(B),What my disappointment was in not meeting
[15 or c 15 May 1793],to,SBP,BM(Bar),Sunday Morat — a thousand thanks for y[our]
[6-7 May 1793],from,M d'A,NYPL(B),Je n'ai que le tems de vous dire que Madi is
[7-8 May 1793],from,M d'A,NYPL(B),You were very good to spare me so great a
8 May [1793],from,Anne-Louise-Germaine (Necker) de Stael-Holstein,BM(Bar),poor cette fois vous une parceront
[c 1 Apr 1793] mutilated,from,M d'A,NYPL(B),[?]
[1 Apr 1793],from,M d'A,NYPL(B),[?]
5 Apr,from,SBP,NYPL(B),I am quite as to my beloved Fanny's long
[Apr 1793],from,M d'A,BM(Bar),je suis encore here que qu'elle vos has
11 May 1793,from,M d'A,NYPL(B),Madame d'envoi determination sometime[?]
[15 May 1793],to,SBP,NYPL(B),[?]
17 May,from,M d'A,NYPL(B),Trading to the largest in the kindness
[18 May 1793],from,M d'A,BM(Bar),[?]
[20 May 1793],from,M d'A,BM(Bar),[?]
May,from,M d'A,BM(Bar),Ce sont des Pas il tell me what you have been
[7 Mar 1793],from,M d'A,NYPL(B),The Common was miserably bad
17 May [1793],from,M d'A,NYPL(B),[?]
17 May [1793],from,M d'A,NYPL(B),I am have waiting
[pre 21 May 1793],from,M d'A,NYPL(B),[?]
[21 May 1793],from,M d'A (FS to SBP),NYPL(B),[?]
[21-22 May 1793],from,SBP,NYPL(B),I owe my Fanny a world of details — but how
[24] May [1793],to,SBP,NYPL(B),I am particularly struck by both your Letters
[24-30 May] copy,to,SBP,NYPL(B),[?]
27 May,from,M d'A to SBP,NYPL(B),[?]
[28 May 1793],to,SBP,NYPL(B),Let me now say my however short may be
[late May 1793],from,Hester (Mulso) Chapone,BM(Bar),I hope this will find Dear Miss Burney
30 May [1793],to,SBP,BM(Bar),Oh cette mechante! Et cette laisser
30-31 May,to,Frederica Locke,NYPL(B),I must have told it most wish of all
31 May 1793,to,SBP & Frederica Locke,NYPL(B),[?]
[31 May 1793],from,M d'A,NYPL(B),je puis enchainée de ce que vous avez le bonté
[May 1793],from,SBP,NYPL(B),I was most excessively vexed last night my
[May 1793],from,SBP,NYPL(B),I sent you per post a short letter
[Mar 1793],from,M d'A,NYPL(B),[?]
1 June [1793],from,SBP,NYPL(B),[?]
3 June [1793],to,SBP,NYPL(B),Did you But You answer every
3 June [1793],to,GMAFWaddington,NYPL(B),O were Dear Dear aimables shall here
5 June [1793],from,SBP,NYPL(B),[?]
8 June,to,SBP,NYPL(B),I shall be tired of being withholdingnesse[?]
[c 10-aftd June 1793],from,SBP,NYPL(B),Ah my Fanny! — how interesting is the
15-20 June [1793],from,SBP,NYPL(B),Mons bien Dieu comme vous paisiez[?]
[16 June 1793],from,M d'A,NYPL(B),[?]
[18 June 1793],from,M d'A & SBP,NYPL(B),ma voix cella mon adorable arrive nous de
[18 June 1793] misdated [1781],from,Marianne (Burney),BM(Bar),My dear Aunt Fanny has indeed reason to
[20 July 1793],to,SBP,NYPL(B),for shame my dearest friend — je nie
[20-21 June 1793],from,M d'A (FS to SBP),NYPL(B),Par quelle fatalité une epouse qui d'abord
25 July,to,CB Jr,NYPL(B),I am anxious for intelligence of your state[?]
27 July,to,CB,BM(Bar),[?]
[post 28 July 1793],from,SBP,NYPL(B),My dearest Fanny has just I hope happily
13 June [1793],from,M d'A,NYPL(B),Pardonnez — [?]
14 June [1793],from,M d'A,NYPL(B),encore Seem a trop subjugation de
15 June [1793],from,SBP,NYPL(B),Ah my Fanny all her other must aide toujours
[15 June 1793],from,SBP,NYPL(B),[?]
5 Aug [1793],from,Anne-Louise-Germaine (Necker) de Stael-Holstein,NYPL(B),[?]
[5 Aug 1793],from,SBP,NYPL(B),[?]
[Aug 1793],from,SBP,BM(Bar),[?]
12 Aug,to,SBP,NYPL(B),I have so long accustomed myself to think
[1 Aug 1793],from,Maria (Allen) Rishton,BM(Bar),[?]
19 Aug [1793],from,Maria (Allen) Rishton,NYPL(B),[?]
[Aug 1793],from,Marquis [?] Bourdois,NYPL(B),[?]
5 Oct,to,SBP & Frederica Locke,Taylor,How is the World that I begin the letter to
18 Oct,from,Anne (Leigh) Frodsham,BM(Bar),I received your Letter at the time the Royal
20 Oct [1793],to,CB,NYPL(B),My dearest Father will I should I have very
27 Oct [1793],to,CB,NYPL(B),I write this confirmation a last act of
3-11 Nov [1793],from,Maria (Allen) Rishton,NYPL(B),I entertain your happiness
28 Nov,to,GMAFWaddington,NYPL(B),my excellent Friend! how have I
10 DE pmk,to,GMAFWaddington,NYPL(B),sensational of your surprise my sweet
[1793] copy extract,to,GMAFWaddington,NYPL(B),to Glanvand highly deserves the character
[1793],from,Frederica Locke,BM(Bar),I shall not stop it is since I have had the
30 July [post 1793],from,Suzanne[?] Simmond,NYPL(B),[?]
15 Sept [post 1793],from,Suzanne[?] Simmond,Comyn,[?]
5 Sept [1793],from,Charlotte (Allen) Burney,NYPL(B),[?]
9 Sept,from,Marie-Elisabeth (Bouée) de La Fite,NYPL(B),Comme rien this aimable ma chere Madame
[c 20 Sept 1793],to,CBF,NYPL(B),[?]
[post 1793],from,Frederica Locke,NYPL(B),[?]
[post 1793],from,Rose FitzGerald Baroness,NYPL(B),A yet totally unsupplied. There are very few
[1793-1802],from,Harriet (Collins) de Beauville[?],NYPL(B),After talking over the business with Mr.
9 Jan,to,CB,BM(Bar),I feel honoured as our Charlotte was want to
1 Jan,to,EBB,NYPL(B),These encourages me my sweet Father
[8 Jan],from,SBP,NYPL(B),How — what is my dearest Fanny — the
[JA 1794 pmk],to,CB (with PS from M d'A),BM(Bar),[?]
3 Feb [1794],from,Maria (Allen) Rishton,BM(Bar),Still I not wonder[?] merely I may without
[c Feb 1794],from,SBP,BM(Bar),The Times and in my dearest Father
14 [Feb 1794],from,SBP,NYPL(B),[?]
15 Feb 1794,from,SBP,NYPL(B),I now want a little more satisfactorily
2 Mar,to,SBP,NYPL(B),How kind my dearly beloved Father how
2 Mar copy,to,SBP,NYPL(B),Obligated to M d'A & F B A
2 Apr [1794],from,Elizabeth (Allen) Burney,NYPL(B),I have to thank you for thinking me
[5-27 Apr 1794],to,SBP,NYPL(B),for any such deed should what they are
25-27 Apr,to,JB,NYPL(B),A thousand thanks my ever kind Brother to
27 Apr,to,CB,BM(Bar),[?]
[post 27] Apr,to,CB,NYPL(B),Why what an exquisite Letter my dearest
[May 1794],from,Maria (Allen) Rishton,NYPL(B),Why will you saddle merely I may without
2 May,to,SBP,NYPL(B),A charming Letter was yours
3 May,to,EBB,NYPL(B),At a time I need I must to my Eyes
6 [May 1794],from,SBP,NYPL(B),Wilt will my sadden my amiably
9 May [1794],to,SBP,BM(Bar),How kind is my dearest Father a love met
16 June,to,M d'A,NYPL(B),I have just received a Letter too dear to let on
[16 June 1794],from,M d'A,NYPL(B),Ce matin ma bonne amie je suis encore
6 June [1794],to,GMAFWaddington,NYPL(B),[?]
10 June,to,SBP,NYPL(B),How are you? How are you! I find
15 June,to,CB,NYPL(B),I replace my business Letter and its just lines
[pre June 1795],to,SBP,NYPL(B),[?]
15 June,to,SBP,NYPL(B),Ah my Fanny — I can but write one sad word
18 June [1795],from,SBP,NYPL(B),[?]
[18 June 1795],from,SBP,NYPL(B),a charming Letter was yours
13 June,from,Hester (Mulso) Chapone,BM(Bar),[?]
10 Apr [1793],from,M d'A,NYPL(B),je sais qel air une amiable side more aimable
[Apr 1793],from,M d'A,NYPL(B),At ce qel car nu vielle per armourer pas
[1794] draft,to,Queen Charlotte,BM(Bar),[?]
[Oct 1790],to,SBP,NYPL(B),[?]
[Oct 1790],to,SBP & Frederica Locke,NYPL(B),I spun again with my poor Collumbs. How
[pre Apr 1794],from,SBP,NYPL(B),I have just not the enclosed from Captain
[1794],from,Martin (Allen) Rishton,NYPL(B),[?]
15 Oct [1794],from,Edmund Jerningham,HEH,Mr. Jerningham would have received long see
16 Oct,to,GMAFWaddington,BM(Bar),How long it is since I have heard from my dear
[Oct 1794],to,SBP,NYPL(B),[?] it is nothing to my dearest
[Oct 1794],from,Edward Jerningham,Comyn,At the expense of Mme d'Arblay Cambridge[?]
[post 17 Nov],from,SBP,BM(Bar),[?]
8 DE 1794 pmk,to,M d'A & CBF,NYPL(B),I love you with all my heart as well as
10 Dec [1794],to,SBP,NYPL(B),[?]
[Dec? 1794],from,Cassandra (Leigh) Cooke,NYPL(B),How charming allow me to perceive[?]
[1 Sept 1794],from,SBP,BM(Bar),[?]
[post 15 Sept 1794],from,SBP,BM(Bar),[?]
[Sept 1794],to,SBP,NYPL(B),What two days happiness did I receive your
[Sept 1794],from,Charlotte (Allen) Burney,NYPL(B),[?]
[1794],from,SBP,NYPL(B),[?]
15 Oct [1794],to,SBP,NYPL(B),[?]
Aug,from,SBP,BM(Bar),a just a week since I had the greatest
4 Sept [1794],to,SBP,NYPL(B),My very sweet does my dearest dear
[Sept 1792] copy extract,to,SBP,NYPL(B),[?]
[Sept 1792],to,SBP (included in CB),NYPL(B),[?]
5-8 Oct,to,SBP,NYPL(B),I have kept of our dearest Mrs Lock to greet
10 Oct [1792],to,SBP,NYPL(B),I came to a month I cannot pass over
14 Oct [1792],to,SBP,NYPL(B),I so joyfully welcome to me[?]
[Oct 1792],to,GMAFWaddington,NYPL(B),I in no your favourite famines is now to me
[Oct 1792],to,SBP,Comyn,you must my dear Charles to write to
28 Oct [1792],to,SBP,NYPL(B),I was sure of seeing our Brother
1 Nov,to,SBP,NYPL(B),I order to my sister B: was forwarded to me
[Nov],to,SBP & Frederica Locke,NYPL(B),this has been a very comfortable
Sept,from,Jacob Bryant,BM(Bar),My Tamara it at last finished in a room[?]
[15 July 1792],from,SBP,NYPL(B),[?]
[17 SE 1792 pmk],from,Anne (Leigh) Frodsham,BM(Bar),[?]
15 Sept,to,SBP,NYPL(B),[?]
[pre 23 Sept 1792],from,Elizabeth Juliana Schwellenberg,NYPL(B),Mrs. Schwellenberg's Compliments to Miss
23 Sept [1792],from,SBP,NYPL(B),[?]
[25 Sept 1792],from,Anne (Leigh) Frodsham,BM(Bar),[?]
[4 Sept 1792],to,SBP & Frederica Locke,NYPL(B),see my beloved Fanny that I am not
[May or June 1792],to,SBP & Frederica Locke,NYPL(B),A thousand thanks to you my beloved Fanny
[June 1792],from,Dorothy Young,NYPL(B),[?]
[6 Aug 1792],from,SBP,NYPL(B),Give my most affectionate & loving duty to all
[23 Aug 1792],from,Elizabeth (Allen) Burney,NYPL(B),I was very happy to hear Mr. Char[?]
[24 Aug 1792],to,SBP mutilated,NYPL(B),[?]
[28 Aug 1792],to,SBP & Frederica Locke,NYPL(B),I ought to have made at least much earlier
1 Aug [1792],from,SBP,NYPL(B),[?]
5 Aug,to,SBP & Frederica Locke,NYPL(B),I have kept an entreated hand under dry
[6 Aug 1792],to,CBF,NYPL(B),With what joy do I tell you my dearest
7 Aug copy,from,Jacob Bryant,NYPL(B),[?]
[1 FU 1792 pmk],to,SBP,NYPL(B),Let me show my beloved Fanny for the
[3 July 1792],from,SBP,NYPL(B),[?]
10 July,to,SBP & Frederica Locke,NYPL(B),What a delight my Fanny Your letter that
15 July,from,SBP & Frederica Locke,NYPL(B),[?]
July,from,Esther Young,PML,[?]
[post July 1791],from,SBP,NYPL(B),[?]
8-[14] Sept [1791],from,SBP,NYPL(B),[?]
4 Sept,from,SBP,NYPL(B),I am very happy to find the Bath waters agree
8-[14] Sept [1791],from,SBP,NYPL(B),My dearest Esther will a I rejoice to hear
8-9 [July 1792],to,SBP,NYPL(B),[?]
[pre July 1791],from,SBP,NYPL(B),[?]
[1792],to,SBP,Ohb,[?]
Dec,from,SBP,NYPL(B),Monday Dec. 22d. 02 [?] has secured a fine
2 Dec copy,to,Frederica Locke,NYPL(B),Whether Mr Lock will be able to attend the
[1792],from,Dorothy (Smelt) Godwin,BM(Bar),[?]
[1792],from,Maria (Allen) Rishton,NYPL(B),there is so little to maintain you with in the dull
[1792],from,SBP,NYPL(B),I cannot send this off drily without a word
[2] Nov-11 Dec mutilated,from,SBP,NYPL(B) & BM(Bar),I find it always impress[?]d in my mind
[16 NO pmk],from,SBP,NYPL(B),[?]
4 Nov [1792],from,SBP,NYPL(B),Let me no longer defer thanking my Fanny
11 Nov [1792],from,SBP & Frederica Locke,NYPL(B),how long has your silence oppressed my
15 Nov,from,Jacob Bryant,NYPL(B),Your very kind Letter afforded me uncommon
27 Nov [1792] copy,to,SBP,NYPL(B),My dearest Susanna details of the Fre[nch?]
[Nov-Dec 1792],from,SBP,NYPL(B),Miss Howarth came & carried off Charlotte &
[Nov-Dec 1792],to,SBP,NYPL(B),I take the first moment in my power to thank
11 Dec [1792],from,SBP,NYPL(B),Your intelligence was true my dear Friend —
18 Dec mutilated,from,SBP,NYPL(B),[?]
[c 22 Dec],from,SBP mutilated,NYPL(B),[?]
[1 Feb 1705 pmk],to,SBP,NYPL(B),my poor Fanny I will be glad to see him
5 Feb,to,SBP,NYPL(B),I most secretly examine my dear Madam[?]
[7 Feb 1705 pmk],from,SBP,NYPL(B),[?]
[NR 1705 pmk],to,GMAFWaddington,NYPL(B),— What an age since I have
[pre 5] Mar,to,SBP,NYPL(B),[?]
[15 Mar 1705 pmk],to,SBP,NYPL(B),ah my Fanny — I can but write one sad word
15 Mar,from,SBP,NYPL(B),[?]
13 Mar,to,SBP,NYPL(B),I am sorry I cannot fill this enormous sheet for
15 June,to,SBP,NYPL(B),[?]
18 June,to,CB,Ohb,[?]
[17 AP 1705 pmk],to,SBP,NYPL(B),I am quite perplexed by such a quick Letter
[Apr or May 1705],from,SBP,PML,The die is out of my Fanny is the flattering hope
1 Mar,to,SBP,NYPL(B),How many thanks I owe my kind Charlotte for
13 Mar,to,M d'A,NYPL(B),[?]
13 May [1705],from,SBP,NYPL(B),[?]
10 June',to,SBP,NYPL(B),[?]
15 June,to,CB,NYPL(B),I replace my business Letter and just lines
[pre June 1705],to,SBP,NYPL(B),[?]
15 June,to,SBP,NYPL(B),Ah my Fanny I can but write one sad word
pre 15 June 1705,from,SBP,NYPL(B),I have been sadly disappointed the
15 June,from,SBP,NYPL(B),[?]
[June],to,SBP,NYPL(B),I have nothing appropriate for my beloved
24 June [1705],from,SBP,NYPL(B),I could not have been without sooner
1 July,to,CB Jr,PML,[?]
3 July [1705],from,SBP & CBF,BM(Bar),I must humbly thank my Fanny for kind
[13 July 1705],from,SBP,NYPL(B),[?] disappointed in my hopes of finding
[15 July 1705],from,SBP,NYPL(B),[?]
8 July,from,SBP,NYPL(B),[?]
[July],from,M d'A to CB Jr,NYPL(B),[?]
4 Aug,from,SBP,NYPL(B),I always gratefully my dearest Madam by
[1 Aug],to,SBP & CB Jr,NYPL(B),the account of this imbecility my dearest
17 Oct,to,SBP,NYPL(B),My Fanny — I must begin with saying this
20-21 Oct,from,SBP,NYPL(B),I am fed but this half sheet of paper that must
3-5 Nov,from,SBP,NYPL(B),I was beginning to be seriously uneasy my
13 Nov [1705],from,SBP,NYPL(B),My Fanny entreats to know the subject of my
15 Nov [1705],from,SBP,NYPL(B),Your letter not only gave me most touching
[19] Nov,to,GMAFWaddington,NYPL(B),[?]
[20 Nov 1705] copy,to,SBP,Arm,Ten days are past & over my Fanny since I last
26-27 Nov,from,SBP,NYPL(B),Mrs. Boscawen's last suit after the 4th August
27 Nov-4 Dec,from,SBP,BM(Bar),[?]
4 Dec,from,SBP,BM(Bar),Here so't be an excellent opportunity for
[4]-8 Dec [1705],from,SBP,Ohb,I had I give myself the of a long sortisone[?]
26 Dec copy,to,Louis comte de Narbonne-Lara,NYPL(B),What is to remember so long and painful
26 Dec,from,M d'A,NYPL(B),On dirait dernièrement &
[Sept 1794],to,SBP,BM(Bar),How my beloved Fanny I send my
[post 11 Sept 1794],to,SBP,BM(Bar),[?]
20 Jan,from,Elizabeth Juliana Schwellenberg,NYPL(B),With Pleasure I hear your's
[1795-96],from,Louis comte de Narbonne,NYPL(B),to rush a ton secret l'am qu'elle reunit
14 MR 1796 pmk,to,M d'A to CB Jr,NYPL(B),Norbury Park Longman see Dr. Johnson even
15-16 Mar,to,Elizabeth (Allen) Burney,NYPL(B),It is impossible to restrain
[pre 1 Feb 1796],from,SBP,NYPL(B),I am sure you will also give you a line
19 Mar,from,NYPL(B),,I feel that it is useless to tell you my dearest
[21 Mar 1796],to,CB,NYPL(B),The shabbiest little bit will be better than real
5 Apr,from,Elizabeth Juliana Schwellenberg,NYPL(B),I feel myself ashamed at not having written
[pre 12 June 1796],from,SBP,NYPL(B),I hope your goodness will excuse me
20 Feb-1 Mar,to,SBP,NYPL(B),My dearest Fanny & dear Brothers received
17 June,to,M d'A to GF Jr,Comyn,The whole Copy we have sent to the two
[c 17 June 1796],to,M d'A to SBP,NYPL(B),Un mot seulement a notre bonne et indulgente
20 JU 1796 pmk,to,Rosette (Rose) Burney,NYPL(B),I grieve at the impossibility of meeting you
25-28 June,from,SBP,NYPL(B),Use my Fanny double postage -- as I sent
[15 June],to,SBP,NYPL(B),Your dear letter gave us very great pleasure
1 p 4to mutilated,from,SBP to M d'A,NYPL(B),I [?] to say my dear Brother d'Arblay that I
[15-20] July,from,SBP,NYPL(B),I am very so own Fanny it was
1 JU [1796] pmk,to,M d'A & FBA to FBA & SBP,NYPL(B),Miss Planta arrived at 16. with Her Majesty's
[29] July,from,SBP,NYPL(B),A little parcel from my Mother sent by the
29 July [1796],from,CBF,NYPL(B),Tho I have not yet quite finish'd my dear
30 July,from,EBB,BM(Bar),I must say that in not having written
30 July,from,ERB [?],NYPL(B),I must say that in not having written
[post 18 July 1796],to,SBP,NYPL(B),It will speak about the Money -- but joins
1 July [1796],from,Elizabeth (Allen) Burney,NYPL(B),I give myself pleasure I seize the opportunity of
13 AU 1796 pmk,to,SBP,NYPL(B),We spent the remnant of Wednesday Evening
17 Aug [1796],from,SBP,BM(Bar),I greet you with pleasure 1 seize the opp[ortunity]
[22 Aug 1796],from,SBP to M d'A & FBA,BM(Bar),with PS from Charlotte
Aug,from,SBP,NYPL(B),I cannot help feeling very anxious my dearest
[Aug -- Sept 1796],to,M d'A,NYPL(B),My most beloved and will find he had
[11]-15 Sept,from,SBP,NYPL(B),My heart yearns to converse again with my
[28 Sept 1796],from,d'Arblay,NYPL(B),chere madame vous eclairez admirant [?]
[1795-96] continued,from,SBP,NYPL(B),I looked at Fanny a letter w[hi]ch came to
1 p 30 Jan [1796],to,SBP,NYPL(B),I [?] continue my dear Father has
1 JA 1796 pmk,to,SBP,NYPL(B),I can scribble a line or two without delay to
24 Jan -- 1 Feb,to,SBP,NYPL(B),from SBP to Frederick Locke in the dark Ou--
5 Feb,to,M d'A,NYPL(B),I hope as well as we know how to think of such
7-15 Feb,to,CB,NYPL(B),In one settle that I had handsome mess from
20 Feb,from,Elizabeth Juliana Schwellenberg,NYPL(B),I hope your goodness will Excuse me
20 Feb-1 Mar,to,SBP,NYPL(B),My dearest Fanny & dear Brother received
[4 Mar 1796],to,SBP,NYPL(B),this fine married dissolved Susan with a
4 Mar [1796],to,SBP,NYPL(B),I know my beloved Father will exactly feel
4 Mar [1796],to,SBP,NYPL(B),I most cordially to dear M[rs] Ch-- at [?]
5 Mar,from,Frances (Glanville) Boscawen,NYPL(B),I cannot but regret that [?]
9 Mar,to,FBA & Frederick Locke,NYPL(B),I grieve at the impossibility of meeting you
11 MR 1796 pmk,to,CB,NYPL(B),Your letter gave us very great pleasure
[5] July,from,SBP,NYPL(B),I am in a much of Time as a Matter of my
7 July [1796],to,FBA & M d'A,NYPL(B),a French passport I enclose from FBA
13 July,from,SBP,NYPL(B),I must come to Town this morning Express upon
18 July,from,FBA & M d'A to SBP,NYPL(B),set immediately upon my return to the
19 July,from,Frances (Glanville) Boscawen,NYPL(B),we again have the pleasure of meeting the
[27 JY 1796] pmk,from,SBP,NYPL(B),Miss Planta arrived at 16 with Her Majesty's
7 July [1796],to,CB,NYPL(B),I hope it will speak about the Money -- but joins
7 Aug [1796],to,EBB & Marianne (Burney) Bourdois,NYPL(B),last before we assembled to Dinner M[rs]
1 p 6to mutilated [1796],from,Elizabeth (Allen) Burney,NYPL(B),I had a foul [?] Words -- but the language does
[Aug-Sept 1796],to,SBP,NYPL(B),I have not yet had
1 Sept [1796],from,Maria (Allen) Rishton,BM(Bar),the days are growing short & what has to you
3 Sept [1796],from,Maria (Allen) Rishton,BM(Bar),I could help writing & a cross
5 Sept [1796],from,Maria (Allen) Rishton,BM(Bar),I am afraid my last letter was almost
[Sept 1796],to,CBFB,NYPL(B),I should Fanny must have received two
[c 24 June 1796],to,SBP,NYPL(B),It was all about the Money -- but joins
[post 30 July 1796],to,SBP,NYPL(B),I [?] much of Time as a Matter of my [?]
7 Nov,to,SBP mutilated,NYPL(B),with CB to SBP I begged You now & would
7 Nov,from,SBP,NYPL(B),I miss nature persuade would it to feel a week
8 Nov,from,SBP,NYPL(B),I had intended writing to my dearest Fol[k]--
11 Nov,from,Dorothy Young,NYPL(B),On Sunday I received news that one beloved
14 Nov,to,CB,NYPL(B),much to hear that the reduction[?]
14 Nov,from,SBP,NYPL(B),Time passes heavily with me my beloved
15 Nov,with,Frederica Locke to SBP,NYPL(B),How greatly my joy was to [?]
22 Nov,from,Cassandra (Leigh) Cooke,BM(Bar),I had an opportunity [?]
25-27 Nov,with,Frederica Locke to SBP,NYPL(B),Never was a sweeter Letter written my dearest
28 Nov,from,SBP,NYPL(B),At length I feel a secure to begin a letter
28 Nov,to,SBP,NYPL(B),I am truly rejoiced in what you say of Sarah &
29 Nov,to,SBP,NYPL(B),This consciousness & so total silence begins to give
1 Dec [1796],to,SBP,NYPL(B),I will not lose another moment in acquainting
[c 1796],from,SBP,BM(Bar),last month on six weeks [loan] that Lord
[post 1796],from,SBP,BM(Bar),Come yourself up to meet Amelia (Camilla)
[June-July 1796-98?],from,Marianne (Burney),NYPL(B),We shall be very glad my dear Aunt if you can
[1796-98],from,SBP,NYPL(B),Full three months after your last visit here
7 pmk Jan,from,Maria (Allen) Rishton,BM(Bar),with Amelia (Locke) Angerstein to SBP
4 Dec,to,SBP,NYPL(B),a most is most unnecessarily destructive to the
4 Dec,from,Maria (Allen) Rishton,BM(Bar),I thanked for your kind and interesting
1 Jan,from,Maria (Allen) Rishton,BM(Bar),the light I wrote to you from Rishton
13 Jan [1797],from,SBP,NYPL(B),Now come let me begin a letter to my Sisters
Jan,from,Hester (Mulso) Chapone,BM(Bar),I [?] have the pleasure [?]
30 Jan,to,CB,NYPL(B),a grievance is most unexpected
13 Feb,to,CBFB,NYPL(B),My most beloved Susan will I trust be delivered
13 Feb,to,CMAPWaddington,NYPL(B),What is become of my dear Marianne? I know
[17 Feb 1797],from,Maria (Allen) Rishton,BM(Bar),from Maria I have been absent from homes
27 Feb 1797,to,CB,NYPL(B),In lowly somewhere I put almost struck with
27 Feb-14 Mar,with,M d'A & Frederica Locke to SBP,BM(Bar),I could wish that this extraordinary may
[post 27 Feb],to,CMAPWaddington,NYPL(B),I am delighted to hear you are am [?]
16 Mar,to,CB,NYPL(B),Relieved at length from a terroe that almost
18 Mar,to,CMAPWaddington,NYPL(B),I have been too much engrossed mind & body I
24 Mar [1797],to,SBP,NYPL(B),I have scarce recovered sight my Fanny for
[11 Apr 1797],to,M d'A,NYPL(B),My dearest Father will been wounded I know
1 Apr [1797],to,SBP,NYPL(B),I ought to examine if to myself answer
5 Apr,to,M d'A,NYPL(B),My dearest Father -- he grievous
[pre 27 Mar],to,CB,NYPL(B),Our best-loved & most precious Friend
29 Aug,to,SBP,BM(Bar),As I called upon my dearest Father to take
[Aug 1797],to,MG,NYPL(B),In the absence of my Lord & Master
15 Sept,from,Lady Rothes,Comyn,The Beau Monde Westbury I think
25 Sept,to,CB,NYPL(B),How very kind is this most dear -- dear on
25 Sept,to,CMAPWaddington,NYPL(B),I must vex my dearest Padre with my venture
[18 Oct 1797],from,Cassandra (Leigh) Cooke,NYPL(B),I am afraid I am selfish enough to look for so
[Oct 1797],to,M d'A,NYPL(B),I have waited to the last Minute in hopes of
1 Nov [1797],to,NYPL(B),,the habits of packing -- alas not of paying
[post 3 Nov 1797],to,M d'A,NYPL(B),Many cruel et cent fois aux tres cheres [?]
1 Aug,to,M d'A,NYPL(B),I find I was too shy that it is so [?]
10 Aug,to,CB,NYPL(B),My dearest Father will I know be given [?]
20 Aug,with,M d'A to SBP,NYPL(B),I do not -- dare tell my own [?]
20 Aug,to,SBP,BM(Bar),Our best-loved & most precious Friend
1 p fol mutilated,from,SBP,BM(Bar),Yesterday I asked to our beloved
10 Nov [1797],to,SBP,NYPL(B),as an Embassy to demand one of yr
4 Jun,to,CBF,NYPL(B),I came to Town this morning Express upon
28 Nov,to,SBP,NYPL(B),You judged rightly of our Father that the
10 Dec,to,SBP,NYPL(B),I am shocked insupportably -- terr [?] ashamed at
17 Dec,to,SBP,NYPL(B),wrote a most good & gentle creature &
[25 Dec 1797],from,Cassandra (Leigh) Cooke,NYPL(B),I hope to here quite well of dear little Boy
[Dec 1797],to,SBP,NYPL(B),This moment I receive through our dearest
[28F Feb-10 Mar 1798],to,SBP,NYPL(B),but I have not told you of any removal
[Feb 1798],from,Maria (Allen) Rishton,BM(Bar),I sadly these where to begin
[Feb-Mar 1798],to,SBP,NYPL(B),And now I have to promise another Court
[Feb-Mar 1798],from,? (included in FBA to SBP [28F Feb-10 Mar 1798]),NYPL(B),it may not have any example in
[Feb-Mar 1798],from,Margaret Brecknock (included in FBA to SBP [28F Feb-8 Mar 1798]),NYPL(B),I [?]
[Feb-Mar 1798],from,Hector (Mulso) Chapone,BM(Bar),You are now my dear Madam
25 Feb 1798,to,SBP,NYPL(B),when Sarah Bourne [?]
[28F Feb-8 Mar 1798],to,SBP,NYPL(B),I shall not give the real while I remain [?]
[post 10 Mar 1798],to,SBP,NYPL(B),I [?]
4 JU [1798] pmk,to,CB,NYPL(B),the best and most harmonious uncertainty
12 Jun,to,SBP,NYPL(B),I did it ever anything was half so vexatious?
25 Jun 1798,to,SBP,NYPL(B),an invitation to my dear Partner
10 Feb 1798,to,SBP,NYPL(B),when Sarah Bourne [?]
1 Mar,to,CB,NYPL(B),I trust you on her dear Father has
1 Mar,from,SBP,BM(Bar),My dear Friend -- I trust it immediately on
3 Mar,to,CB Jr,NYPL(B),from FBA & M d'A to SBP (with Amelia (Locke) Phillips) Angerstein to Norbury
5 Mar,to,CB,NYPL(B),Indeed my dearest Father Mr Cha[?]
20 June,from,FBA & M d'A to SBP,NYPL(B),you beloved Susan how cruelly
21 June,from,FBA & M d'A to SBP,NYPL(B),What I am telling you received your [?]
[c 24 June 1798],to,EBB,NYPL(B),I am almost distraict to find none of my
1 Sept [1798],from,Maria (Allen) Rishton,BM(Bar),But I thank my dearest Charlotte for her
5 July [1798],to,SBP,NYPL(B),At length I have received a letter to Merc[?]
[25 July 1798],to,SBP,BM(Bar),I should have written to you some time ago
[July 1798],from,Maria (Allen) Rishton,BM(Bar),I have hardly a moment to scribble
1 July,to,Lady Keith,NYPL(B),[?]
3 July,from,Maria (Allen) Rishton,BM(Bar),the more in better my home at last
6 July,to,SBP,NYPL(B),For very interesting purport my dear
[c 24 June 1798],to,SBP,NYPL(B),will tell about the Money -- but joins
[Aug 1798],to,SBP,NYPL(B),I can not for one [?]
[Aug-Sept 1798],to,SBP,NYPL(B),We are all Invalids here & with the ever
30 Oct [1798],from,Maria (Allen) Rishton,BM(Bar),Once more of your request I will enter upon the
[3 Nov 1798],from,Lady Rothes,NYPL(B),I cannot prevented mine I had written to you
[Nov-Dec 1798],from,SBP,BM(Bar),I have been for some
Nov,from,Maria (Allen) Rishton,BM(Bar),Inconceivable to me your having
13-15 Dec,to,SBP,NYPL(B),My dearest dearest Susan -- that I could but
[15 Dec],to,CB,BM(Bar),Whether you call your Letter sprightly or not
[Dec 1798],to,CBFB,NYPL(B),I know what a vile unpunctual [?]
[Dec 1798],to,SBP,NYPL(B),And now my beloved Susan I will sketch
[post 1798],from,SBP,NYPL(B),I have written so many a Letter an more[?]
[Mar 1799],to,SBP,NYPL(B),[?] expected -- Poor Charlotte! [?]
1-3 Jan,to,SBP,NYPL(B),I quite rejoice that your Letter did not come to
3 Apr [1799],to,CB Jr,NYPL(B),I have just received your Monday's Letter --
[pre 4 Apr 1799],from,Hector (Mulso) Chapone,NYPL(B),If you have [?]
4 Apr,from,Hector (Mulso) Chapone,NYPL(B),It was your own ability serving me
14 Apr,to,SBP,NYPL(B),I must wrote freely about a day's
15 Mar,to,CMAPWaddington,NYPL(B),It is HERE I must hope to see you -- to me
20 AP 1799 pmk,from,CBFB,NYPL(B),the enchanted of course [?]
18 Apr,from,SHB (included in AL FBA to SBP),NYPL(B),[?]
8 May [1799],to,SBP,NYPL(B),Before now you have taken any step in the
21 Apr,to,SHB (included in AL FBA to SBP),NYPL(B),With my greatest amazement I have
23 Apr,to,SBP,NYPL(B),You are very good my dearest Charlotte
23 Apr copy,from,SHB (included in AL FBA to SBP),NYPL(B),The Letters my dearest sister concerning
8 May [1799],from,SBP,NYPL(B),Intensely but she sho' be so my dear
1 Mar [1799],to,M d'A,NYPL(B),I return the truly gratifying and important
[pre 25 Apr 1799],to,SBP,NYPL(B),I was utterly [?]
25 Apr [1799],from,Maria (Allen) Rishton,BM(Bar),I have come right with small complaints
4 Apr [1799],to,SBP,NYPL(B),If you have [?]
8 Apr,to,SBP,NYPL(B),My copy I have still more[?]
[pre 4 Apr 1799],to,SBP,NYPL(B),I had a thing to say to Mrs Windham &
[pre 4 Apr 1799],from,Hector (Mulso) Chapone,BM(Bar),[?]
[Apr 1799],to,SBP,NYPL(B),I fancy it will be [?]
9 May [1799],to,SBP (with PS by M d'A),NYPL(B),Star Bar Letter my most dear Susan has
[c 1 May 1799] draft,to,SBP,NYPL(B),you most carefully [?] for your kindness
18 May [1799],to,Frederica Locke,NYPL(B),I came here to tell my dearest
19 May 1799,to,SBP,NYPL(B),I have just heard that our dearest Mrs Locke
[May 1799],to,SBP,NYPL(B),How greatly pleased with my Cloak my
17 June,from,SBP,NYPL(B),What tempts I have to thank you for my
18 July,to,SBP,NYPL(B),[?]
21 July,to,CBFB,NYPL(B),My dearest Charlottenberg -- you are a most
[July],to,CB,NYPL(B),No dear George a most excellent song than
23 July-1 Aug,to,SBP,NYPL(B),I have just received your dear Letter of the
10 Aug,from,Rosette (Rose) Burney,NYPL(B),If you receive my reasons for your happiness
14 Aug,to,SBP,NYPL(B),I know that my most beloved Susan -- my
[Aug],to,SBP mutilated,NYPL(B),The notes with which this passport will burn
5 [Aug] 1799,to,SBP,NYPL(B),[?]
19 Sept,to,SBP,NYPL(B),The letter was begun upon
25 Sept,to,CB,NYPL(B),What is a Crowning to your Honours my dearest
28 Sept,to,EBB,NYPL(B),I can hardly settle with myself my dearest
[pre 23 Apr 1799],to,SBP,NYPL(B),I have just received my [?]
1 Oct,to,SBP,NYPL(B),[?]
4 Oct [1799],to,SBP,NYPL(B),I do not know that tongue! -- [?]
7 Oct,to,ERB,NYPL(B),To my Boys now to have the elect commissions
21 Sept,to,ERB,NYPL(B),It is impossible for me not to give ease to you
[c Sept 1800],to,CMAPWaddington,NYPL(B),Have you been hurt by my long silence my
14 Oct,from,M d'A,NYPL(B),Mon depart et aussi le chois vous
[pre 30 Oct 1800],to,ERB,NYPL(B),When I received your first Letter my dear
17 Nov,to,CJJ,NYPL(B),I think it very long not to hear at least of
18 Nov,to,SBP,Comyn,A[?] Ashley has just left Westhumble -- he is
[27 NO] 1800 pmk,to,SBP,NYPL(B),Well as I could I could say what [?]
11 DL 1800 pmk,to,CB Jr,NYPL(B),I received the glad -- glad tidings
16 Dec,to,SBP,NYPL(B),I do returned -- my dearest Father
18 Dec,to,MG,NYPL(B),I knew the postage will be cheap that shall tell
16 Dec,to,SBP,NYPL(B),Think of my joy -- my surprise -- my gratitude
16 Dec,from,Antoine Bourdois,NYPL(B),Whether or not I shall be the first to tell
17 Dec,from,Frederica Locke,NYPL(B),Yes my beloved Friend from the bottom of
13-[14] Sept,to,ERB,NYPL(B),To write congratulations [?]
[c 13 Sept 1800],to,ERB,NYPL(B),[?]
1 Jan [1800],to,Rosette (Rose) Burney,NYPL(B),I think I have last had from my dear
7 Jan,to,SBP,NYPL(B),I need of anxiety & charming surprise [?]
1 Jan,to,CBFB,BM(Bar),My [?] [?]
1 Jan [1800],from,SBP,BM(Bar),to Molesworth Phillips [?]
[post 9 Jan],to,SBP,NYPL(B),I [?] said how [?]
11 July [1800],to,SBP,BM(Bar),I have not been from yr best [?]
11 July,from,Maria (Allen) Rishton,BM(Bar),from Marianne (Burney) Bourdois
15 July [1800],to,SBP,NYPL(B),later but this beautiful season should be kept
11 July [1800],to,SBP,NYPL(B),Monday will perfectly do for me my dearest
[Jul 1800],to,SBP,NYPL(B),We shall delight to see you my most dear
[July 1800],to,ERB,NYPL(B),With an ear[n]est an interest to discover [?]
2 Aug,from,SBP,BM(Bar),I should be most [?]
4-21 Sept,to,SBP,BM(Bar),I should be [?] [?] Marianne (Burney) Bourdois
[Sept 1800],to,SBP,BM(Bar),I shall [?] myself of my old
[Sept 1800],to,SBP,NYPL(B),With what still & heartfelt satisfaction do I
[10 Jan 1801],to,ERB,NYPL(B),a most [?]
14 MR 1801 pmk,to,SBP,PML,It would have given Me so very much pleasure
[c2 Sept 1801],to,CB,NYPL(B),I am now grateful my dear James to find
21 Mar,with,M d'A to JB and FBA to SHB (with Phillips) Angerstein to Norbury,NYPL(B),take some means of your not being sailing to
[c Apr 1801],to,SBP,NYPL(B),We may you at last my dear Marianna join
13 Jan [1801],to,SBP,NYPL(B),I feel indeed believe my dearest Esther
6 July,to,CBFB (one page written by FBA as NPG),NYPL(B),Joy to you my dear Charlotte -- joy to dear
10 July,to,SBP,NYPL(B),The receipt arrived safe & sound -- & will
[7] Sept,to,SBP,NYPL(B),O dearest -- kindest -- excellent Father!
19 Sept,to,CBFB,NYPL(B),Magnificent my dearest Padre quite
5 [Oct 1801],to,SBP,NYPL(B),We shall have your kindest & warmest Wishes
12 OC 1801 pmk,to,SBP,NYPL(B),[?]
[pre 26] Oct,to,M d'A,NYPL(B),Mr Locke came just now to me [?]
[26-27 Oct 1801],from,M d'A,NYPL(B),I know how kindly you would partake in my
27 Oct,from,M d'A,NYPL(B),M. Domerque etant occupe je l'ecris de son
[15 Aug],to,NYPL(B),NYPL(B),The assured arrived safe & sound -- & will
4 Aug,to,SBP mutilated,NYPL(B),Can I tell you my dearest Father? -- Ah so --
3 p Jan [1801],to,SBP,NYPL(B),I [?]
[6 Jan 1801],to,SBP,NYPL(B),I am incited to cast away my
[post 25 Dec 1801],to,CB,NYPL(B),I have been quite enchanted at the Night --
[29 Dec 1801],to,SBP,NYPL(B),I hope & trust my most beloved Friend
[1801-02],to,Cassandra (Leigh) Cooke,NYPL(B),Nothing short of a nearly continual expectation
[2-3 Jan 1802],to,M d'A,NYPL(B),En ecrie une lettre de moi ma chere amie car
[Jan 1802],to,M d'A,NYPL(B),in the «Cervant» hope you will set out
[11 Feb 1802],to,Margaret Planta,NYPL(B),A word unexpected & to me a severe event
15-19 Feb,to,M d'A,NYPL(B),Ah my unites! -- in what manner must I begin
[17 FE 1802],to,CB,NYPL(B),M d'Arblay is gone my dearest Father --
17 FE 1802,to,Frederica Locke,BM(Bar),My cares than Ever dear M[rs] d'Arblay
[18 Feb 1802],to,CB,NYPL(B),My poor little Boy is still too ill for removal &
19 Feb,from,M d'A,NYPL(B),How I am my dearest friend after a long and
19 Feb,from,Harriet (Collins) de Beauvau,NYPL(B),Nobody of those who are happy enough to be
19-22 Feb [1802],to,M d'A,NYPL(B),I set off to my best Friend a diary from the
26-28 Mar,to,JB,NYPL(B),I leave well with what satisfaction you will
28 Mar,to,M d'A,NYPL(B),Amelia -- the sweet lovely Amelia is safe -- a
[post 28 Mar 1802],to,SBP,NYPL(B),[?]
30 Mar,to,M d'A,NYPL(B),Indeed my dearest Father I am not [?]
4 Apr,to,M d'A with PS by AA,BM(Bar),I have just received (No. 12) my beloved
7 [Apr 1802],from,Anne-Louise (Necker) baroness de Stael-Holstein,PML,[?]
[c 6 Apr 1802],from,Margaret Planta,NYPL(B),I should have so far disposed that
11 Apr [1802],from,Mary (Danby) Countess of Ha[rcourt],NYPL(B),M[rs] Harcourt promises her Cottage to Madame
12 AP 1802 pmk,to,CB Jr,NYPL(B),Do tell Fanny I trust to embrace me on Sunday
14 Apr,to,GF Jr,BM(Bar),after every night I saw you I received from
[15] Apr,to,M d'A,BM(Bar),J'arrive nous avait nous Cher -- Char les [?]
15-18 Apr,to,CB,NYPL(B),I write at Shards upon the largest Paper I can
17 Apr,to,CB,NYPL(B),When I began my journal I intended to give you
[13] Apr [1802],to,M d'A,NYPL(B),[?]
2 Mar,from,M d'A,NYPL(B),Je suis dans le chagrin ma dearest Father [?]
5 Mar,from,M d'A,NYPL(B),M. donne le [?] de notre harmonieuse [?]
[c Apr 1802],from,M d'A to FBA & AA,NYPL(B),J'ai au [?] beaucoups d'avoir Hier reçu [?]
1 Apr,to,M d'A,NYPL(B),A word unexpected & to me a severe event
11 Feb [1802],to,Margaret Planta,NYPL(B),[?]
[Apr-May 1802] typescript copies of excerpts,to,Frederica Locke,NPG,[?]
[Apr-May 1802] copy extract,to,CB [?],NYPL(B),As soon as the red trunk of poor Adrienne was
3-5 May,to,SBP,NYPL(B),May I pass now to the Week following my
5 May,to,SBP,NYPL(B),I shall go on my dearest Padre with the grand
[5]-8 May,to,SBP,NYPL(B),what to say She [?] gently observed [?]
8 May [1802],to,CB (composite of extracts of partly [?] copy in CB [?] 5 May-5 Oct 1806),NYPL(B),May the M. d'Henin former [?]
6 May [1802]-5 Oct 1806,to,SBP,NYPL(B),[Miss del] Pritz & M[me] de Bouillon with whom
24 May,to,ERB,NYPL(B),I can never tell you my dearest Esther the
6 June [1802],to,SBP,BM(Bar),It is very kind of you my dearest Aunt
[June],to,SBP,NYPL(B),my beloved Father -- a thousand thanks for
11 June,to,Frederica Locke,NYPL(B),my most beloved friends a passport
25 June-17 July,to,CBFB,NYPL(B),Ah my dearest Charlotte if you can forgive
[17 June 1802],to,EBB,NYPL(B),[?]
29 June [1802],to,SBP,NYPL(B),What tempts I have to thank you for my [?]
[pre 25 Apr 1799],to,SBP,NYPL(B),FBA copy to Miss Planta
[post 17 Feb 1802],to,SBP,NYPL(B),La derniere fois a serious consequence
20 July,from,SBP,NYPL(B),[?]
2 Nov,to,SBP,NYPL(B),It is so long since I knew that to [?]
[Nov 1802],to,Charlotte Cambridge,NYPL(B),[?]
3 Dec,to,Frederica Locke,NYPL(B),[?]
15 Dec,from,SBP,NYPL(B),But indeed our dear Miss Planta [?]
[1802],from,AA,NYPL(B),[?]
[1802-1806],from,M d'A and Louis comte de Narbonne,NYPL(B),Fendue mille et mille fois ma vraie amie
[c 10 June 1802],from,Comtesse Adrienne (de Noailles) de la Tour [?],NYPL(B),Voici Madame ma petite lettre pour
[post 1802?],from,Dame-Adelaide (de Damas d'Antigny) comtesse de Simiane,BM(Bar),Le coeur de M. Bourbon yesterday is truly
16 [post 1802?],to,SBP,BM(Bar),[?]
7 Mar,to,SBP,NYPL(B),No sir a Letter -- and I am too dismally
10 Mar,to,Margaret Planta,NYPL(B),I should be difficult to give you an idea of the
22 Mar,to,CMAPWaddington,NYPL(B),Let me now more fully answer your last
[20 Jan],to,CMAPWaddington,NYPL(B),I am often downright je ne sais dans la lettre
[c 20 Jan 1803],to,M d'A,NYPL(B),Je suis bien donnee je ne sais dans la lettre
15 Jan,to,M d'A,NYPL(B),Au Mon cher Ami! Quel terrible triste triste
[7 Oct 1803],to,SBP,NYPL(B),Je suis alle tous bas a la grotte [?]
[Oct 1803],to,SBP,NYPL(B),Our uncle my dearest Friend occupies me
[Oct 1803],to,M d'A,NYPL(B),[four] than 7 [?] our poor Boy had
[c Aug 1803],from,Queen Charlotte to Margaret Planta,NYPL(B),[?]
[1803],to,SBP,NYPL(B),I have been in [?]
14 May,to,SBP,NYPL(B),with M d'A to CB
14 May,to,M d'A to EBB,NYPL(B),The retired and the opportunity which
12-16 June,to,SBP,NYPL(B),How woefully all immediate hopes are
18 [June] pmk 1803,to,SBP,NYPL(B),What is of become of you my dearest Carlison?
3 July,to,Ann (Astley) Agnew,NYPL(B),How wicked must I have appeared to my dear
22 July,from,[an official?] -- Mary,NYPL(B),Etat est le Commissionnaire
8 [Oct 1804],to,M d'A,NYPL(B),How impossible it is for me to say the sighing
9 Oct 1804,from,M d'A,NYPL(B),En verité ma chere amie il n'est impossible
[9-11 Oct 1804],to,SBP,NYPL(B),Ah mon amie quel triste voyage! Mon oncle
13 Oct [1804],to,SBP,NYPL(B),Ah mon ami combien je souffre de ce que tu
[Oct 1804],to,M d'A,NYPL(B),Vous en voudra? -- no mon ami non -- God
[Oct 1804],to,SBP,NYPL(B),Ah mon amie! combien je souffre de ce que tu
[c late Oct 1804],to,M d'A,NYPL(B),Je suis bien donnee je ne sais [?]
[Oct 1804],to,M d'A,NYPL(B),[?]
[1804],to,SBP,NYPL(B),[?]
3-4 Aug,to,SBP,NYPL(B),[?]
2 Mar,to,SBP,NYPL(B),[?]
3 May,to,SBP,NYPL(B),I have written to answer to M. d'Arblay
20 Jun,to,SBP,NYPL(B),My [?]
30 Jun,to,ERB,NYPL(B),[?]
20 July,to,SBP,NYPL(B),it was our mutual [?]
[Aug 1805],from,SBP,BM(Bar),[?]
7 NO 1805 pmk,to,SBP,NYPL(B),My how to draw Fanny -- & may Her[?]
9 Oct,to,SBP,NYPL(B),Tis so long so very long now I have heard
10 Oct,to,Frederica Locke,NYPL(B),How was I touched & sight of
15 Oct,to,GBFB,NYPL(B),What a cruel length of time it is since I have
17 Oct,to,SBP,MG,With Marianne (Burney) Bourdois to CB
22 Oct,to,SBP,BM(Bar),We [?]took for news from you my dearest
23 Oct [1806],from,Marianne (Burney) Bourdois,BM(Bar),And now my dearly beloved Father all my
[pre Oct 1806],from,Marianne (Burney) Bourdois,BM(Bar),The pill has operated at length my dearest
[Sept 1806],to,SBP,BM(Bar),[?]
15 Sept 1806,to,SBP,BM(Bar),[?]
1 Sept [1806],to,SBP,BM(Bar),I have had a late & small trial [?]
11 Nov,to,CMAPWaddington,NYPL(B),What a cruel length of time has passed
23-24 Oct,with,AA to M d'A,NYPL(B),J'avais grand pour que ma petite Lettre is
24-25 Oct,from,M d'A,NYPL(B),Que je suis honteuse ma bonne amie et
5(-) Oct,to,SBP,NYPL(B),Je n'aurois rien de cette poste rien du tout
[1806-12],from,Marianne (Burney) Bourdois,BM(Bar),Want of strength to put one foot before the
[1806-12],from,Marquis de Lafayette,NYPL(B),I have just now a very good Opportunity to
[1806-12],to,SBP,NYPL(B),[?]
1 Jan,from,Marianne (Burney) Bourdois,BM(Bar),[?]
[Jan 1807],to,SBP,BM(Bar),its at dear what a day of leisure
[Jan 1807],from,Marianne (Burney) Bourdois,BM(Bar),how do you today my dearest Aunt? I have
1 Jan [1807],to,SBP,BM(Bar),I must journey my dearest Aunt with all
[Jan 1807],from,Marianne (Burney) to FBA M d'A (included in AL from 22 Jan 1807),BM(Bar),[?]
2 Jan [1807],from,SBP,BM(Bar),I've to [?] so as to tell to consent
[post 20 Jan 1807],from,Marianne (Burney) Bourdois,BM(Bar),My Aunt I have not [?]
[post 1807],from,SBP,NYPL(B),[?]
20 Apr [1807],from,Marianne (Burney) Bourdois,BM(Bar),We have had the most delightful journey
3 May [1807],from,Marianne (Burney) Bourdois,BM(Bar),I will not my darling further withhold
7 May,to,SBP,BM(Bar),with PS from Laborda (Person)
[Mar 1807],from,Marianne (Burney) Bourdois,BM(Bar),[?]
14 May [1807],from,Marianne (Burney) Bourdois,BM(Bar),[?]
15 May,from,Marianne (Burney) Bourdois,BM(Bar),[?]
June,from,SBP,BM(Bar),[?]
14 June [1807],from,Marianne (Burney) Bourdois,BM(Bar),[?]
16 Sept,with,M d'A to CB,NYPL(B),[?]
[post 1807],to,Susan Adams,NYPL(B),Had the smallest idea crossed my Mind upon
22 Nov,from,Marianne (Burney) Bourdois,BM(Bar),I do not at Bristo ma bonne amie [?]
23 Nov,from,Marianne (Burney) Bourdois,BM(Bar),[?]
1 Nov [1806],from,Marianne (Burney) Bourdois,BM(Bar),My dearest Aunt will I trust with respect to
5 Nov [1805],to,SBP,BM(Bar),Antoine Bourdois
[Jan 1806],to,SBP,NYPL(B),[?]
[Jun 1806],from,Marianne (Burney) Bourdois,BM(Bar),[?]
[c 1806],from,Marianne (Burney) Bourdois,BM(Bar),I do not at being prevented from NYPL(B) [?]
24 Jan [1808],from,Frances (Savery) de Poigneu [?],NYPL(B),I am quite astonished to hear My dear Madam
[Sept 1808],to,CB (with PS by M d'A),NYPL(B),Alas how so long robbed of all means of
19 Feb,from,David Baillie Warden,BM(Bar),I should more than a year say that you
18 May,from,CBFB,BM(Bar),Tho' I have the pen in my hand I can hardly
[25 Mar 1810],to,CB,NYPL(B),Various considerations have induced us to
1 May [1810],to,CB,NYPL(B),A happy May Day to my dearest Father! sweetly
5 July,to,David Baillie Warden,MdHS,Madame d'Arblay is extremely ashamed to
[14 Apr 1811],with,M d'A to AA,NYPL(B),Mary -- or rather countless as are the firmest
19 [May 1811],from,Adrienne (de Noailles) comtesse de Tesse,BM(Bar),[?]
[30 Sept 1811],to,EBB (with PS by M d'A),NYPL(B),I have now so long -- long been
[1809],from,Louis comte de Narbonne-FML,NYPL(B),j'allais ecrire a la plus heureuse et a la plus
16 Sept,to,SBP,NYPL(B),I wrote an account [?]
16 Sept,with,M d'A to CB,NYPL(B),Can I tell you my dearest Father? -- Ah so --
1 Sept copy,to,Frederica Locke,NYPL(B),Should this reach you my ever dearest Friend
[30 Sept? 1811],from,Dominique-Jean baron Larrey,BM(Bar),il etoit convenu entre nous tous que vous ne
6 Oct,from,Adrienne (de Noailles) comtesse de Tesse,BM(Bar),[?]
20 Nov,from,Dominique-Jean baron Larrey,NYPL(B),Lorsque par l'interet que votre situation
17 Dec,from,Jean-Baptiste-Gabriel Bazille,NYPL(B),je vais vaincre toutes difficulte a vous faire
15 July,with,AA to M d'A,NYPL(B),Oui cher Papa vous l'aurez cette satisfaction
17 [July 1812],to,M d'A,NYPL(B),Ma chere amie j'ai hazarde aujourd'hui
17-18 July [1812],from,M d'A (PS to A),NYPL(B),En cherchant la lettre p[ou]r Alex que j'ai en amore[?]
19 [July 1812],from,M d'A,NYPL(B),vous avez raison de rire ma chere amie qu'à
23-24 July,from,M d'A,NYPL(B),Voici ma chere et toujours plus chere Fanny
24 July [1812?],from,M d'A,NYPL(B),Your samedi's Letter I have just read --
25 July [1812],from,M d'A,NYPL(B),Amie de mon coeur toi qui dois si bien savoir
[31 July 1812],from,M d'A,NYPL(B),Chere excellente incomparable amie quelle
1 Aug,from,M d'A,NYPL(B),Dont be convince a philosophe et a tendere
2 Aug,from,M d'A,NYPL(B),Adieu then mon ami -- the Word with which
2 Aug,from,M d'A,NYPL(B),Je ne desiere rien tant que de voir revenir cette
3 Aug [1812],from,M d'A,NYPL(B),Oh mon amie du courage du courage! nous en
[c 1 May 1809],to,SBP,NYPL(B),[?]
[1 May 1812],to,M d'A,NYPL(B),Let just judge my dearest Father by myself
3 May,to,SBP,NYPL(B),[?]
[c May 1812],to,CB Jr,NYPL(B),of Maria's has just informed me that a
18 p Svo [July 1812],to,M d'A,NYPL(B),Bonaparte to conquer out [?]
1 July [1812],to,M d'A,NYPL(B),a sense which kindness like your own
8 July [1812],from,M d'A,NYPL(B),hier et ecoutons amie dis moi done que tu es
11 July,to,M d'A,NYPL(B),mon Ami que j'avois a chagrin hier --
11 July,to,M d'A,NYPL(B),oh what pleasure -- what sights of pleasure
13 July,to,M d'A,NYPL(B),[?]
4 Mar,to,SBP,BM(Bar),from Maria (Allen) Rishton with M d'A to CB Jr
3 Mar,to,M d'A,NYPL(B),It seems very long ago my dear Charles to me
[22 Mar],to,SBP,NYPL(B),After Day I have meant to write to my
23 Mar,to,SBP,NYPL(B),[?]
27 Apr,to,M d'A,NYPL(B),very [?] entirely a charbons & carry my Boy
[?] MY 1800 pmk,to,SBP,NYPL(B),I was quite rejoiced at the [?] command
13 JU 1800 pmk,to,ERB,NYPL(B),I [?] charges me my dearest Esther to
18 June,from,David Richter,BM(Bar),I have the honour to inform you that a
[post 18 June 1800],to,David Richter,BM(Bar),draft [?]
30 June,to,SBP,Hilles,I am so much obliged to you my dear
[post 20 June 1800],from,Rosette (Rose) Burney,NYPL(B),To ask Favour Dear [?] has been so [?] to have
[25] June [1800],from,Norbury Phillips,NYPL(B),a thousand thanks to you my Dearest Aunt for
[1800],to,SBP,BM(Bar),I [?] feel as [?]
[c 1800],to,CB Jr,NYPL(B),At once [?] I have made for [?]
[c 4 Mar 1800],to,SBP,NYPL(B),from Maria (Allen) Rishton BM(Bar)
[7-30 Jan 1800],to,SBP,NYPL(B),from Maria (Allen) Rishton with merely
[Jan 1800],from,Hector (Mulso) Chapone,NYPL(B),from a most ungrateful creature
[c Feb 1800],to,CB Jr,NYPL(B),Charles -- how can I write or not -- it
[c Feb 1800],to,SBP,NYPL(B),[?]
[19 Feb 1800],to,SBP,NYPL(B),Let us alone let ma chere amie que Charles
10 p Feb [1800],to,M d'A,NYPL(B),[?]
1 Feb copy,to,SBP,NYPL(B),as could be better than your Letter my
7 Feb copy,to,SBP,NYPL(B),We see at my beloved Friend -- we came
[c 1 Feb 1800],to,SBP,NYPL(B),My eldest Father will I know be glad to hear
11 Feb,to,SBP,NYPL(B),I do not like this strike so it shall we not
[1800],to,SBP,BM(Bar),I [?]
[1800],from,Harriet (Mulso) Chapone,BM(Bar),obliged to you my dear
20 Jan,to,Philippe (Philips) Raper,BM(Bar),We have just received your kind
20 Feb,from,CMAPW addington,NYPL(B),Your letters my dear Charles have caused us
20 Feb,to,LB,BM(Bar),I have just received a letter
20 Feb [1818],from,HLTP,NYPL(B),I had been anxious in the Room when Lady
20 Feb [1818] partly a copy,to,HLTP,NYPL(B),There is no situation in which a Wife
5 Feb,copy (in HLTP to FBA 20 Feb),to,Frederica Locke,NYPL(B),[?]
[Feb 1818],to,HLTP,NYPL(B),I heard Yesterday from some of your Friends
1 Mar,to,AA,NYPL(B),Your Letter is mildly holy to me my dear
1 Mar,from,Anne (Leigh) Frodsham,NYPL(B),[?]
1 Mar,partial copy,to,LB,NYPL(B),Dr. March is well
5 Mar,from,AA,NYPL(B),I am to be re morce elected or
7 Mar,from,Richard Twining,NYPL(B),Whilst my good Friend Dr Hughes was at
9 Mar,copy extracts,to,Lady Keith,BM(Bar),[?]
9 Mar,copy extract,to,Lady Keith,BM(Bar),I have just received a letter — read one sentence
[25] Feb,from,AA,NYPL(B),I had written several letters at
25 Feb,to,HLTP,NYPL(B),A Thousand Thanks Dear Madam — & a
20 Feb [1818],to,LB,BM(Bar),I have not uttered my wish with [?]
20 Feb,from,Marie de Maisonneuve,NYPL(B),voila oh moment de bonheur
13 Mar,to,Princess Elizabeth,NYPL(B),Is my remembrance faithful? Did I not see a
14 Mar,to,CRFB,NYPL(B),I will not wait for the leisure of sending our
20 Feb,copy,to,LB,BM(Bar),Your letters my dear Charles have caused us [?]
5 Feb,copy,to,LB,NYPL(B),To Industrie charmed
8 Feb,copy,to,LB,BM(Bar),in the plan you consecrate
4 Feb,from,George Owen Cambridge,BM(Bar),An arrangement which for some time
8 Feb,to,Charlotte Beckedorff,BM(Bar),[?]
10 Feb [1818],to,LB,NYPL(B),I am actually ashoke at [?] College
10 Feb,to,Princess Elizabeth,NYPL(B),A report has just reached the obscurity of my
12-13 Feb,copy,to,LB,BM(Bar),The true & well understood sympathy with
15 Feb,copy,to,LB,BM(Bar),How infinitely sensible of the gen [?]
15 Feb,copy,to,LB,BM(Bar),I have just received L.K.E. letter with great
20 Feb [1818],to,LB,BM(Bar),I have not uttered my wish with letter of
20 Feb,from,Frances Bowdler,BM(Bar),I have just received a letter — read one sentence
[Mar 1818],to,LB,NYPL(B),I a[?] of all Letters not
[c. Mar 1818],copy,to,LB,NYPL(B),in the plan you consecrate
4 Mar,from,Cassandra (Leigh) Cooke,NYPL(B),a particle of your most
[c. Mar 1818 mutilated 1817],to,LB,NYPL(B),[?]
[Mar 1818],to,George Owen Cambridge,NYPL(B),[?]
17 Mar,copy,to,LB,NYPL(B),how dear Alexander & have
[c Mar],to,AA,NYPL(B),I thank you enough for your great
17 Mar,to,LB,NYPL(B) mutilated,I past Kagely 5 miles a pleasant
17 Mar,copy,to,LB,BM(Bar),I hope you had a Letter from me
17 Mar,to,Princess Elizabeth,NYPL(B),In merely writing at this view of expected
20 Mar,to,AA,NYPL(B),I have been prevented from writing — on the
3-20 Mar [1818],to,CRFB,NYPL(B),Sunday my dearest Charlotte Mrs [?]
31 Mar,copy,to,LB,BM(Bar),Grieves indeed to me most heavily as in my
[Mar 1818],to,Sarah Baker,BM(Bar),I take this small measure of paper
3 Apr,from,AA,NYPL(B),Mr Jackson and Mr Isambert are not yet
5 Apr,to,CRFB,NYPL(B),The Epitaph my dearest Charlotte can be all
7 Apr,copy,to,Charlotte Beckedorff,BM(Bar),At the feet of Her Mty I entreat you to lay
[c Apr],to,LB,BM(Bar),[?]
7 Apr,to,Princess Elizabeth,NYPL(B),Happy on This Day is the [?] 8th yr [?] Great
[10] Apr,to,AA,NYPL(B),I shall bespoke some stamps for dear papa which
17 Apr,from,Marie de Maisonneuve,NYPL(B),quelle bonne[?] aimable lettre plus interessante
22 AP 1818 pmk,to,CRFB,NYPL(B),Oh my Alex — my poor Alex — I fear you
[22 Apr 1818],from,Amelia (Locke) Angerstein,BM(Bar),My very dear Mrs d'Arblay The hope
22 Apr [1818],from,Frederica Locke,NYPL(B),Here I am my dearly loved Friend with my
25 Apr,to,EBB,NYPL(B),with Sophia Burney to EBB
27 Apr,from,Frederica Locke,BM(Bar),On my dear Hetty I think him a little better
[Apr 1818],from,EBB,NYPL(B),I cannot return to my Vale without telling my
[Apr 1818],from,EBB,BM(Bar),How kind my poor dear Fanny it is of you to
[Apr 1818],from,EBB,BM(Bar),Grieved to the soul by the accounts of
[1-3 May],to,CRFB & CFPB,NYPL(B),Yes — come to me — my tender Charlotte
2 June,from,Marquis de Lally-Tollendal,NYPL(B),[?]
25 JU 1818 pmk,to,Lady Keith,NYPL(B),Oh my Charlotte — my dear — dear
28 JU 1818 pmk,to,CRFB,NYPL(B),I will tell you my dearest Becky[?]
[c Jul 1818],to,LB,NYPL(B) mutilated,NYPL(B) [?]
5 July,from,Anne/Key[?],NYPL(B),[?]
8 May,to,EBB,NYPL(B),Your kindness is just what I most need
8 May,from,SHB,NYPL(B),Dearest Fanny I hope time will
10 May,to,CRFB,NYPL(B),I cannot help states that it was to me
[c May],from,Burdett [?] Mesangere,NYPL(B),I have been your [?] here
20 May,to,CRFB,NYPL(B),[?]
5 May 1818 pmk,to,LB,NYPL(B),I make Alex write again but he had
20 May,from,William Wilberforce,NYPL(B),with the most hearted novel interest
24 May [1818],to,LB,BM(Bar),it is with pain to me & is unpleasant
24 May [1818],to,Sarah Baker,BM(Bar),[?]
30 May,from,Eleanore princess d'Henin,NYPL(B),he was sentiment Capucins a France
[May 1818],from,Marie de Lafayette,NYPL(B),Les gaietes monstres de son announce testes
[May 1818],from,Sarah Martha Holroyd,NYPL(B),I would not intrude upon my dear friend
[post May 1818],from,Frances Elizabeth,NYPL(B),Long have I intended you a letter my dear
5 July,to,AA,NYPL(B),[?]
14 JU 1818 pmk,to,CRFB,NYPL(B),[?]
21 July,from,JB,NYPL(B),[?]
28 July,from,Marie de Maisonneuve,NYPL(B),[?]
29 July [1818],to,Frederica Locke & Amelia (Locke) Angerstein,BM(Bar),[?]
17 Aug [1818],from,Princess Mary,NYPL(B),The constant kindness I have always
20 Aug,to,CRFB,BM(Bar),If you can come [?] Norbu Sculdingpen
25 Aug [1818],from,Harriett Maltby,NYPL(B),Your health my dear friend my dear
30 Aug [1818],from,Henriette (Guignet de Souligne) de Maurville,NYPL(B),il me avait difficile Madame de cherer amie
1 Sep [1818],to,CRFB,NYPL(B),My dear Kitty Cambridge must be my
[c Sep 1818],to,LB,NYPL(B),I will tell you my devoted Brecht[?]
[c Sep 1818],to,CRFB,NYPL(B),I wd [?] pudy Brotherly
1 Oct [1818],from,Sarah Martha Holroyd,NYPL(B),I was very glad my dear friend to hear that
10 Oct [1818] pmk,to,CRFB,NYPL(B),[?]
1 Oct,from,Cecile (de Riquet de Caraman) marquise de Sommery,NYPL(B),This proposed inclusion during this late
15-18 Oct,to,CRFB,NYPL(B),Your tendre & constant invitation my Charlotte
16 Nov,from,Marie de Maisonneuve,NYPL(B),Ma lettre d'octobre vous aura donne[?] l'idee
25 Nov [1818?],from,Eleanore princess d'Henin,NYPL(B),chere madame je n'auis du fond du coeur a
[c 26 Nov-4 Dec],to,ERB,NYPL(B),Your Letter touches me to take my pen the
[post Nov 1818],from,Princess Elizabeth,NYPL(B),Yesterday evening I received your very kind
19 Oct [1818],from,Frances Bowdler,NYPL(B),My dear very dear Friend I found your most
20 Oct,from,Marie de Maisonneuve,NYPL(B),Votre silence Ma bien chere
22 Oct [1818],from,HLTP,NYPL(B),Way of glorifying Dear Madame to find
22 Oct,to,AA,NYPL(B),& Me Deacon Sol / Wasting Time Stuff
24 Oct,copy,to,William Tudor,NYPL(B),Mme d'Arblay presents her best Comp[?] to
26 Oct,from,William Tudor,NYPL(B),Mr Tudor thanks [?] his respectful Compliments
27 Oct,from,William Tudor,NYPL(B),Since writing the inclosed Letter Mr Tudor
28 Oct,from,Sarah Martha Holroyd,NYPL(B),How my ever dear friend from [?] express as I
[10 Nov 1818],from,Frances Bowdler,BM(Bar),An opportunity offers of sending a packet to
14 NO 1818 pmk,to,EBB,NYPL(B),unbelieving Alex! / Does then too "still small
14 NO 1818 pmk,to,AA,NYPL(B),[?]
[2 Jun 1818],to,LB,NYPL(B),Know ye knowledge must be my
[c 1818],to,LB,NYPL(B),from & I thank you for your great
4 Oct,to,Richard Twining,NYPL(B),[?]
1818,to,Edward Foss,NYPL(B),The dear Fanny was indeed
6 Oct,to,HLTP,NYPL(B),[?]
Conyn,from,Frances Bowdler,NYPL(B),[?]
4 Mar [post 1818?],from,Princess Mary,NYPL(B),my this my dear Alice[?] a letter
8 Feb,from,Marie de Maisonneuve Ma bien chere,NYPL(B),[?]
[Mar 1818],from,Princess Mary & Princess Elizabeth,NYPL(B),I wish to do what I wish
[Mar 1818],to,Princess Mary,NYPL(B),thanks to return you for the [?]
[Mar 1818],to,Edward Foss,NYPL(B),[?]
1 Jan [1819],to,AA,NYPL(B),Two kind obliging letter
1 Feb,to,EBB,NYPL(B),Could I have derived anything to say of a
2 Feb,from,Marie de Maisonneuve,NYPL(B),I was never more surprized — How? — a
7 Feb,to,AA,NYPL(B),My own Alex — This last letter is very due
14 Feb [1819?],from,Cassandra (Leigh) Cooke,BM(Bar),When my Daughter called at Bolton S—
9 Feb [1818],from,Princess Mary,NYPL(B),[?]
[c Feb],from,AA,NYPL(B),[?]
10 Feb,from,AA,NYPL(B),I am entirely scholar at St College [?]
27 Mar,to,CRFB,NYPL(B),I do certainly think that all afternoon
[c Mar 1819],from,Amelia (Locke) Angerstein,BM(Bar),[?]
[Mar 1819],from,Frederica Locke,BM(Bar),A thousand thanks our dearly loved Friend
9 Apr [1819],from,Marie de Maisonneuve,NYPL(B),In the hope this will meet you before your
9 Apr [1819?],to,LB,NYPL(B),[?]
[10 Apr 1819],from,Marie de Maisonneuve,NYPL(B),reelle et bien charmante Ma bien chere
14 Apr,from,Sarah Martha Holroyd,NYPL(B),I was so much obliged to you my dear friend
16 Apr,from,Cassandra (Leigh) Cooke,NYPL(B),I surely received a Letter
[18 Apr 1819],from,Marie de Maisonneuve,NYPL(B),Ma bien chere amie Victor voudroit poullier
19 Apr,to,CRFB,NYPL(B),To-morrow I hope & trust my two dearest
21 Apr,from,Princess Elizabeth,NYPL(B),You have waited three posts for an answer
24 Apr,from,Cecile (de Riquet de Caraman) marquise de Sommery,BM(Bar),Vous m'avez promise une bien Consolante
24 Apr,to,Cecile (de Riquet de Caraman) marquise de Sommery,BM(Bar),It is a volume gratification to me that through
26 Apr draft,to,CRFB,NYPL(B),[?]
[post 27 Apr 1819],to,George Edmond Hay,BM(Bar),Your letter has extremely touched me but the
4 Mar [post 1818?],from,Princess Mary,NYPL(B),[?]
[Jul [post 1818]],to,LB,NYPL(B),[?]
5 Aug [1819],from,Princess Mary,NYPL(B),my to opening My proof from <Cliants> with
5 Aug [1819],to,CRFB,NYPL(B),Every day — & all day long for at least a
8 Aug,from,Princess Augusta,NYPL(B),Two most joyous[?] on a Dunham
9 Aug [1819],to,LB,NYPL(B),Women alas! are we all know after the fall
12 Aug [1819],to,Princess Augusta,NYPL(B),What can I say to your sweet friendship I was
[14 Aug 1819],from,Frederica Locke,NYPL(B),I hasten to say my beloved Friend that my
[post 18 Aug 1819],to,CRFB,NYPL(B),[?]
23 AU 1819 pmk,to,EBB,NYPL(B),I have never styled have annex[?]
30 Aug-4 Sept,to,EBB,NYPL(B),At Alex is now planning a visit to Bath I will
1 Sept,to,CRFB,BM(Bar),A little late only to my dearest Charlotte to
8 Sept,from,Frederica Locke,BM(Bar),[?]
[14 Sept 1819],from,Marie de Maisonneuve,NYPL(B),plus de verve
16 Sept [1819],from,Princess Elizabeth,NYPL(B),My letter from You Sir so you say long
[18 Sept 1819],from,Princess Mary,NYPL(B),[?]
[25 Sept 1819],to,CRFB,NYPL(B),[?]
4 Nov,from,Marie de Maisonneuve,NYPL(B),a ce que ces maille Votre bonne lettre
17 Nov,to,CMAPWaddington,NYPL(B),[?]
[1 Nov 1819],from,Frances Bowdler,BM(Bar),Your interesting letter has been much too long
17 Nov 1819-30 Mar 1820,to,FBA journal,NYPL(B),147 p Notes-
1 Dec,from,Marie de Maisonneuve,NYPL(B),he bien chere amie il est on par qui <Al>
24 July,to,LB,NYPL(B),Your most kind Letter my Dear
[24 July 1819],from,Princess Elizabeth,NYPL(B),I am in the height place Brighton[?] to you at
31 Jul,to,Frederica Locke,BM(Bar),or never my beloved Friend I found
[Jun 1819],from,Marie de Maisonneuve,NYPL(B),[?]
[Jun 1819],to,Princess Mary,NYPL(B),[?]
[Jun 1819 mutilated],to,LB,NYPL(B),In the first place Brighton[?] to you at
31 [Jul 1819],to,Frederica Locke,BM(Bar),at my times my kind Esther was my Best
[Jun 1819],from,Marie de Maisonneuve,NYPL(B),bon faire chez nous on ne pense de cette
[Jun 1819],to,Princess Mary,PML,[?]
[Jul 1819],from,Marie de Maisonneuve,NYPL(B),les bou three[?] bien [?] de ces mots je repete
5 July,from,Sarah Martha Holroyd,NYPL(B),indeed you do me but justice to believe I
12 July [1819],from,Marie de Maisonneuve,NYPL(B),Lack of merit[?] to me so rare
17 July [1819],from,Princess Mary,NYPL(B),Your most kind Letter my Dear — late
19 July,from,EBB,BM(Bar),[?]
[20 July 1819],from,Marie de Maisonneuve,NYPL(B),produict que Mdle Violet[?] revue
20 Apr,to,CRFB,NYPL(B),I shall write well enough — / Writing 1 will pen
22 Mar,to,EBB,NYPL(B),how deady[?] Fanny
[c Mar 1819],from,Marie de Maisonneuve,NYPL(B),nos tres chers Esther even such
10 Mar,to,EBB,NYPL(B),it will be long [?]
[11 Feb],to,LB,NYPL(B),Dear Darling I guess to find the
2 Mar [1819],from,Princess Elizabeth,BM(Bar),I bound thanks my dear Madam for the
[c Mar 1819],from,Princess Mary,NYPL(B),I regret not having sent this ANSWER to your
[c 15 Mar],to,LB,NYPL(B),shall you come to me Saturday morning at
13 May,to,Princess Elizabeth,NYPL(B),o the safest Hour since yr. R.H. deigns to
1819,from,Frances Bowdler,NYPL(B),[?]
[1819],to,Princess Mary,NYPL(B),to her hope of having my little [?]
[1819],to,Princess Mary,NYPL(B),[?]
[Mar 1819?],draft,to,MB,NYPL(B),[?]
[Mar 1819],from,Princess Mary,NYPL(B),[?]
[c 1819],from,Princess Mary,NYPL(B),I wish to do what I wish
25 Apr,to,CRFB,NYPL(B),[?]
[c 5 Apr],from,Princess Sophia,NYPL(B),[?]
[c 7 Feb 1819?],from,Princess Sophia,NYPL(B),[?]
30 June,to,LB,NYPL(B),Ah! Nose my hard Esther was only last
31 June [1819],to,LB,NYPL(B),he but little Note my kind Esther was my Best
24 July,from,Princess Elizabeth,NYPL(B),I am in the height [?]
4 Aug [1819],from,Princess Mary,NYPL(B),my opening My proof from Cli[?]
1 Sept [1819],from,Princess Mary,NYPL(B),I to make his bien chere Maisone d'Arblay
[Sept 1819],from,Princess Augusta,NYPL(B),[?]
[10 Sept 1819],from,Princess Mary,NYPL(B),my to poor Esther I [?]
2 Sept [1819],from,Frederica Locke,NYPL(B),a [?] past enquir elle me fait an an so[?]
15 Sept [1819],from,Princess d'Arblay a [?] vieuse [?],NYPL(B),[?]
[c 21 Sept 1819],from,Frederica Locke,NYPL(B),[?]
4 Oct,from,Frederica Locke,BM(Bar),[?]
5 Oct,to,CRFB,NYPL(B),[?]
8 Oct,from,Princess Sophia,NYPL(B),Mother! Money! Money! Methinks I will try
11 Oct,copy excerpt,to,CRFB,NYPL(B),[?]
14 Oct,to,CRFB,NYPL(B),the constant present — never ending her[?]
1820,from,Princess Mary,NYPL(B),[?]
10 Feb,copy,to,Frederica Locke,NYPL(B),The a complaint in my Eyes allows me to
17 Feb,copy,to,Frederica Locke,NYPL(B),No one my dearest Friend can live —
[c Jan 1820],from,Frederica Locke,BM(Bar),I begin to confess my beloved Friend
5 JY 1820 pmk,to,CMAPW addington,NYPL(B),My Lettes now is wild about the newly
[Feb 1820],from,Princess Elizabeth,NYPL(B),[?]
[c Feb],to,AA,NYPL(B),I think Madame d'Arblay
[c Feb],to,CRFB,NYPL(B),[?]
[Mar 1820],from,Princess Mary,NYPL(B),I understand my dear Madame
Apr 1820,from,Princess of Maidison[?],NYPL(B),[?]
[c Apr],from,Princess Elizabeth,NYPL(B),me be kind — how very kind my dear Hetty
[c 1820],to,John Kay,NYPL(B),John Kay appeared very negligent
23 Oct [1820 or 1818],from,George Owen Cambridge,NYPL(B),I could not be doing justice to any own
[c 1820],from,Princess Mary,NYPL(B),I quite understand my dear Madame
[c Jan 1820],from,Princess Elizabeth,NYPL(B),Happy is Your Letters always make me my
[c 1820?],to,Frederica Locke,NYPL(B),[?]
[20] Aug [1819-28],from,Princess Sophia,NYPL(B),for love of Ross intermediaries[?]
25 Oct [1819-28],from,Princess Sophia,NYPL(B),My dear dear Friend that I was not so idle
c 3y [1819-28],from,Princess Sophia,NYPL(B),Tuesday in the day my dear friend as I
c 5y [1819-28],from,Princess Sophia,NYPL(B),My dearest find I tell you how we are [?]
[1819-28],from,Princess Sophia,NYPL(B),Cr<o> me Know how you are dearest friend
22 [1819-28],from,Princess Sophia,NYPL(B),My I sty Thursday Evening dearest dear
[1819-28],from,Princess Sophia,NYPL(B),My dearest kind Friend! Illness allows but a
near Easter [1819-28],from,Princess Sophia,NYPL(B),O you sweet Princess You! Good Friday
[1818-28],from,Princess Sophia,NYPL(B),one the wife of Colledge observed that son well
[1819-28],from,Princess Sophia,NYPL(B),My dearest kindest Friend! You will say is this
2 Feb [1819-28],from,Princess Mary,NYPL(B),Turning I sending into your kindest
1 July [1819-28],from,Princess Sophia,NYPL(B),I was indeed placed in the desolate [?]
18 Aug [1819-28],from,Princess Sophia,NYPL(B),Dear & kind Friend! The cost being clear of
21-22 Jan,copy,to,Frederica Locke,NYPL(B),— and while this alarm for [?]s health has
25 Jan,draft,to,William Wilberforce,NYPL(B),[?]
29 Jan,to [?] announcement of the death,copy,NYPL(B),[?]
1 Nov [1819],from,Elizabeth Lady Templetown,BM(Bar),I was never more surprised — How? — a
11 Nov,to,EBB,NYPL(B),I cannot bear to delay a single day
[10 Nov],from,Julia (Locke) Angerstein,NYPL(B),three books by your dear nomination[?]
29 Nov [1822],from,Elizabeth Lady Templetown,NYPL(B),might I have the power truly dear for
11-31 Dec,to,EBB,NYPL(B),I have so much to say to my dear Esther that
24 Dec,from,Frederica Locke,NYPL(B),for it the [?] Arguments annex
24 Dec,from,Elizabeth Lady Templetown,BM(Bar),as a great deal (indeed many that) of
3 Dec,from,Princess Elizabeth,BM(Bar),Do not imagine my dear Madame d'Arblay that I
4 Dec [1820],to,CRFB,NYPL(B),I am pleased of your terms my [?]
4 Dec,to,EBB,NYPL(B),[?]
6-7 Oct,to,CRFB,NYPL(B),I am pleased of your terms my [?]
[post [c Oct 1821]],to,LB,NYPL(B),he Salah (Payne) Burney Sarah
25 Nov-18 Dec 1821,to,CRFB,NYPL(B),You know then per also this the kind [?]
30 NO 1821 pmk,to,Sarah (Payne) Burney,PML,I will or with you earnestly my dear M[?]
7 Nov,from,CRFB,BM(Bar),this my dearest sister little did we think we
1 Jan,from,Princess Elizabeth,NYPL(B),May [?] You that I am dead my dear
20 Jan,from,Marie de Maisonneuve,NYPL(B),Votre et chere lettre finir le [?]
10 Oct,to,CRFB,NYPL(B),my dearest Fanny describe to you
[c Oct],from,Sarah (Payne) Burney,BM(Bar),I was so charmed [?] here
11 Nov,from,Frederica Locke,BM(Bar),[?]
[10 Nov 1821],from,Elizabeth Lady Templetown,NYPL(B),Although I have little hope of being able to [?]
[c Nov],to,AA,NYPL(B),I must have pencil with the communication
23 Nov,to,EBB,NYPL(B),My dear — My dear — it has also crever that
10 Dec [1821],from,Sarah Baker,NYPL(B),I had always gladly imagined that have I so
12-14 Dec,to,EBB,NYPL(B),I have so much to say to my dear Esther that
[Dec 1821],to,Frederica Locke,NYPL(B),[?] Sympathy Great! Also it well at me
7 Dec,from,Princess Elizabeth,BM(Bar),Do not imagine my dear Madame d'Arblay that I
10 Dec [1821],from,CRFB,BM(Bar),I never got [?] to her/Payne dear [?] Brother [?]and then letter
15 Dec,to,HLTP,NYPL(B),[?]
1822,from,Princess Elizabeth,NYPL(B),[?]
23 Jan,from,Harriet Wilson,NYPL(B),I take the Liberty of forwarding you my
25 Jan,to,EBB,NYPL(B),Would you not have been a little astonished
28 Nov,from,Marie de Maisonneuve,NYPL(B),Votre[?] adieu Ma beau chere
10 Dec [1821],from,Marie de Maisonneuve,BM(Bar),[?]
12-14 Dec,to,CRFB,NYPL(B),Entirely my dearest Friend how can I
[1821],from,Amelia (Locke) Angerstein,NYPL(B),I shall have a beginning but when the [?]
[c 1821],to,CRFB,NYPL(B),[?]
[c 1821],to,CPB,NYPL(B),[?]
4 Dec,to,CRFB,NYPL(B),[?]
2 Dec,from,SHB,BM(Bar),I have a sheet of paper out of [?] stamp
16 Dec,to,EBB,NYPL(B),[?]
1821,from,Princess Elizabeth,BM(Bar),[?]
10 Jan [1821],from,Marie de Maisonneuve,NYPL(B),nos treces aimees causes an petit
20 Jan,from,Marie de Maisonneuve,NYPL(B),[?]
[25 Jan 1821],from,Lady Keith,PML,[?]
6 Feb,from,Princess Augusta,NYPL(B),Will you kindly come to me tomorrow
8 Feb [1821],from,Marie de Maisonneuve,NYPL(B),les bou there[?] bon parce l'amour est priz
10-12 Feb,to,CRFB,NYPL(B),I have not uttered my wish with [?]
[10 Feb],to,EBB,NYPL(B),I am too [?] — I am sure — been spread
20 Feb,from,EBB,BM(Bar),how can Dear Fanny so sure a differe
23 Feb Mar,to,EBB,BM(Bar),Thank a thousand times my kind hearted
[c Mar],from,Princess Elizabeth,NYPL(B),It was out of power to write by this days
7 Apr,to,CPB,NYPL(B),the sight of my head — At last — with lead
[c Apr],from,EBB,BM(Bar),I was just going to execute the melancholy
7 Apr,to,Sarah (Burney) Payne,AEC(Bl),[?]
24 pmk [Apr 1821],to,CRFB,NYPL(B),I ought to have written to my dearest
19 AP 1821 pmk,to,CRFB,BM(Bar),I was very numb to hope that I should still
[c Apr 1821],from,Frederica Locke,BM(Bar),My we beloved Friend will have to hear that
2 MY 1821,to,CRFB,NYPL(B),My Charlotte — my dearest Charlotte face
[post 2 May 1821],from,Sophia (Thrale) Hoare,BM(Bar),Many Thanks to you my dearest M[?]
12 May,to,EBB,NYPL(B),My poor in grace At I am still in Time dele my
26 May [1821],from,Frances Bowdler,BM(Bar),Will but now my ever dear Friend
15 Mar,to,CPB,NYPL(B),I had get happy to being able to rep[?]
[c Mar 1821],from,HLTP,NYPL(B),[?]
5 June,from,Marquis de Lally-Tollendal,NYPL(B),[?]
10 June,from,CMAPW addington,NYPL(B),How I do my Dearest Fanny deeply enough
10 Jun [1821],from,Princess Mary,NYPL(B),I do let my dear Friend but that I want
7 Jun 1821 pmk,to,LB,NYPL(B),the [?] who[?] yesterday which I could
1 Jul,from,EBB,BM(Bar),Your most kind Letter my Dear
[Jul 1821],from,Princess Elizabeth,NYPL(B),[?]
[2 Jul],from,Princess Mary,NYPL(B),I do not [?] you the slow arrival of the
4 Oct,to,LB,mutilated NYPL(B),[?]
[Jul],from,Martin[?] Burney,NYPL(B),[?]
[Aug 1821],from,Princess Elizabeth,NYPL(B),who I am may [?]ting to [?]
10 Aug,from,CPB,NYPL(B),[?]
12 Aug,from,Cassandra (Leigh) Cooke,NYPL(B),something my find Hetty will be it
[c Aug 1821],from,Princess Mary,NYPL(B),I must assure you dear [?]
20 Aug,to,EBB,NYPL(B),I could not tell you my dear Charles
[c Aug],to,CPB,NYPL(B),[?]
[Aug],to,Princess Mary,NYPL(B),would be to be suggested not to
1 Sep,from,Edward Foss,NYPL(B),[?]
1 Aug,to,RA Keith (Payne) Burney,NYPL(B),[?]
[post 4 Aug 1821],to,RA Keith (Payne) Burney,PML,[?]
3 Jul,from,SHB,NYPL(B),I do not [?] how the Princess could wish so
20 Jul,to,AA,BM(Bar),[?]
30 Jul,from,EBB,NYPL(B),Your poor Hen [?] Friend but that I want
[Aug 1821],from,Princess Mary,NYPL(B),see what my dear Fanny [?]
1 Sep,to,CRFB,NYPL(B),[?]
[c Sep 1821],from,Marie de Maisonneuve,NYPL(B),tout[?] boni[?] 2 so Ma les chers amires
[c Sep],to,Edward Foss,NYPL(B),[?]
[12 Sep 1821],from,Harriett Wilson,NYPL(B),[?]
17 Sep,to,CRFB,NYPL(B),[?]
21 SP 1821 pmk,from,Edward Jacob,NYPL(B),[?]
22 Sep,to,Princess Elizabeth,NYPL(B),I am very very sorry I uttered seeing you this
25 Sep,to,CPB,Osb,[?]
20 Aug,to,EBB,NYPL(B),I cannot set aside alike Disappointment at your
21 Aug,to,CRFB,NYPL(B),This is truly my Charlotte — my Charlotte
20 Aug,to,CPB,Osb,With my dear Charles is grow now I use
28 Aug,to,EBB,PML,[?]
31 Aug [1821],to,AA,NYPL(B),How sincerely do I thank you My Dearest
3 Sept,to,AA,NYPL(B),You have forgotten to give me your address
4 Sept [1821],to,EBB,NYPL(B),it I must peculiar satisfaction which all
6 Sept,from,Marie de Maisonneuve,NYPL(B),Mon bien chere Madame Votre petit mot
12 SP 1821 pmk,to,CRFB,Osb,[?]
17 Sept,to,CRFB,NYPL(B),At length my best & dearest Charlotte I think
21 SP 1821 pmk,to,CRFB,NYPL(B),I a[?] that I grant for present resident in the
22 Sept,to,Princess Elizabeth,NYPL(B),You must indeed think me but my dear
25 Sept,to,CPB,Osb,[?]
[c 1821],to,CRFB,NYPL(B),I never [?] which [?]
[1821],from,Princess Elizabeth,NYPL(B),[?]
[1821],from,Princess Mary,NYPL(B),[?]
[1821],to,CRFB,NYPL(B),[?]
7 Dec,from,Princess Elizabeth,BM(Bar),Do not imagine my dear Madame d'Arblay
2 Dec,to,LB,BM(Bar),Your letters my dear Charles how connived
4 Dec,from,Princess Elizabeth,NYPL(B),[?]
[c Dec 1821],from,Frederica Locke,NYPL(B),[?]
[1821-22],to,Frederica Locke,NYPL(B),I have the[?] line to fill
8 Feb,to,CRFB,NYPL(B),I am my dearest Charlotte None
12 Feb,to,CRFB,NYPL(B),as is your plan my [?] dearest Esther
[c Feb],to,EBB,NYPL(B),my le fini Mr T/M — which I
[c Feb],from,William Wilberforce,NYPL(B),he be allowed to address a Lady to [?]
[c Feb],from,Marie de Maisonneuve,NYPL(B),[?]
15 Feb,from,CFPB,NYPL(B),[?]
1 Mar,from,CMAPWaddington,NYPL(B),I did so[?] find [?] he had been to[?] remove[?]
[c Mar],from,Princess Elizabeth,NYPL(B),[?]
[c Mar],from,Harriet Wilson,NYPL(B),[?]
3 Mar,from,Marie de Maisonneuve,NYPL(B),[?]
8 Mar,from,Marie de Maisonneuve,NYPL(B),je il est note Ma bien chere amie de no
[post Mar 1822],to,AA,NYPL(B),[?]
[c Mar 1822],to,EBB,NYPL(B),Mud or Letter! — / What upon
25 Mar [1822],from,Marie de Maisonneuve,NYPL(B),he bon vieux amie Alex a dote au Lys
17 Apr,from,Marie de Maisonneuve,NYPL(B),Nous attractions avec le plus vive impatience
[c 17 Apr or 4 May],to,CRFB,NYPL(B),The kind attractions of the medicine
7 May,to,CRFB,NYPL(B),my my dearest Esther the very idea of
17 May,from,Marie de Maisonneuve,NYPL(B),j'approche Ma bien chere amie que M?
8 Jun,from,Marie de Maisonneuve,NYPL(B),une entrevue se presente Ma bien chere
15 [1822 pmk],to,CFPB,NYPL(B),une[?] such a proposal of dear Mrs
4 JY 1822 pmk,to,CRFB,NYPL(B),very aimee[?] are you to me say more[?]
1 Aug,from,Princess Elizabeth,NYPL(B),I quite hope directly dear Madame d'Arblay [?]
15 Aug,from,Anne (Philips) Lady Murray,DVU,[?]
21 Aug,to,CRFB,NYPL(B),I am very sensory now for News of my dearest
21 Aug [1822],from,Princess Sophia,NYPL(B),to Miss Locke at Eliot Vale & see You like
28 Aug,from,Marie de Maisonneuve,NYPL(B),j'avons dans Mes Lettres pour Mon chere
4 Sept,from,Mus[?] H Haley,NYPL(B),I must I had the speaking to you this
7 Sept,to,EBB,NYPL(B),Long I thought your silence my dearest
[c 6 Feb 1822],to,CRFB,NYPL(B),[?]
[1822],from,Amelia (Locke) Angerstein,NYPL(B),I shall have a beginning but when the [?]
[1822-23],from,Sophia (Thrale) Hoare,BM(Bar),[?]
[1821-23],to,Frederica Locke,NYPL(B),[?]
[c 1822],from,Harriet Wilson,NYPL(B),[?]
22 Sept [1822],from,Elizabeth Lady Templetown,BM(Bar),I was completely [?] to return
24 Sept,to,EBB,NYPL(B),I was in little pains are my dear for [?]
[c late Sept],to,EBB,NYPL(B),[?]
6 Oct,to,EBB,NYPL(B),the I my Mind — who here is This hero! Why
[c Oct],from,Marie de Maisonneuve,NYPL(B),how lost at otherwise Fauget
14-27 Oct,to,Frederica Locke,NYPL(B),my my dear Betty thought me lost — last
[c Oct],from,Princess Elizabeth,NYPL(B),Princess will [?] me dear Madame
30 Oct,from,Marie de Maisonneuve,NYPL(B),I have this us! been favoured by your kind
9 Nov,from,Amelia (Locke) Angerstein,BM(Bar),[?]
10 Nov,from,Julia (Locke) Angerstein,NYPL(B),three books by your dear nominations[?]
24 Dec,from,Frederica Locke,NYPL(B),for it the [?] arguments annex
24 Dec,from,Elizabeth Lady Templetown,BM(Bar),is a great deal (indeed many that) of
20 Dec,from,Frederica Locke,BM(Bar),Indeed my dearest Friend this is too much
28 Dec,to,Frederica Locke,NYPL(B),Indeed my dearest friend this is too [?]
[Sept 1822-Sept 1823],to,Frederica Locke,NYPL(B),I have this us! been favoured by your kind
21 May [1822-28],from,Princess Sophia,NYPL(B),[?]
[1822-23],from,Princess Sophia,NYPL(B),My dearest Mrs d'Arblay! The sight of your
25 Nov [post 1822],from,Princess Sophia,NYPL(B),[?]
[post 1822],from,Princess Sophia,NYPL(B),Do not I pray you call this a bad omen let the
[post 1822],from,Princess Sophia,NYPL(B),[?]
(5) Apr [post 1822],from,Princess Sophia,NYPL(B),I am quite distressed! My dear and beloved
[c 1822],from,Elizabeth Lady Templetown,NYPL(B),I was completing [?] upon [?]
[c 1822],from,Elizabeth Lady Templetown,BM(Bar),[?]
10-14 Oct,to,CRFB,NYPL(B),[?]
9 Feb [1823],from,Princess Elizabeth,BM(Bar),I am unable to say — / Not[?]
17-22 Sept [1822],from,Sarah Baker,NYPL(B),I am Darling have to find the
[c 1822-27],from,Harriot Winder[?],NYPL(B),Here is my beloved Friend! and is that blessing
[1822?],from,Amelia (Locke) Angerstein,NYPL(B),[?]
[c 1822],from,Sarah Baker,NYPL(B),[?]
[1823],from,CRFB,NYPL(B),[?]
[post 3 Apr 1823],to,CFPB,Osb,[?]
9 Apr [1823?],to,CRFB,NYPL(B),I am to far off alone in this [?]
12 Apr [1823],from,Elizabeth Lady Templetown,NYPL(B),I am certain to take up my pencil[?]
[post 12 Apr 1823],from,Elizabeth Lady Templetown,NYPL(B),You will think I am never satisfied
[post 12 Apr 1823],from,Elizabeth Lady Templetown,NYPL(B),Your charming notes of the 12th & 13th
[c] AP 1823 pmk,to,CRFB,NYPL(B),staying till Monday we shall arrive at Night
1 May,from,Marie de Maisonneuve,NYPL(B),Votre tendre Ecrite un [?]ces Mains et swell
6 MY 1823 pmk,to,CRFB,NYPL(B),[?]
10 May [1823],from,Elizabeth Lady Templetown,BM(Bar),I is my daughter d'Arblay to get a[?]
13 May,from,EBB,BM(Bar),Your generaly may g' Wednesday to regard
25-26 May,to,Princess Elizabeth,NYPL(B),What a rigale my dearest Esther! I am at of
21 June,to,EBB,NYPL(B),[?]
[c Feb-Mar 1823],from,Princess Sophia,NYPL(B),[?]
1 Feb [1823],from,Princess Sophia,NYPL(B),[?]
[c Feb 1823],from,Princess Sophia,NYPL(B),[?]
[Mar 1823],from,Elizabeth Lady Templetown,NYPL(B),that [?] would [?]ut [?] in the evening at
[c Mar 1823?],from,Princess Mary,NYPL(B),[?]
10 Feb-10 Mar,to,EBB,NYPL(B),I needs wish I shall never live to hear of
[c Mar 1823],from,Elizabeth Lady Templetown,NYPL(B),[?]
[post Mar 1823],from,Marie de Maisonneuve,NYPL(B),le met heureux[?] day without an [?] motion
[post Mar 1823],from,Marie de Maisonneuve,NYPL(B),[?]
[c Mar 1823?],from,Lady Keith,BM(Bar),[?]
[c Apr],from,Princess Elizabeth,NYPL(B),[?]
5 Jul,from,Marie de Maisonneuve,NYPL(B),que soit mais Ma bien chere amie
[c Jun 1823],from,Marie de Maisonneuve,NYPL(B),[?]
[c Jul],from,Frederica Locke,NYPL(B),[?]
[c Jul 1823],from,Marie de Maisonneuve,NYPL(B),[?]
4 Aug [1823],from,Marie de Maisonneuve,NYPL(B),[?]
[7 Jul 1823],from,Princess Sophia,NYPL(B),[?]
[c Jul],to,EBB,NYPL(B),[?]
19 Jul,from,Princess Sophia,NYPL(B),[?]
10 Aug [1823?],from,Sophia (Thrale) Hoare,BM(Bar),How long is it since I have seen the kind [?]
[c Aug],from,Princess Sophia,NYPL(B),[?]
20 Aug,from,Marie de Maisonneuve,NYPL(B),[?]
[c Aug 1823],to,CRFB,NYPL(B),les donne[?] qui devait partie
[pre 23 Apr 1824],to,CRFB,NYPL(B),I know tell where I have a Letter that has
23-25 Apr,to,EBB,McG,[?]
27 Apr-1 May,to,Princess Elizabeth,NYPL(B),Your very interesting letter I received two late
24 May,to,CRFB,BM(Bar),I solemnly request you to be so kind as to make
1-5 June,to,CRFB,NYPL(B),My pleasure is so very great at the unexpected
19 Sept,from,Lady Keith,BM(Bar),[?]
25 Sept,from,Marie de Maisonneuve,NYPL(B),[?]
25 Sept-16 Oct,from,Frederica Locke,NYPL(B),I tell very much [?] her was
26 Sept,from,Arthur Percy Upton,NYPL(B),when Sophie has [?] down to [?]
[post Sept 1823],from,Sophia Upton,BM(Bar),I am so much impressed with you to
1 Oct [1823],to,CRFB,NYPL(B),a thought — I Battered myself my dearest
1 Oct,from,Marie de Maisonneuve,NYPL(B),le bon chere [?] now le[?]
2 Nov,from,Marie de Maisonneuve,NYPL(B),en me lui bien chers goth rethe [?]
1 DE 1823 pmk,to,CFPB,NYPL(B),Shall[?] I [?]
[c 16]-23 Dec,to,EBB,BM(Bar),her a break my dearest Hetty You had fell
21 Dec [1823],from,Lady Keith,BM(Bar),As I have no opportunity of sending in
[Dec 1823],to,Frederica Locke,NYPL(B),I would not my dearest Friend excuse you
1824,from,[?] (Locke) Angerstein,NYPL(B),[?]
2 Feb [1824],to,CRFB,NYPL(B),how be my dearest Esther to hear
Jan,from,John Grill to AA,NYPL(B),[?]
[c Feb 1824],to,AA,NYPL(B),[?]
6 Feb [1824],from,Frederica Locke,NYPL(B),[?]
15 Dec [1823-31],from,Amelia (Locke) Angerstein,NYPL(B),it is at the die on whom the Almighty
[c 23 Apr],from,[?] (Locke) Angerstein,NYPL(B),[?]
[c spring 1824?],from,Frederica Locke,NYPL(B),one dear lord under which I am
[31 Mar 1824],from,George Owen Cambridge,BM(Bar),So I find my Dear Madame that the secret of
[Mar 1824],to,CFPB,NYPL(B),[?]
[Mar 1824],to,CFPB,NYPL(B),My cousin Charlotte will enclose the enclosed
[post Mar 1824],to,CRFB,NYPL(B),[?]
[c Mar 1824],from,Princess Augusta,NPG,[?]
18 Apr,from,Marie de Maisonneuve,NYPL(B),from bien chere Madame d'Arblay Ma bien chere
Apr,from,Henriette (Guignet de Souligne) de Maurville,NYPL(B),[?]
Mar,from,Frances (Sayer) de Pontgeu,BM(Bar),I admire your delightful vivacity
[c Mar],from,Lady Keith,BM(Bar),I have just received your kind Letter my dear
[16-[?]] June,to,CRFB,NYPL(B),[?]
17 June pmk 1824,to,CRFB,BM(Bar),I give up paper to [?] in immediate
[c Jun 1824],from,Frederica Locke,NYPL(B),it in looking[?] for a Found opportunity of
17 June,from,Frederica Locke,NYPL(B),[?]
1 Jul,from,CFPB,Osb,[?]
[Jul 1824],from,Marie de Maisonneuve,NYPL(B),au je me fois bien croire petite espece[?] article
[c Jul],from,Princess Sophia,NYPL(B),where is always my own sensitive
[c Jul 1824],to,CRFB,NYPL(B),elle[?] [?]
4 Aug [1824],from,Marie de Maisonneuve,NYPL(B),a ce que ce maille Votre bonne lettre
[c Aug],to,CMAPWaddington,NYPL(B),[?]
1 Sep,to,CRFB,NYPL(B),les autres [?]
18 Aug,from,Marie de Maisonneuve,NYPL(B),la bon chere Madame du bien [?]
[pre 31 Aug],to,EBB,NYPL(B),[?]
31 Aug,to,CRFB,NYPL(B),[?]
[c 1-3 Jul],to,CRFB,NYPL(B),[?]
3 Jul,from,Marie de Maisonneuve,NYPL(B),[?]
[c Jul],to,CRFB,NYPL(B),[?]
4 Jul,from,Frederica Locke,NYPL(B),[?]
[10 Jul 1824],from,Princess Mary,NYPL(B),I quite understand that [?]
10 Jul,from,CMAPWaddington,NYPL(B),[?]
14 Jul,from,Princess Sophia,NYPL(B),[?]
[16 Jul 1824],from,Princess Sophia,NYPL(B),[?]
[18F Jul 1824],to,CMAPWaddington,NYPL(B),There will give me my settle my call — & I
20 July,to,CRFB,BM(Bar),I do indeed regret at Alexandre's appointment
1 Aug,to,Caroline Anna Moore,BM(Bar),[?]
18 Aug,from,Marie de Maisonneuve,NYPL(B),le bon chere Madame du le[?] bien
[pre 31 Aug],from,Princess Sophia,NYPL(B),[?]
17 Aug [1824],from,Princess Mary,NYPL(B),Mary I am at my House in the stable yd
[post Nov 1824],to,CRFB,NYPL(B),[?]
15 Oct,from,Princess Sophia,NYPL(B),My do kind Friend! If Sunday after
15 Oct,from,Princess Sophia,NPC,My dear kind Friend! Are you free tomorrow
12-17 Nov,from,Marie de Maisonneuve,NYPL(B),la bon chere amie qu'il y a long tems que
[c 17 Nov [1824]],from,Princess Mary,NYPL(B),[?]
[c Nov],from,Herrick Hoare,NYPL(B),[?]
[post Nov 1824],to,Frederica Locke,BM(Bar),leave my beloved Friend it is very long
[c Sep],from,Sarah (Payne) Burney,NYPL(B),[?]
[c Sep 1824],from,Princess Elizabeth,NYPL(B),How to thank you my dear Madame d'Arblay
[post Sep 1824],from,Sarah (Payne) [?] was brought to [?],NYPL(B),[?]
4 Oct,to,CRFB,Osb,[?]
11 Oct,copy excerpt,to,CFPB,NYPL(B),[?]
14 Oct,to,CFPB,NYPL(B),the constant project — never ending her [?]
[c 27 Nov 1824],from,Princess Sophia,NYPL(B),[?]
[c 17 Nov 1824],from,Princess Sophia,NYPL(B),[?]
2 Sept,from,Marie de Maisonneuve,NYPL(B),[?]
[c Sep],from,Princess Sophia,NYPL(B),[?]
3 Sept,from,Lady Keith,BM(Bar),[?]
25 Oct [1820 or 1818],from,George Owen Cambridge,NYPL(B),Will you come a see me one day to
1 Nov [1820],from,Elizabeth Lady Templetown,BM(Bar),I never [?] sending you a little of the
[c Nov],to,CFPB,NYPL(B),I hope & trust for NOTHING
1 Nov,to,CFPB,NYPL(B),[?]
25 Nov,to,EBB,NYPL(B),[?]
2 DE 1820 pmk,to,CRFB,NYPL(B),[?]
2 Dec [1820],from,Frances Bowdler,BM(Bar),[?]
[c late 1824-25],from,Princess Sophia,NYPL(B),[?]
[1824],from,AA,NYPL(B),I had sage[?] ever so [?]
[c 1824],from,Princess Sophia,NYPL(B),Not alone my Consent
[c 1824],from,Princess Sophia,NYPL(B),[?]
[post 1824],from,Princess Sophia,Hyde,[?]
[1824-25?],from,Charlotte Fitzgerald Baroness Ros,BM(Bar),I was happy [?] hear the [?]
18 Aug [1824-25?],from,Marie de Maisonneuve,NYPL(B),[?]
11 Apr [1824-25],from,Henriette (Guignet de Souligne) de Maurville,NYPL(B),votre aimable lettre Madame et chere amie
25 Jan,from,Princess Augusta,NYPL(B),I should very much like to know if [?] Osbl
6 Feb [1825],from,Marie de Maisonneuve,NYPL(B),la terme Mais Votre honnex au puger[?] pans
25 Feb,from,Princess Augusta,NYPL(B),from Lettre your [?]
[Feb 1825],to,EBB,NYPL(B),Never my dear Esther never was a Franked[?]
[1824],to,AA,NYPL(B),I had [?] some stamp for dear papa which
[post 1824],from,Princess Sophia,NYPL(B),[?]
[c Jul 1824-25?],from,Princess Sophia,NYPL(B),Osb Bollingfield [?]irmingham Lady [?]
[1824-25],from,Charlotte Fitzgerald Baroness Ros,BM(Bar),I was happy to [?] she to have the
18 Aug [1824-25?],from,Marie de Maisonneuve,NYPL(B),(cause[?] la belles lettres [?] compagne Ceuligne de Maurville)
[Mar 1825],from,Hannah Hannah Macsale[?],NYPL(B),[?]
[c Feb 1825],to,EBB,NYPL(B),[?]
[1825],from,Princess Augusta,NYPL(B),I should very much [?]
[c 1825],to,Caroline Anna Moore,NYPL(B),[?]
[post 1824],from,Caroline Anna Moore,NYPL(B),[?]
[c 1824],from,Princess Sophia,NYPL(B),you [?]
[Mar 1825],from,Princess Augusta,BM(Bar),[?]
2 MY pmk [1825],to,CFPB,NYPL(B),I do not know how my dear [?]
[c May 1825],from,Marie de Maisonneuve,NYPL(B),Ca ne met que [?] et [?] le [?]
9 May,from,Marie de Maisonneuve,NYPL(B),Ca ne met que [?] Ma bien chere
19 May,from,Marquis de Lally-Tollendal,NYPL(B),Va Colonel Lor Allen fils du Comte Allen
21 May,from,Marie de Maisonneuve,NYPL(B),[?]
(2) 2 MY pmk [1825],to,CFPB,NYPL(B),[?]
31 MY pmk [1825],to,CFPB,NYPL(B),if you have written too lately my [?]
[c May 1825],to,Caroline Anna Moore,NYPL(B),[?]
25 June-5 July,to,EBB,NYPL(B),it is long ago since I have written
7 Sept pmk 1825,from,Sarah (Burney) Payne,NYPL(B),[?]
9 Sept [1825],from,Marie de Maisonneuve,BM(Bar),While all that passes false now — / May be
5 Oct,to,CRFB,NYPL(B),You will think my dear Madame
6-Oct-4 Nov,from,Marie de Maisonneuve,NYPL(B),Ma bien chere Amie me voila
10 Oct [1825?],from,Princess Sophia,NYPL(B),and not and not reach me until
20 Oct,to,CPB,Osb,If I had as strong a passion for Excursions
[post 1825],from,Princess Sophia,NYPL(B),[?]
12 Aug,to,EBB,NYPL(B),from the MOMENT I have read your last Lomon[?]
15-20 Aug,from,Marquis de Lally-Tollendal,NYPL(B),Chere madame il done a nous les
23 Aug,from,Princess Elizabeth,NYPL(B),dearest Commerce my dearest Charlotte
[post 23 Aug],from,Princess Sophia,NYPL(B),[?]
24 Aug [1825],from,Princess Sophia,NYPL(B),I cannot find in my heart to be sorry for the
11 Sept [1825],from,Sarah (Burney) Payne,BM(Bar),[?]
20 Sept [1825],from,Marie de Maisonneuve,NYPL(B),[?]
25 Sept,from,Marie de Maisonneuve,NYPL(B),I have [?] that at the eve of
13 Oct [1825],from,Amelia (Locke) Angerstein,NYPL(B),On this day when I learnt the departure at all
[c late Oct],to,EBB,NYPL(B),[?]
23 Oct,from,Marie de Maisonneuve,NYPL(B),[?]
10 Nov,from,Marie de Maisonneuve,NYPL(B),Voila Ma bien chere amie la note et la lettre
20 Nov-9 Dec [1825],from,CHFB to FBA & CFPB & MF,NYPL(B),she well hear dear Nices in the direction
[c Nov 1825],from,Marie de Maisonneuve,NYPL(B),[?]
[post 1825],from,Lady Keith,NYPL(B),[?]
3 JU 1825 pmk,to,CRFB,NYPL(B),it not a Cross Act it is to write to
20 Sept,from,Frederica Locke,NYPL(B),I tell very much her not was to me [?]
5 MY 1825 pmk,to,CRFB,NYPL(B),[?]
4 JU 1825 pmk,to,CRFB,NYPL(B),it is my great earnest in shame — his
17 JU 1825 pmk,to,CRFB,NYPL(B),I know[?] you I love this just received[?]
30 Dec 1825-5 Jan 1826,to,EBB,NYPL(B),I am very happy my dearest Esther to find I
[c late 1825],from,Princess Sophia,NYPL(B),[?]
[c late 1825-26],from,Princess Sophia,NYPL(B),[?]
[1 Mar 1825],from,Princess Sophia,NYPL(B),[?]
[c 1825],from,Princess Sophia,NYPL(B),[?]
[17 Nov 1824],from,Princess Sophia,NYPL(B),[?]
2 MY 1825 pmk,to,CFPB,NYPL(B),I do not know how my [?]
31 MY [1825] pmk,to,CFPB,NYPL(B),if you have written too lately my [?]
[post 1825],from,Princess Sophia,Hyde,[?]
1 Mar [1825],from,CFPB,NYPL(B),ce est Ma chere charming [?]
[c Mar 1826],from,Marie de Maisonneuve,NYPL(B),[?]
1 Mar,from,CMAPWaddington,NYPL(B),I could not convoy to You the extreme
1 Apr,from,CRFB,BM(Bar),[?]
[c Apr 1826],from,Marie de Maisonneuve,NYPL(B),What an abominable ill treatment —
[c Apr],to,CRFB,NYPL(B),[?]
[c May 1826],from,Marie de Maisonneuve,NYPL(B),[?]
[c Jun 1826],from,Marie de Maisonneuve,NYPL(B),[?]
[c 1826],from,Princess Sophia,NYPL(B),[?]
[c 1826],from,Princess Mary,NYPL(B),[?]
[10 Oct],from,CMAPWaddington,NYPL(B),My dear of the Marquis de Lally-Tollendal [?]
17 Oct,from,Marie de Maisonneuve,NYPL(B),chere espere Amie me voila
[c late Oct],from,Princess Sophia,NYPL(B),and did not reach me until
25 Oct,to,CPB,NYPL(B),[?]
[c Oct],from,Marie de Maisonneuve,NYPL(B),[?]
29 Oct [1828],from,Princess Mary,NYPL(B),My Dear Madam d'Arblay
[post 1828],from,Princess Mary,NYPL(B),Mary's [?]
[c Aug [1828-32]],from,Princess Sophia,NYPL(B),dear Alas! Alas! My dear and beloved
28 Apr [1826-36],from,Princess Sophia,NYPL(B),My dearest kind friend! Dare I venture to hope
[1828-37],from,Princess Sophia,NYPL(B),I must thank you for your dear welcome kind
[c 5 Nov [1826]],from,Princess Sophia,BM(Bar),It is at the des on whom the Almighty
1826,from,Princess Mary,NYPL(B),[?]
3 Sept [1826],from,Lady Keith,BM(Bar),[?]
[c Sep 1826],from,Princess Sophia,NYPL(B),[?]
[c Sep 1826],to,EBB,NYPL(B),[?]
[c Oct 1826],from,Marie de Maisonneuve,NYPL(B),[?]
[c Nov 1826],from,Marie de Maisonneuve,NYPL(B),[?]
[c Dec 1826],from,Marie de Maisonneuve,NYPL(B),[?]
7 Mar,to,CRFB,BM(Bar),this [?] our dear Charlotte [?]
27 Oct,from,Marie de Maisonneuve,NYPL(B),a peu pres[?] on [?] ne sais ce que vous
[c late Nov 1826],to,EBB,NYPL(B),[?]
[c late Nov 1826],from,Marie de Maisonneuve,NYPL(B),Votre[?] adieu Ma bien chere amie
22 [post 1824],to,Caroline Anna Moore,Leeds,I entirely consed your appearance my dear Mrs
29 Jan,from,Princess Elizabeth,NYPL(B),my this my dear Alfred[?] Letter
25 Feb,from,Marie de Maisonneuve,NYPL(B),[?]
2 Feb,from,Princess Elizabeth,NYPL(B),[?]
9 Mar,to,EBB,NYPL(B),I am Unable to say — / Not [?]
17-22 Sept [1827],from,Sarah Baker,NYPL(B),I am [?] darling have to find the[?]
2 A NO 1827 pmk,to,CPB,Osb,[?]
20 Nov,to,Frederica Locke,NYPL(B),[?]
1 Dec 1827 pmk,to,CFPB,NYPL(B),[?]
21 DE 1827 pmk,to,CFPB,BM(Bar),You well know now my ever dear Friend
5 Dec,from,Marie de Maisonneuve,NYPL(B),Ma bien chose amie depuis 8 mois je nis
18 May,from,Marie de Maisonneuve,NYPL(B),Mon bien chere amie il est [?] que vous
12 Mar,from,Marie de Maisonneuve,NYPL(B),[?]
[c Mar 1827],from,Henry Hoare Bankers,Osb,[?]
18 Mar,from,Marie de Maisonneuve,NYPL(B),Apres les [?] Ma bien chere amie
16-28 May [1827],to,CRFB,NYPL(B),My very dear Betty is truly kind to write me
20 May,to,EBB,NYPL(B),I know I had[?] no[?] to enclose you some
7 Sep,from,Marie de Maisonneuve,NYPL(B),[?]
1 Sep,from,Marie de Maisonneuve,NYPL(B),au gre date de ma derniere lettre
c 18 SP 1828 pmk,to,CRFB,NYPL(B),[?]
2 Sep,from,LA,NYPL(B),a faire des comy[?] account your
1 Oct-15 Nov,from,Marie de Maisonneuve,NYPL(B),vous arrive [?] ber renfortement Ma bien
[c Aug 1827],from,Princess Sophia,NYPL(B),my dear kind Friend! I am in the thanking
[Aug 1827],from,Princess Elizabeth,NYPL(B),is it [?] a Lettes from You
27 Jul [1827],from,Princess Sophia,NYPL(B),My dearest kind Friend send this
29 Jul,from,Princess Elizabeth,NYPL(B),[?]
[c Jun 1827],from,Princess Sophia,NYPL(B),[?]
[c late 1827],from,Princess Sophia,NYPL(B),[?]
[c 1827],from,Princess Sophia,NYPL(B),[?]
[c 1827],to,EBB,NYPL(B),[?]
[c 1827],from,Princess Mary,NYPL(B),[?]
[post 1827],from,Princess Sophia,NYPL(B),[?]
5 Jan,to,EBB,NYPL(B),Don't weaken Edward! — God is be graceful[?]
7 Jan,from,Marie de Maisonneuve,NYPL(B),[?]
17 Jan,from,Princess Sophia,NYPL(B),[?]
[c Jan],from,Princess Mary,NYPL(B),[?]
[c Feb 1828],from,Marie de Maisonneuve,NYPL(B),[?]
2 Feb [1828],to,CRFB & CFP[B],NYPL(B),[?]
7 Feb,from,Princess Mary,NYPL(B),[?]
[c late Feb],from,Princess Elizabeth,NYPL(B),[?]
[c Mar],from,Princess Sophia,NYPL(B),Friends How can I
2 Mar,to,CRFB,NYPL(B),[?]
1 Mar,from,Marie de Maisonneuve,NYPL(B),oh ne sais ce que vous
[c late Mar],from,Princess Elizabeth,NYPL(B),[?]
4 Jun,from,Marie de Maisonneuve,NYPL(B),[?]
[c Jun 1828],from,Princess Sophia,NYPL(B),[?]
[10 Oct],to,CRFB & CFP[B],NYPL(B),[?]
17 Oct,from,Marie de Maisonneuve,NYPL(B),chere epouse Amie me voila
[c Oct],from,Princess Sophia,NYPL(B),and did not reach me until
29 Oct [1828],from,Princess Mary,NYPL(B),My Dear Madam d'Arblay I am not sure [?]
[post 1828],from,Princess Mary,NYPL(B),[?]
[c Aug [1828-32]],from,Princess Sophia,NYPL(B),[?]
[1828-32],from,Princess Sophia,NYPL(B),dear Alas! Alas! My dear and beloved
[c 5 Nov 1826],from,Princess Sophia,BM(Bar),[?]
4 Jan [1828-37],from,Princess Sophia,NYPL(B),My dearest kind Friend
20 Jan [1828-37],from,Princess Sophia,NYPL(B),I was quite overjoyed my dearest Friend to hear
[1828-37],from,Princess Sophia,NYPL(B),I cannot myself at all say when
21 May [1828-37],from,Princess Sophia,NYPL(B),My dearest kind Friend I am really quite in a
[1828-37],from,Princess Sophia,NYPL(B),I am so vexed at not being
23 June [1828-37],from,Princess Sophia,NYPL(B),I feel almost that the pleasure I have of your
2 Aug [1828-37],from,Princess Sophia,NYPL(B),My dearest kind Friend I am so concerned about
20 Aug [1828-37],from,Princess Sophia,NYPL(B),I am so well I wish you was here my dearest
5 Sept [1828-37],from,Princess Sophia,NYPL(B),My dearest kind Friend the first moment I am
11 Sept [1828-37],from,Princess Sophia,NYPL(B),My dearest dearest Friend How are you? May
14 Oct [1828-37],from,Princess Sophia,NYPL(B),My dearest dearest Friend How are you?
[1828-37],from,Princess Sophia,NYPL(B),It is now about a fortnight since I saw you My
[1828-37],to,Princess Sophia,NYPL(B),True indeed my dear Friend
[1828-37],from,Princess Sophia,NYPL(B),For as I have been here as ill I was
[1828-37],from,Princess Sophia,NYPL(B),My dearest Friend! The weather has
[1828-37],from,Princess Sophia,NYPL(B),How kind you are my dearest
5 Feb [1828-37],from,Princess Sophia,NYPL(B),My dearest kind Friend! What can I do to
[1828-37],from,Princess Sophia,NYPL(B),Dearest kind Friend! Should you still be
[1828-37],from,Princess Sophia,NYPL(B),My dearest kind Friend! After such a
[1828-37],from,Princess Sophia,NYPL(B),I am distressed to the greatest degree on
[1828-37],from,Princess Sophia,NYPL(B),Your kindest of notes dearest kind Friend
[1828-37],from,Princess Sophia,NYPL(B),Our last dearest kind Friend to say that I am
[1828-37],from,Princess Sophia,NYPL(B),Pray tell me how you are & if I may
[1828-37],from,Princess Sophia,NYPL(B),My dearest kind Friend I have reason to say I ask those
4 p[ost] 1826-37,from,Princess Sophia,NYPL(B),I have indeed have reason to say I ask those [?]
[1828-37],from,Princess Sophia,NYPL(B),with a long & tedious letter my
6 Mar [1828-37],from,Princess Sophia,NYPL(B),Your first kind note My dearest and kindest
[1828-37],from,Princess Sophia,NYPL(B),Pray off my dearest Friend I am obliged to put
[1828-37],from,Princess Sophia,NYPL(B),My kind Friend You are kind beyond any
21 June [1829],from,CBFB,BM(Bar),Your truly welcome letter dearest day and not
30 June,from,Marie de Maisonnneuve,NYPL(B),je vous ai mande dernierment. Ma bien chere
11 July,from,Marie de Maisonnneuve,NYPL(B),Ma bien chere amie comme l'enfant de desn [?]
3 Sept,from,Marie de Maisonneuve,NYPL(B),[?]
4 Sept [1829],from,Marie de Maisonneuve,NYPL(B),on en bien la pauvre est se [?]
28 Sept,from,AA,NYPL(B),[?]
6 Oct,from,Marie de Maisonneuve,NYPL(B),Sole landed here after a beautiful passage of
6 Oct,to,CBFB & CPB,BM(Bar),Ma bien chere amie votre consolant message [?]
6 OC 1828,from,CBFB with PS from EBB,BM(Bar),to be [?] a thousand Things to say to you dearly
1 Nov [1829],from,Princess Sophia,NYPL(B),Will you my dearest kind Friend — Will you promise [?]
3 Nov,from,Princess Sophia,NYPL(B),[?]
[1829],from,Princess Sophia,NYPL(B),[?]
22 Jan [1829-37],from,Princess Sophia,NYPL(B),My dearest Friend I am not without hopes
1 p[ost] 1829-37,from,Princess Sophia,NYPL(B),I could myself at all say when [?]
10 May [1828-37],from,Princess Sophia,NYPL(B),Alas did I say! how day to day it is ruined
13 Jan,from,Marie de Maisonneuve,NYPL(B),[?]
[1828-37],from,Princess Elizabeth,NYPL(B),from Princess Elizabeth [?]
23 Feb [1831],from,Marie de Maisonneuve,NYPL(B),[?]
[c 1829],from,Princess Sophia,NYPL(B),[?]
1 p [?] right / night / my dearest,from,[?],NYPL(B),[?]
[pre 17] 1828,to,CBFB,NYPL(B),[?]
10 1827,from,[?],NYPL(B),[?]
1 Apr,from,Marie de Maisonneuve,NYPL(B),[?]
5 Apr,from,Marie de Maisonneuve,NYPL(B),[?]
4 MR 1829,to,CPB,NYPL(B),[?]
5 Mar,from,Marie de Maisonneuve,NYPL(B),[?]
[Jan-Feb],from,Princess Elizabeth,NYPL(B),I should not say surprised I am that
[14 Jan] to 30 Jan,from,Princess Elizabeth,NYPL(B),[?]
20 Feb [1830],from,Princess Mary,NYPL(B),I was delighted to get your dear kind
17 Feb,from,Marie de Maisonneuve,NYPL(B),je suis Ma bien chere amie. Si Ma pe [?]
20 Mar,from,Marie de Maisonneuve,NYPL(B),Ma bien chere il honore a mous [?]
21 Apr-14 May,from,Marie de Maisonneuve,NYPL(B),her kind — how beautifully kind is my
24 May,from,[?],Osb,NYPL(B),[?]
[July],from,Marie de Maisonneuve,NYPL(B),[?]
25 Aug,from,Princess Elizabeth,NYPL(B),I cannot say or say enough I am that
25 Aug [1830],from,Marie de Maisonneuve,NYPL(B),[?]
20 Aug [1830],from,Princess Sophia,NYPL(B),[?]
14 Oct [1830],from,Princess Sophia,NYPL(B),My dearest dear! — [?]
25 Dec [1830],from,Princess Sophia,NYPL(B),Dearest kind Friend I was in so my grief
15 July [1830-38],from,Princess Sophia,NYPL(B),I fear my dear Soul it must be Bristo[l]
20 Jan,to,Comtesse Irma Moore,NYPL(B),We find ladies Monr [?]
13 Mar [1831],from,Marie de Maisonneuve,NYPL(B),on ira Monday next at [?]
30 May,from,Princess Elizabeth,NYPL(B),I cannot say how happy it will make me to
1 May [1831 or 1836],from,Marie de Maisonneuve,NYPL(B),[?]
8 Aug,from,SHB,NYPL(B),[?]
3 Oct,from,Anna (Wilbraham) Grosvenor,GoodHS,I had received a letter from the dear
19 Dec,from,William Watts,NYPL(B),Being naturally engaged in collecting the
[pre 1832] verses,to,[?],Osb,[?]
21 Nov [pre 1832],from,Sarah (Payne) [?],NYPL(B),Incessant Squasms have prevented my seeing
2 Jan [1832?],from,Princess Mary,NYPL(B),[?]
13 June,from,Mrs [?] Justices Prince,Osb,Give me leave to intrude upon you by asking
20 June,from,Marie de Maisonneuve,NYPL(B),Pardon me, dear, kind Mrs. Grosvenor [?]
14 July [1832],from,Marie de Maisonneuve,NYPL(B),I confess I was becoming very very uneasy —
3 AU 1832,to,CPB,NYPL(B),Every kind idea of being able to serve me
8 Sept,from,AA,NYPL(B),Here I am, sick and safe — / There is no
[?],from,AA,NYPL(B),[?]
[?],from,AA,NYPL(B),She has visited here nine [?]
21 Dec,from,John Jebb,NYPL(B),[?]
27 Dec,from,Thomas Faulkner,NYPL(B),The Author of the History of Chelsea...
[1832],from,Thomas [?],NYPL(B),I always come with pleasure on [?]
[1832],from,[?],Osb,[?]
1 p [?],from,Edward Mangin,BM(Bar),[?]
[1832-40],from,[?],NYPL(B),[?]
6 Dec [1832],from,Princess Elizabeth,NYPL(B),having an opportunity of sending a letter
18 Jan,from,Johanna Christina Huttner,Osb,In an authorised purchase by your
22 Jan-12 Feb,from,Marie de Maisonneuve,NYPL(B),Cue ce la Desolation que j'ai recu votre chere [?]
8 FE 1833,from,[?],NYPL(B),[?]
18 Feb [1833],from,CBFB & Cordelia (Mercy) Chambers,NYPL(B),[?]
24 Feb,from,[?],NYPL(B),[?]
15 Feb,from,[?],NYPL(B),They deed hey, mamma — hey olay deed hey,
24 Feb [1833],from,Amelia (Locke) Angerstein,Osb,One has of course no adequate [?]
14 Mar,from,Marie de Maisonneuve,NYPL(B),Will you do me favour to take a little in [?]
18 Mar [1833],draft,to,Stephen Allen,NYPL(B),I implore, my dear Mrs. Allen, my very
18 AP 1833,to,CPB,NYPL(B),[?]
2 MY 1833,to,CPB,NYPL(B),There is no time, I think, as to fact is [?]
[15-1 June [1833],from,Princess Sophia,NYPL(B),OH! What a happiness was the contents of your
[?],from,Princess Sophia,NYPL(B),[?]
7 p [?],from,Marie de Maisonneuve,NYPL(B),[?]
23 NO 1833,to,CBFB,NYPL(B),Not to lose a post by waiting till I can to
25 Nov,from,Marie de Maisonneuve,NYPL(B),Ma bien chere amie je soudren me persuader
1 de [?],to,CBFB,NYPL(B),[?]
2 Dec [1833],from,CBFB & CFB,BM(Bar),This is hopeless — & therefore I hesitate [?]
7 Dec 1833,to,CFB,NYPL(B),I like the thought of the proposition, my dear
[13?] CBFB,to,CPB,NYPL(B),[?]
[1833],draft,to,Stephen Allen,NYPL(B),I am so unfortunately shut in my dear Mrs. Day,
[1833?],to,[?],NYPL(B),I have been with Mr Vatcher all yesterday &
20 Jan-2 Feb [1834],from,[?],NYPL(B),I think this is very good Ish my dearest
5 Feb [1834],from,CBFB,BM(Bar),this day — to your day — on which I love to
1 Jan [1834],from,CBFB,BM(Bar),— for Charlotte & I sent you a Letter my [?]
1 Jan-Feb,from,CBFB,BM(Bar),[?]
1-30 Jan [1834],from,CBFB,BM(Bar),[?]
5-9 Mar [1834],from,CBFB,BM(Bar),Your Letter so punctually arriving this morning my
17 Mar [1834],from,CBFB,BM(Bar),I can indulge myself
2-24 Mar [1834],from,CBFB,BM(Bar),My Dear the affectionate tender darling
2-7b Mar,from,[?],NYPL(B),[?]
20-21 May [1834],from,CBFB,BM(Bar),[?]
4-17 Apr [1834],from,CBFB,BM(Bar),I now begin one Sundays Letter to my darling [?]
7-14 June [1834],from,CBFB,BM(Bar),[?]
[14-25 Apr 1834],from,CBFB,BM(Bar),[?]
[21 Apr-1 May 1834?],from,CBFB,BM(Bar),[?]
4-10 May [1834],from,CBFB,BM(Bar),my beloved Charlotte — my dearest sister for [?]
23-24 May [1834],from,CBFB,BM(Bar),[?]
23 MY 1834,to,CBFB,Osb,I am so beloved my dear Carlos, not to
20 MY 1834,to,CBFB,NYPL(B),[?]
[a May 1834],to,CBFB,Osb,[?]
12 JU 1834,to,CBFB,NYPL(B),With a warm & hoping heart I now write to
15 July,to,CPB,NYPL(B),I had thought I should write on my dearest
21 Aug,to,Frances (Phillips) Raper,NYPL(B),I shall thank you for your protection for [?]
5 Sept,from,Ann (Astley) Agnew,BM(Bar),I hope you will think me very delighted to
10 Sept,from,AA,NYPL(B),[?]
1 Oct 1834,from,[?] (Burney) Payne,NYPL(B),I shall endeavour to attain [?]
23 Oct,to,AA,NYPL(B),[?]
26 Oct,to,CPB,NYPL(B),As my prodigal step has quite emptied
[18 Nov [1834],from,AA,NYPL(B),This is one month before my birthday
23-[24] Nov [1834],from,CBFB & CFBs,BM(Bar),My dearest beloved of sisters — bonne bonne fille
[? 1834],from,CBFB,BM(Bar),[?]
3 DE 1834,to,CBFB & CFB,NYPL(B),[?]
[c 1834],from,Sarah (Burney) Payne,BM(Bar),If you are disengaged tonight, may we ask for
14 May [1835],from,CBFB,BM(Bar),[?]
[10? May 1835],from,CBFB,BM(Bar),I was to confirm our last epistle next to [?]
[May 1835],from,[?],NYPL(B),[?]
1 c JU 1835,from,CBFB,BM(Bar),My sweet Charlotte what kindness [?]
30 June [1835],from,CBFB,NYPL(B),I sit writing this after the kind offer of
8-10 July,from,CBFB,NYPL(B),NOT OPEN & ONY, my sweet Charlotte
10 July [1835],from,CBFB,BM(Bar),I am involved in occupations, finding places for
[?],from,Marie de Maisonneuve,NYPL(B),je puis vous dire que je vois la date de
4 Aug [1835],from,CBFB,NYPL(B),I do most fondly my dearly loved Sister
31 Aug,from,SHB,NYPL(B),I have better quarters much very [?]
21,to,SE 1835,BM(Bar),What a happy coincidence there seems, my
25 Sept [1835],from,CBFB,BM(Bar),It is responsible to say how enjoyed I am my
13 Oct,from,[?],BM(Bar),[?]
8 Nov,from,Richard Bentley,NYPL(B),It is but too much loss my wish to include [?]
18 Oct,from,[?],NYPL(B),[?]
7 OC 1835,to,CBFB,BM(Bar),I shall not in to write to any thing then
4 Nov,to,Richard Bentley,Harv(H),[?]
[post B Nov 1835],draft,to,[?],NYPL(B),I have only just now, — through my retired
25 Jan,from,SHB,NYPL(B),I am still my private opportunity
28 Jan,from,Marie de Maisonneuve,NYPL(B),[?]
20 JA 1836,from,Mary Ann Smith,NYPL(B),[?]
17 Feb,from,Charles Landon [?],NYPL(B),[?]
17 Feb,to,Charles Foster,Osb,if you know not Eugenie, one, who would be
[pink] May,to,CPB,NYPL(B),My dear Mrs. Augustine has just appointed
3 Mar,to,CPB,NYPL(B),I cannot submit to C—— is it now [?]
1 April [1836],to,CBFB,NYPL(B),What is all this trouble, Alice? & What dont I
3 May,from,[?],NYPL(B),[?]
2 Dec [1835],from,CHFB,NYPL(B),[?]
8 Dec,from,SHB,NYPL(B),I cannot allow dear Edward to be [?]
[14 Dec 1835?],from,[?],NYPL(B),[?]
[pre 18 Dec],from,[?],NYPL(B),[?]
[1835?],from,[?],NYPL(B),[?]
[1835],from,AA,NYPL(B),[?]
15 [1835],from,CBFB,NYPL(B),[?]
25 Mar,from,Marie de Maisonneuve,NYPL(B),d'y as dear Mrs. Ma bien adoree
25 Mar [1836],from,Princess Sophia,NYPL(B),Great was my joy on opening your dear little
11 Mar [1836],from,[?],NYPL(B),Mary is all this mischief, Alice & What dont I [?]
12 MY [1836],to,CPB,NYPL(B),[?]
30 Aug,from,Ann (Astley) Agnew,BM(Bar),[?]
7 Oct,from,Marie de Maisonneuve,NYPL(B),Ma bien chere [?]
21-25 Nov,to,[?],NYPL(B),[?]
[?],to,Sarah (Burney) Payne,NYPL(B),[?]
[? July [1835?],to,[?],NYPL(B),[?]
18 [1836],to,[?],Cal(B),[?]
1 JU 1836,to,Alfred Turner,NYPL(B),I want to beg your friend [?]
6 pink [Mar 1837],to,CBFB,NYPL(B),My dear dear dearest Charlotte let us [?]
16 MAR 1837,to,CPB,Osb,My dearest I have been disappointed by not
24 Mar,from,SHB,NYPL(B),How are you poor dear Sister Sunday [?]
1 pink 1837,from,[?],BM(Bar),[?]
3 Apr,from,[?],NYPL(B),[?]
[? Apr 1837],to,CBFB,BM(Bar),[?]
15 [Apr 1837],to,CBFB,NYPL(B),All my tenderest Charlotte my tenderest dearest
6 pink [Mar 1837],to,CHFB,NYPL(B),[?]
10 OC 1837,to,CPB,BM(Bar),[?]
[25 Oct],from,[?],NYPL(B),[?]
10 OC 1837,to,CBFB,NYPL(B),[?]
[?],to,CBFB,NYPL(B),[?]
11 [1837],from,[?],BM(Bar),[?]
[?],to,[?],NYPL(B),[?]
[?],from,CBFB,BM(Bar),[?]
[a Mar 1838],from,CBFB,NYPL(B),[?]
11 JU 1837,to,CBFB,BM(Bar),[?]
[?],to,CBFB,BM(Bar),[?]
12 JU [1837],from,CBFB,BM(Bar),[?]
13 JU [1837],from,CBFB,BM(Bar),[?]
[15 JU 1837?],from,CBFB,Cal(B),[?]
8 July [1837],from,CBFB,BM(Bar),[?]
14 July,from,[?],BM(Bar),[?]
[1837-38],from,Princess Sophia,NYPL(B),I have found to write to my [?]
[1837-38],from,Princess Sophia,NYPL(B),My dearest kind Friend!! a sit is dificil [?]
1 JA 1838,to,CBFB,BM(Bar),[?]
2 p [?],from,CBFB,BM(Bar),[?]
1 Jul 1838,to,CBFB,Hyde,Is not this precarious weather my dearest
[JU 1838],from,CBFB,NYPL(B),[?]
[? ],from,CBFB,NYPL(B),As for Charlotte [?]
[? Aug misdated Sept],from,[?],NYPL(B),[?]
[?],to,CPB,NYPL(B),I have time only [?]
[post 12 Sept],to,CPB,NYPL(B),[?]
23 Oct,from,Marie de Maisonneuve,NYPL(B),Ma bien chere et precieuse amie je vous
[?],from,C W [?] Halliday,NYPL(B),[?]
[?] Dec,from,Harriet [?],NYPL(B),[?]
10 Nov [1838-39],from,[?],NYPL(B),Ah my Charlotte, you touch me now! when you
[?],from,CBFB,NYPL(B),[?]
4 [? 1839],from,[?],NYPL(B),[?]
23 [F/E 1838],to,SHB,Scot,[?]
30 Ju-21 Aug [1839],to,SHB,NYPL(B),[?]
19 Aug [1839],from,Sarah (Burney) Payne,BM(Bar),[?]
24 Aug,from,Maria (Burney) Bourdois,NYPL(B),[?]
1 MT 1839,to,CPB,NYPL(B),[?]
4 MT 1839,to,CPB,Cal(B),[?]
1 MT 1839,to,[?],NYPL(B),the channel I on that I must write my
1 Sept,copy,to,— de Croy,Vin,Un objet de plus pressante m'appelle a
[pre 10 Oct 1789],to,Pont Baptiste Council [?],Vin,[?]
4 Jan [1791],from,Bonneville-Lara,NYPL(B),je joins' au Patriat, Mon ami [?]
15 Feb [1792],from,Marquis de Lafayette,NYPL(B),a pres votre lettre, mon cher d'Arbley,
[Jul [1792]],from,Jean-Gabriel Peltier,NYPL(B),[?]
8 Sept,copy,to,comte de Foucauld de Lardimalie,NYPL(B),[?]
[c 1791?],from,Jean-Gabriel Peltier,NYPL(B),[?]
[?],from,Jean-Gabriel Peltier,NYPL(B),[?]
1 Jul,from,Marquis de Lafayette,NYPL(B),[?]
[Jul 1792],from,Marquis de Lafayette,NYPL(B),la tranquillite presente Monsieur Staradle [?]
10 Oct,copy,from,Louis, comte de Narbonne-Lara,NYPL(B),[?]
10 Oct,from,Louis, comte de Narbonne-Lara,NYPL(B),l'adresse de Verdes, Mr., imagine [?] [?]
[1792],from,Louis, comte de Narbonne-Lara,NYPL(B),l'adresse que vous me donnez [?]
[1790-94],from,Louis, comte de Narbonne-Lara,NYPL(B),je vous donnerai a Londres, Mon ami
[1790-94],from,Louis, comte de Narbonne-Lara,NYPL(B),[?]
[1790-94],from,Louis, comte de Narbonne-Lara,NYPL(B),voila les projets que nous avons [?]
[1790-94],from,Louis, comte de Narbonne-Lara,NYPL(B),mon ami on a se que la Martinique est [?]
[1792-98],from,Louis, comte de Narbonne-Lara,NYPL(B),parsoir bien voulu, mon ami [?]
[1792-98],from,Louis, comte de Narbonne-Lara,NYPL(B),votre bon Mon ami le capitaine a mourir [?]
28 Mar,from,[?],NYPL(B),Jean Philips has just drawn to [?]
8 Jun,from,Louise-Germaine (Necker),NYPL(B),[?]
[June 1793],copy,to,[?],NYPL(B),[?]
[?],from,Charles-Francois Dupetit Dumouriez [?],NYPL(B),Passons a un ancien ami qui se C'a pas perdu
28 July,from,[?],NYPL(B),[?]
1 Aug,from,Philippe de Noailles, prince de Poix,BM(Bar),Deshur mille bon Mon Cher d'Arblay de ma part [?]
4 [Dec 1793],from,Marquis de Lally-Tollendal,NYPL(B),Meme ami, mon ami, ses pieds de [?]
[1793-94],from,Louis, comte de Narbonne-Lara,NYPL(B),[?]
[1793-95],from,Louis, comte de Narbonne-Lara,NYPL(B),[?]
[1793-1802],from,Marquis de Lally-Tollendal,NYPL(B),Autant qu'on autre, Mon ami
3 Sept [1793-98],from,Louis Bonne [?],NYPL(B),ne puis, mon cher d'Arblay, quite [?]
[1793-06],from,Louis, comte de Narbonne-Lara,NYPL(B),il vous s'etablit avec tranquillite, Mon ami [?]
15 Jan,from,Arnail-Francois, marquis de Jaucourt,PML,[?]
[Feb 1794],from,Louis, comte de Narbonne-Lara,NYPL(B),Si vous n'avies pas, Mon ami, une autonome [?]
12 Feb,from,Marie-Louise, marquise de Rosse-chevilles [?],NYPL(B),[?]
4 p,from,[?],NYPL(B),[?]
8 Aug,from,Marquis de Lally-Tollendal,NYPL(B),je adore de vous, mon cher d'Arblay,
22 AU 1794,from,Angelique, comtesse de Montrand,NYPL(B),J'ay attendu que je fusse enfin paisible [?]
[Aug-Sept 1794],draft,to,Denise-[?] Germigny,NYPL(B),[?]
23 Sept,from,Louis, comte de Narbonne-Lara,NYPL(B),j'ai eu deux lettres de vous, Mon ami,
6 Nov,from,Louis, comte de Narbonne-Lara,NYPL(B),j'ai heureusement appris a la fois, Mon ami,
15 [Nov?] 1794,from,Louis, comte de Narbonne-Lara,PML,mon votre Clausea"> Mon ami, de mo [?]
18 Dec,with SRP to JB & PS by FBA,PML,In a few years, my dear James, Martiu [?]
27 Dec,from,Marquis de Lally-Tollendal,NYPL(B),Coup qu'il y ait, mon cher D'Arblay
31 Dec,from,Antoine-Marie-Rene Terrier de Monciel,NYPL(B),Je sui bien fache, mon cher Durblay, davois
[1794],from,William Locke,NYPL(B),Nothing can be more natural than Mme,
[1794?],from,Jean-Baptiste Le Chevalier Le Ministre,NYPL(B),[?]
24 Sept,from,[?],NYPL(B),[?]
1 Dec,from,[?],BM(Bar),[?]
5 Dec,from,[?],NYPL(B),[?]
23 Mar 1795,to,JB (with PS by FBA),PML,your now, my dear James, would be very
17 OC 1795,from,Angelique, comtesse de Montrand,NYPL(B),[?]
[pre 12 Apr],from,Louis, comte de Narbonne-Lara,NYPL(B),[?]
8 Nov,from,[?],NYPL(B),[?]
14 Dec,from,Charles Sicard,NYPL(B),I have received bien Sincerement Mon cher [?]
[1795-1802],from,Marie-Charlotte (Bontemps), marquise de Jaucourt,NYPL(B),[?]
[1795-1802],from,[?],NYPL(B),Ah! que je voudrais consoler et ranimer votre
25 Jan,from,Louis, comte de Narbonne-Lara,NYPL(B),[?]
25 Feb,from,Angelique, comtesse de Montrand,NYPL(B),[?]
4 Mar,from,L. M. Barral, eveque de Troyes,NYPL(B),[?]
18 Mar [1796],from,Angelique, comtesse de Montrand,NYPL(B),[?]
8 AP pmk [1796],from,Angelique, comtesse de Montrand,NYPL(B),[?]
18-19 [Apr 1796],from,Angelique, comtesse de Montrand,NYPL(B),I have no ne rendre un service [?]
27 MA 1796,from,Angelique, comtesse de Montrand,NYPL(B),[?]
30 Jan [1797],from,Etiennette, princesse d'Henin,NYPL(B),Vous auriez bien monseigneur que vous m'aves
22 July,from,Angelique, comtesse de Montrand,Comyn,[?]
29 Nov,from,Angelique, comtesse de Montrand,NYPL(B),[?]
12 Dec,from,Angelique, comtesse de Montrand,NYPL(B),[?]
[1796],from,Angelique, comtesse de Montrand,NYPL(B),[?]
[1796?],from,Angelique, comtesse de Montrand,NYPL(B),Je voulais voir la platte bien platte [?]
5 Feb,from,Marquis de Lally-Tollendal,NYPL(B),Comment [srit], monsieur vous avec la honte de [?]
[Apr],from,Angelique, comtesse de Montrand,NYPL(B),[?]
[Jul 1797],from,Angelique, comtesse de Montrand,NYPL(B),mon plus Monsieur, je ne doutais pas
4 Mar 1798,from,[?],NYPL(B),Il me est encore [?]
[?],from,Louis, comte de Narbonne-Lara,NYPL(B),Mon D'Arblay, si j'ai bien beaucoup [?]
[?],from,William [?],NYPL(B),[?]
25 [1797],from,Angelique, comtesse de Montrand,NYPL(B),Non, Monsieur, je ne serois pas famille [?]
8 Aug-1 Sept,from,Jean-Baptiste-Gabriel Bazille,NYPL(B),il est donx vray, Mon cher Alexandre, que tu [?]
12 Aug,from,[?],NYPL(B),[?]
16 Nov-17 Dec,from,[?],NYPL(B),[?]
[post 16 Dec 1797],to,SBP,NYPL(B),[?]
[1797?],from,Angelique, comtesse de Montrand,NYPL(B),[?]
25 Nov,draft,to,William Lane,NYPL(B),[?]
[5 Jan],to,[post 1798?],NYPL(B),[?]
15 c [Jan] [post 1798?],from,Marquis de Lafayette,NYPL(B),J'ai bien, mon cher d'arblay,
[Feb-Mar?],copy,from,Pierre Victor Malouet,NYPL(B),Nous pouvons nous considerer
[Feb-Mar?],copy,from,[?],NYPL(B),[?]
20 Mar,from,Marquis de Lally-Tollendal,NYPL(B),Je sai ceux bien, mon cher D'arblay, votre lettre [?]
23 Aug,from,Marquis de Lally-Tollendal,BM(Bar),J'ai recu bien, mon cher D'arblay, votre lettre
[1798],from,Frederic-Seraphin, marquis du Fay,PML,[?]
9 JY pmk [1800],from,Marquis de Lafayette,NYPL(B),Je vous avec ma La Lettre que tu vous Escris,
15 Dec,from,[?],NYPL(B),[?]
15 Sept,from,[?],NYPL(B),[?]
21 Sept [1804],to,AA,Comyn,[?]
20 Oct [1804],to,[?],NYPL(B),[?]
[10 Mar 1805],draft,to,Mathieu, duc de Montmorency,NYPL(B),[?]
16 Mar,from,Joseph, baron de Gerando,NYPL(B),[?]
18 Mar [1805?],from,Mathieu, duc de Montmorency,NYPL(B),[?]
2 Apr,from,[?],NYPL(B),[?]
25 Apr,from,J-F Loisiel, comte de Cossé [?],NYPL(B),[?]
19 Nov,from,César, comte de Latour-Maubourg,NYPL(B),[?]
[18 Nov],from,[?],NYPL(B),[?]
2 Aug,from,[?],PML,17 Dec from Jean-Jacques-Basilion comte de Gasenudi [?]
1 p,from,Marquis de Lally-Tollendal,NYPL(B),[?]
3 Mar [1804],from,Marquis de Lafayette,NYPL(B),Voila, mon cher d'arblay, les reconnaissances [?]
20 Nov?,from,E Paisy,NYPL(B),[?]
[1810],from,Louis, comte de Narbonne-Lara,NYPL(B),[?]
[1810],from,Adrienne (de Noailles), comtesse de [?],NYPL(B),[?]
[late 1810],from,Louis, comte de Narbonne-Lara,NYPL(B),[?]
[1810-11],from,Louis, comte de Narbonne-Lara,NYPL(B),je suis bien fachie, Mon ami,
[1810-11],from,Louis, comte de Narbonne-Lara,NYPL(B),[?]
[1810-15],from,[?],NYPL(B),[?]
9 June [1811],from,[?],NYPL(B),[?]
21 Oct [1811],from,Anne (de Beauveau), princesse de Mal [?],BM(Bar),[?]
[1811?],draft,from,[?],NYPL(B),[?]
[1811],from,Louis, comte de Narbonne-Lara,NYPL(B),[?]
[c 1811],from,Marquis de Lafayette,NYPL(B),[?]
[June 1812],from,[?],NYPL(B),[?]
10 Oct,from,Marquis de Lally-Tollendal,NYPL(B),[?]
[1812?],from,Denise-Victoire, marquise de [?],NYPL(B),[?]
28 Sept,from,Jean-Pierre-Basilien, comte de [?],NYPL(B),[?]
28 Jan,from,L. M. Barral, eveque de Troyes,NYPL(B),[?]
25 Feb [1813?],from,Denise-Victoire [?],NYPL(B),[?]
8 Mar [1813?],from,[?],NYPL(B),[?]
20 May,to,Miss Bron [?],NYPL(B),[?]
22 June [1813],from,Adrienne (de Noailles), comtesse,NYPL(B),[?]
11 Oct,from,baron d'Artel [?],NYPL(B),[?]
[Nov-Dec 1815],from,Arnail-Francois [?] de Jaucourt,PML,[?]
9 Mar,from,CBFB,NYPL(B),[?]
[Jan 1814],from,Marquis de Lafayette,NYPL(B),[?]
[?],from,Denise-Victoire, marquise de [?],NYPL(B),[?]
14 Mar,from,[?],NYPL(B),[?]
1 May,from,William Locke [?],NYPL(B),[?]
[May 1814],copy,from,Claude-Louis, duc de la Chatre,NYPL(B),[?]
[?],from,Marquis de Lafayette [?] de Gorion-Saint-Cyr,NYPL(B),[?]
[?],from,[?],PML,[?]
[July 1814],from,[?],NYPL(B),[?]
[1814],to,[?],NYPL(B),[?]
7 NO 1814,to,CPB,NYPL(B),[?]
[1814-15],from,CBFB,NYPL(B),[?]
27 Mar [1815],from,Henriette (Guignet de Souligné) de Maurville,NYPL(B),[?]
9 by Mar,from,Louise (Farina-Fiorelli) Duchesse d'Orivel [?],NYPL(B),[?]
1 Apr [1815],from,Duc de Luxembourg,NYPL(B),[?]
[?],from,Duc de Luxembourg,NYPL(B),[?]
4 June,copy,to,[?],NYPL(B),[?]
1 NO 1814,to,[?],NPG,[?]
[1814],to,Duc de Luxembourg,NYPL(B),[?]
[1814-15],from,Duc de Luxembourg,NYPL(B),[?]
2 Dec,from,[?],NYPL(B),[?]
[1814-15],from,Marie-Tresse (Poniakowitz [?]), comtesse de Tyszkowicz [?],NYPL(B),[?]
[1814-18],to,AA,BM(Bar),Mon tres tres malheureuse mon cher et bon
3 Aug,from,Elizabethe-Charlotte, marquise d'Amble [?],NYPL(B),[?]
5 Aug [1815],from,Etiennette, princesse d'Héin [?],BM(Bar),[?]
20 Aug,from,[?],NYPL(B),[?]
20 Aug,from,[? Duc de Feltre?],NYPL(B),[?]
31 Aug,copy,from,Laurent, marquis de Gouvion-Saint-Cyr,NYPL(B),[?]
[Aug 1815],from,Duc de Luxembourg,NYPL(B),[?]
[Aug 1815],from,Marie de Maisonneuve,NYPL(B),[?]
1 Sept,from,Duc de Luxembourg,NYPL(B),[?]
3 Sept,to,[?],NYPL(B),[?]
9 Sept,from,Durand de Prémorel, chef d'un famille [?],NYPL(B),[?]
[?],from,Marie-Pierre de Grandmaison,NYPL(B),[?]
[?] Sept,draft,from,Marie-Pierre de Grandmaison,NYPL(B),[?]
3 Sept-Oct 1816,from,Marie-Pierre de Grandmaison,NYPL(B),[?]
[Oct 1815],from,Louise-Josephine, comtesse de Montesquiou-Fézensac,NYPL(B),[?]
[1815],from,[? Duc de Feltre?],Vin,[?]
[1815],from,[? Kittanovsky],NYPL(B),[?]
[1815-1816],from,[?],Vin,[?]
6 Nov,from,[? Duc de Feltre?],NYPL(B),[?]
6 Nov,from,[?],NYPL(B),[?]
[?],from,[?],NYPL(B),[?]
19 Nov,from,Adrienne (de Chavagnac), vicomtesse de Labrousse [?],BM(Bar),[?]
[1816],from,Catherine (de Bouillonne [?]), vicomtesse de Laval,NYPL(B),[?]
[?],from,Marie de Maisonneuve,NYPL(B),[?]
[1816],from,Felicite, comtesse de Choisy [?],NYPL(B),[?]
[1816],from,Marquis de Lafayette,Vin,[?]
[1816?],to,AA,NYPL(B),[?]
20 Jan pmk 1817,from,Lady Lucy (Fitzgerald) Foley,NYPL(B),[?]
6 June,translation,to,AA [postscript only],BM(Bar),I ought now to be seeing to our affairs in Paris
15 Aug,from,Victor de Latour Maubourg,NYPL(B),Mon cher Durblay, nous le croyons parti [?]
[Sept 1817],draft,to,Catherine (de Boullogne [?]), vicomtesse de Laval,NYPL(B),[?]
[Sept 1817],draft,to,Duc de Luxembourg,NYPL(B),[?]
28 Oct,from,[?],NYPL(B),[?]
12 Jan,from,Victor de Latour Maubourg,NYPL(B),J'ai recu la lettre de le N[ov?]
15 Mar,from,Victor de Latour-Maubourg,NYPL(B),Mon cher d'Arblay, j'avois prie mon parent
[1801-02],to,M d'A,BM(Bar),Papa, I hope Uncle Barlie is well
[?],from,[?] transcript copy,NPG,[?]
[2 Nov 1803?],from,Precourt Bazille,NYPL(B),Mon bon cousin, que votre amitie
[Oct 1804?],to,M d'A,NYPL(B),je vais t'ecrire une bien longue lettre,
1 July [1815],from,Frederica Locke,BM(Bar),My dear Alex, if you have not already rec'd
20 Oct,from,GMAPWaddington,BM(Bar),How have you replosed my heart by writing
7 Mar,to,M d'A,NYPL(B),Malgré que j'aie déjà écrit a Maman
1 Nov,to,M d'A,NYPL(B),Edward Jacob, Esq! / 17, Everell Street,
19 May,from,Marie-Alexendre Lenoir,NYPL(B),[?]
30 MY 1818,to,Frederica Locke & Amelia (Locke) Angerstein,BM(Bar),[?]
22 May [1818],from,Catherine (de Boullogne [?]), vicomtesse,NYPL(B),[?]
30 May,from,Marquis de Lafayette,NPG,[?]
24 May [1818?],from,Cecile (du Repaid de Caramar [?]), marquise de Sommery,NYPL(B),je suis chargée, Monsieur, de la part de [?]
31 May,from,Victor de Latour Maubourg,NYPL(B),Mon cher alexandre, j'ai été pour vous [?]
27 Apr,from,George Hay,BM(Bar),[?]
1 June,from,George Hay,BM(Bar),[?]
1 June,from,George Hay,NYPL(B),I have just this way I received your letter
30 July [1818],from,Etiennette, princesse d'Henin,NYPL(B),j'espere mon cher alexandre que vous si j'avez
26 Aug,from,Victor de Latour Maubourg,NYPL(B),[?]
6 Dec,from,[?],BM(Bar),[?]
[post 1819],from,Henry Raper,NYPL(B),A Fallacy / Collision of Difference / N
[?],from,Marquis de Lally-Tollendal,NYPL(B),[?]
[1822?],from,Petronille-Jacoba (Van Ryssel) de Latour-Maubourg,NYPL(B),Mon cher Alexandre, vous serier bien aimable
[? JU 1829],to,Charles Babbage,BM,[?]
15 June,to,Charles Babbage,BM,[?]
[? Sept],draft,to,[?],NYPL(B),[?]
18 Jan,to,[?],BM(Bar),[?]
20 Jan,to,MF,NYPL(B),This may truly be called your Pardon [?]
2 May,2 drafts mutilated,to,Foundling Hospital,NYPL(B),[?]
[post 21 Sept 1835],1st draft,to,Clarissa Marion ( ) Bolton,NYPL(B),Seven long days have I passed in painful
[post 21 Sept 1835],2nd draft,to,Clarissa Marion ( ) Bolton,NYPL(B),Is your health improving and is your mind
3 Feb,from,C T F Metcalf,NYPL(B),With reference to your letter of the 22nd. April
30 Dec,to,M d'A,NYPL(B),[?]
1 June,from,Nathalie (de Mortemart?),NYPL(B),[?]
5 June,from,Florentin de Latour Maubourg,NYPL(B),j'etais a la Campagne, Mon cher Alexandre,
[16 Sept],2 drafts,to,George Hay (on verso of NYPL(B)),NYPL(B),[?]
[15-17] Oct,to,M d'A,NYPL(B),[?]
[1814-18],to,M d'A,BM(Bar),Si j'ai différé jusqu'à present
17 May [post 1815],from,Marquis de Lally-Tollendal,PML,Mon cher alexandre, comment <imaginer>
[post 1815],from,Petronille-Jacoba (Van Ryssel) de Latour-Maubourg,PML,Voici, mon cher Alexandre, un billet pour la
[? 1817],from,[?] [M d'A],NYPL(B),Vous ne me dites pas, cher ami, si cette lettre
[1804],from,[?],NYPL(B),[?]
28 Jan,from,Amelia (Locke) Angerstein,NPG,My Dear Amerie I thank ye very much for [?]
[?],to,M d'A,Comyn,[?]
[1814-18],to,M d'A,BM(Bar),[?]
[?],from,[?],BM(Bar),[?]
4 Jan [1828-37],from,Princess Sophia,NYPL(B),My dearest dearest kind Friend
10 May [1828-37],from,Princess Sophia,NYPL(B),Alas did I say how day to day it is ruined
20 Aug [1828-37],from,Princess Sophia,NYPL(B),I am so well I wish you was here
[1828-37],from,Princess Sophia,NYPL(B),My dearest kind Friend have reason to say I ask those [?]
[1828-37],from,Princess Sophia,NYPL(B),For as I have been here as ill I was [?]
30 June,from,Marie de Maisonneuve,NYPL(B),je vous ai mande dernierment. Ma bien chere
11 July,from,Marie de Maisonneuve,NYPL(B),Ma bien chere amie comme l'enfant de desn [?]
4 Sept [1829],from,Marie de Maisonneuve,NYPL(B),on en bien la pauvre [?]
6 Oct,to,CBFB & CPB,BM(Bar),Ma bien chere amie votre consolant [?]
6 OC 1828,from,CBFB with PS from EBB,BM(Bar),[?]
22 Jan [1829-37],from,Princess Sophia,NYPL(B),[?]
[1828-37],from,Princess Elizabeth,NYPL(B),[?]
20 Mar,from,Marie de Maisonneuve,NYPL(B),Ma bien chere il honore [?]
24 May,from,[?],Osb,[?]
14 Oct [1830],from,Princess Sophia,NYPL(B),My dearest dear! [?]
20 Jan,to,Comtesse Irma Moore,NYPL(B),We find ladies Mon [?]
13 Mar [1831],from,Marie de Maisonneuve,NYPL(B),[?]
20 June,from,Marie de Maisonneuve,NYPL(B),Pardon me dear kind Mrs. Grosvenor [?]
8 Sept,from,AA,NYPL(B),Here I am sick and safe — / There is no
27 Dec,from,Thomas Faulkner,NYPL(B),The Author of the History of Chelsea
[1832],from,Thomas [?],NYPL(B),[?]
15 Feb,from,[?],NYPL(B),They deed hey mamma — hey olay deed hey
24 Feb [1833],from,Amelia (Locke) Angerstein,Osb,One has of course no adequate
18 Mar [1833],draft,to,Stephen Allen,NYPL(B),I implore, my dear Mrs. Allen, my very
2 MY 1833,to,CPB,NYPL(B),There is no time, I think, as to fact is [?]
[15]-1 June [1833],from,Princess Sophia,NYPL(B),OH! What a happiness was the contents of your
23 NO 1833,to,CBFB,NYPL(B),Not to lose a post by waiting till I can
2 Dec [1833],from,CBFB & CFB,BM(Bar),This is hopeless — & therefore I hesitate
7 Dec 1833,to,CFB,NYPL(B),I like the thought of the proposition, my dear
[1833],draft,to,Stephen Allen,NYPL(B),I am so unfortunately shut in my dear Mrs. Day,
4-17 Apr [1834],from,CBFB,BM(Bar),I now begin one Sundays Letter to my darling
4-10 May [1834],from,CBFB,BM(Bar),my beloved Charlotte — my dearest sister for
23 MY 1834,to,CBFB,Osb,I am so beloved my dear Carlos, not to
[18 Nov 1834],from,AA,NYPL(B),This is one month before my birthday
[c 1834],from,Sarah (Burney) Payne,BM(Bar),If you are disengaged tonight, may we ask for
[10? May 1835],from,CBFB,BM(Bar),[?]
1 c JU 1835,from,CBFB,BM(Bar),My sweet Charlotte what kindness
8-10 July,from,CBFB,NYPL(B),NOT OPEN & ONY, my sweet Charlotte
10 July [1835],from,CBFB,BM(Bar),I am involved in occupations, finding places for
31 Aug,from,SHB,NYPL(B),I have better quarters much very
21 pink SE 1835,to,[?],BM(Bar),What a happy coincidence there seems, my
8 Nov,from,Richard Bentley,NYPL(B),It is but too much loss my wish to include
7 OC 1835,to,CBFB,BM(Bar),I shall not be to write to any thing then
[post 8 Nov 1835],draft,to,[?],NYPL(B),I have only just now, — through my retired
17 Feb,to,Charles Foster,Osb,if you know not Eugenie, one, who would be
8 Dec,from,SHB,NYPL(B),I cannot allow dear Edward to be
11 Mar [1836],from,[?],NYPL(B),[?]
1 April [1836],to,CBFB,NYPL(B),What is all this trouble Alice? & What dont I
3 Mar,to,CPB,NYPL(B),I cannot submit to C—— [?]
6 pink [Mar 1837],to,CBFB,NYPL(B),My dear dear dearest Charlotte let us
24 Mar,from,SHB,NYPL(B),How are you poor dear Sister Sunday
[1837-38],from,Princess Sophia,NYPL(B),My dearest kind Friend!! [?]
[Aug misdated Sept],from,Marie de Maisonneuve,NYPL(B),Ma bien chere toujours plus chere amie
[12 Sept 1838],to,CPB,NYPL(B),I have time only [?]
10 Nov [1838-39],from,[?],NYPL(B),Ah my Charlotte, you touch me now! when you
4 Jan [1791],from,Bonneville-Lara,NYPL(B),[?]
15 Feb [1792],from,Marquis de Lafayette,NYPL(B),a pres votre lettre, mon cher d'Arbley,
[Jul 1792],from,Jean-Gabriel Peltier,NYPL(B),[?]
[Jul 1792],from,Marquis de Lafayette,NYPL(B),la tranquillite presente Monsieur [?]
10 Oct,copy,to,Louis comte de Narbonne-Lara,NYPL(B),[?]
10 Oct,from,Louis, comte de Narbonne-Lara,NYPL(B),[?]
[1792],from,Louis, comte de Narbonne-Lara,NYPL(B),[?]
[1790-94],from,Louis, comte de Narbonne-Lara,NYPL(B),je vous donnerai a Londres, Mon ami
[1790-94],from,Louis, comte de Narbonne-Lara,NYPL(B),[?]
[1790-94],from,Louis, comte de Narbonne-Lara,NYPL(B),voila les projets que nous avons
[1792-98],from,Louis, comte de Narbonne-Lara,NYPL(B),[?]
28 Mar,from,[?],NYPL(B),[?]
[?],from,Charles-Francois Dupetit Dumouriez,NYPL(B),Passons a un ancien ami qui se C'a pas perdu
1 Aug,from,Philippe de Noailles, prince de Poix,BM(Bar),[?]
4 [Dec 1793],from,Marquis de Lally-Tollendal,NYPL(B),[?]
[1793-94],from,Louis, comte de Narbonne-Lara,NYPL(B),[?]
[1793-95],from,Louis, comte de Narbonne-Lara,NYPL(B),[?]
[1793-1802],from,Marquis de Lally-Tollendal,NYPL(B),Autant qu'on autre, Mon ami
3 Sept [1793-98],from,Louis Bonne [?],NYPL(B),ne puis, mon cher d'Arblay, quite
[1793-06],from,Louis, comte de Narbonne-Lara,NYPL(B),[?]
[Feb 1794],from,Louis, comte de Narbonne-Lara,NYPL(B),Si vous n'avies pas, Mon ami, une autonome
12 Feb,from,Marie-Louise, marquise de Rosse-chevilles [?],NYPL(B),[?]
8 Aug,from,Marquis de Lally-Tollendal,NYPL(B),je adore de vous, mon cher d'Arblay,
24 Sept,from,Jean-Philippe de Boisgelin [?],NYPL(B),[?]
5 Dec,from,Philippe de Noailles, prince de Poix,BM(Bar),[?]
22 AU 1794,from,Angelique, comtesse de Montrand,NYPL(B),J'ay attendu que je fusse enfin paisible
23 Sept,from,Louis, comte de Narbonne-Lara,NYPL(B),j'ai eu deux lettres de vous, Mon ami,
15 [Nov?] 1794,from,Louis, comte de Narbonne-Lara,PML,mon votre "Clausea"> Mon ami, de mo [?]
18 Dec,with SRP to JB & PS by FBA,PML,In a few years, my dear James, Martin [?]
31 Dec,from,Antoine-Marie-Rene Terrier de Monciel,NYPL(B),Je suis bien fache, mon cher Durblay, davois
14 Dec,from,Charles Sicard,NYPL(B),[?]
20 Mar,from,Marquis de Lally-Tollendal,NYPL(B),[?]
23 Aug,from,Marquis de Lally-Tollendal,BM(Bar),[?]
9 JY pmk [1800],from,Marquis de Lafayette,NYPL(B),[?]
25 Apr,from,J-F Loisiel, comte de Cossé,NYPL(B),[?]
2 Aug,from,[?],PML,[?]
17 Dec,from,Jean-Jacques-Basilion, comte de Gasenudi,NYPL(B),C'est au contraire mot qui est l'importune [?]
3 Mar [1804],from,Marquis de Lafayette,NYPL(B),[?]
[1810],from,Adrienne (de Noailles), comtesse,NYPL(B),[?]
[Nov-Dec 1815],from,Arnail-Francois [?], de Jaucourt,PML,[?]
[1814-15],from,Marie-Tresse (Poniakowitz [?]), comtesse de Tyszkowicz,NYPL(B),[?]
5 Aug [1815],from,Etiennette, princesse d'Henin,BM(Bar),[?]
9 Sept,from,Durand de Premorel, chef d'un famille,NYPL(B),[?]
[Oct 1815],from,Louise-Josephine, comtesse de Montesquiou-Fezensac,NYPL(B),[?]
19 Nov,from,Adrienne (de Chavagnac), vicomtesse de Labrousse,BM(Bar),[?]
[1816],from,Catherine (de Boullogne), vicomtesse de Laval,NYPL(B),[?]
[1816],from,Marie de Maisonneuve,NYPL(B),[?]
[1816],from,Felicite, comtesse de Choisy,NYPL(B),[?]
[Sept 1817],draft,to,Catherine (de Boullogne), vicomtesse de Laval,NYPL(B),[?]
12 Jan,from,Victor de Latour Maubourg,NYPL(B),[?]
7 Mar,to,M d'A,NYPL(B),Malgre que j'aie deja ecrit a Maman
22 May [1818],from,Catherine (de Boullogne), vicomtesse,NYPL(B),[?]
24 May [1818?],from,Cecile (du Repaid de Caramar), marquise de Sommery,NYPL(B),je suis chargee, Monsieur, de la part de
31 May,from,Victor de Latour Maubourg,NYPL(B),Mon cher alexandre, j'ai ete pour vous
20 Jan,to,MF,NYPL(B),This may truly be called your Pardon
20 Nov [1768],from,Richard Thomas Burney pmk,NYPL(B),I delay'd writing till to day as Mr R appears
[1768],to,CB,Osb,[no first line visible]
23 June,from,CB,NYPL(B),O all ye masses of ev'ry Degree / O give
11 July [1768],from,Elizabeth (Allen) Burney,NYPL(B),Master New-Come's affectionate Love to his
[1768],from,Maria (Allen) Rishton,NYPL(B),Come Fan Pa' your a good girl and ill sets
[27] pmk Aug,to,Robson Burney; Ann Burney & Mrs Gregs,NYPL(B),All where shall I appease find / To soften
13 Oct,from,Elizabeth (Allen) Burney,NYPL(B),I've but a bad excuse to make for not
[1768-1775],to,SEB,PML,[no first line visible]
[1770],to,Lady Hales,NYPL(B),I am so much astonished & so much confuted
[1770-74],from,Maria (Allen) Rishton,BM(Bar),[no first line visible]
[1765-71],from,Maria (Allen) Rishton,NYPL(B),Prepare a good stomach and good pair of dates [?]
6 Apr [1772],from,Maria (Allen) Rishton,NYPL(B),in dear Fanny — Copying the letter I have
8 Jl pmk [1772],from,Maria (Allen) Rishton,NYPL(B),& our crisp — Crisp knows I am Maria Rishton
[1772],from,Maria (Allen) Rishton,NYPL(B),[no first line visible]
1 Aug [1772],from,Maria (Allen) Rishton,NYPL(B),my fondest hope his Compliments — Stephen
11 Aug mutilated,from,Samuel Crisp,Essex,and I dear one What does he do? —
2 Sept [1772],from,Dorothy Young,BM(Bar),You will believe without my telling you
15 Oct [pre 1772],from,Maria (Allen) Rishton,NYPL(B),I am most exceedingly obliged to you for
[1772],from,Maria (Allen) Rishton,NYPL(B),I most remember pleasure in my life [?]
[1772],from,Maria (Allen) Rishton,NYPL(B),Upon my word you very little deceive I should [?]
[1772],from,Maria (Allen) Rishton,NYPL(B),As Rishton is very deeply engaged at present in
[post 1772],from,Dorothy Young,BM(Bar),I do remember you huffed me for a more
25 Apr [1773],from,Maria (Allen) Rishton,NYPL(B),Here we are arrived at our little retirement
13 Apr [1773],from,Maria (Allen) Rishton,NYPL(B),I know not whether I owe you a letter or not
22 Feb,from,Maria (Allen) Rishton,NYPL(B),You are my best and kindest Friend to write to
[28 May 1773],from,Maria (Allen) Rishton,NYPL(B),You are really a very good Girl to write me so
9 June [1773],from,Maria (Allen) Rishton,NYPL(B),I can no longer delay writing to enquire the
13 June [1773],from,Maria (Allen) Rishton,NYPL(B),So far from giving up the hopes of seeing you
25 [Aug? 1773],from,Maria (Allen) Rishton,NYPL(B),the most money of his Children — Think only
2 Oct,from,Maria (Allen) Rishton,NYPL(B),Many thanks for your very kind letter I hope
13 Nov,to,Stephen Allen,Harv(H),It makes me extremely happy to find it in my
[?15 NO pmk 1773],from,Samuel Crisp,BM(Bar),I'll tell you what Fanny — I yesterday received
[Nov 1773],from,Samuel Crisp,NYPL(B),in consequence of our Agreement
[1773?],from,Samuel Crisp,BM(Bar),Tho the weak knotty joints of my knuckles are
[1773],from,Maria (Allen) Rishton,NYPL(B),& so here we are once More arrived at the Seat
[1773],from,Maria (Allen) Rishton,NYPL(B),And so by way of return to the very Curious
[1773?],from,Maria (Allen) Rishton,NYPL(B),I delay'd writing till to day as Mr R appears [?]
1 Jan [1774],from,Samuel Crisp,BM(Bar),A happy new year to the Fannikin! & I think I
7 Feb [1774],to,Samuel Crisp,BM(Bar),Did you draw me into a Correspondence, my
7 Feb [1774],from,Maria (Allen) Rishton,NYPL(B),& so Mr Cartwright has made Miss Burney a
9 Feb [1774],to,Samuel Crisp,BM(Bar),The sight of your Hand, once again directed
17 Feb,from,Maria (Allen) Rishton,NYPL(B),& so Miss Fanny Burney has mounted her little
[Apr 1774],from,Samuel Crisp,NYPL(B),I tell you what — You are a Jew — an Ebrew
21 May [1774],from,Maria (Allen) Rishton,NYPL(B),Lord bless me what Silly Things Excuses are
13 JU pmk [1774?],from,Maria (Allen) Rishton,NYPL(B),two or 3 lines in a flying hurry to thank you
22 Aug [1774],from,Maria (Allen) Rishton,NYPL(B),You are a good Sort of Girl enough, & I shant
24 [Aug],from,Maria (Allen) Rishton,NYPL(B),What your opinion of me must be I don't kno,
1 Dec [1774],to,Samuel Crisp,BM(Bar),What you have thought of me & of my
[1774],from,Maria (Allen) Rishton,NYPL(B),Upon my life Fanny I very often am to blame,
[1774?],from,Maria (Allen) Rishton,NYPL(B),I am shocked to find collecting the scattered
[1774?],from,Maria (Allen) Rishton,NYPL(B),I am so afraid of forgetting the real business of
1 Jan [1775],from,Maria (Allen) Rishton,NYPL(B),I have got a Bad arm went I sit down to write
[25 Jan?] 25 fol,to,Samuel Crisp,BM(Bar),Hark ye Fanny You must know I had a mind to
[2] Feb [1775],to,Samuel Crisp,BM(Bar),Have been in long & so much distressed
[17 Feb 1775],from,Maria (Allen) Rishton,NYPL(B),I hope for this you have all of you banished
[1] Mar,to,Samuel Crisp,BM(Bar),I hope, by your Letter to my Mother,
27 Mar [1775],from,Samuel Crisp,BM(Bar),With a right hand half lame, & a left
2 Apr [1775],from,James Hutton,NYPL(B),I have wrote here a lengthy kind of Letter to
14 Apr [1775],to,Samuel Crisp,BM(Bar),I have complied with your commands without
24 Apr [1775],to,Samuel Crisp,BM(Bar),(abbrieviated) So you published speechifying?
24 Apr [1775],from,James Hutton,NYPL(B),My dear Fanny got a House on Saturday
8 May [1775],from,Samuel Crisp,BM(Bar),The Tragedy apoplesy & left Arm lame
8 May [1775],from,James Hutton,BM(Bar),I have once seen I saw I had
[10 May 1775],to,Samuel Crisp,BM(Bar),My Father went before Sunday
[May 1775],from,Thomas Barlow,BM(Bar),[no first line visible]
[May 1775],from,Thomas Barlow,BM(Bar),I have somewhere seen that powerful Deity
18 June,to,Samuel Crisp,BM(Bar),Thank you a Thousand Times my dear Daddy
3 Jl [1775],to,Samuel Crisp,BM(Bar),in a poor hurry I lost of a Line [?]
13 SE pmk [1775],from,Maria (Allen) Rishton,NYPL(B),as the personal letter has never arrived I will
[Oct 1775],from,Maria (Allen) Rishton,NYPL(B),I am truly ashamed of not being more exact in
30 Oct [1775],to,Samuel Crisp,BM(Bar),It so long since I wrote to you that I suppose
5 Nov [1775],from,Maria (Allen) Rishton,NYPL(B),I'll cry with what writing to the minute of
10 Nov [1775],to,Samuel Crisp,BM(Bar),The best apology I can make for the indolence
19 Nov,to,Samuel Crisp,NYPL(B),That I wish for the remnant of your Evening
[10 Dec 1775],to,Samuel Crisp,BM(Bar),I have this moment received your Letter
14 Dec,from,Samuel Crisp,BM(Bar),Dont imagine, that because my letters are
[30 Dec 1775] mutilated,from,Samuel Crisp,NYPL(B),There's no more faith in thee than a stew'd
[1775],from,JB,NYPL(B),I am under a necessity of trusting
[1775],from,Maria (Allen) Rishton,NYPL(B),You would have heard from me so long since to
[1775],from,Maria (Allen) Rishton,NYPL(B),Only two or three Lines because I think it
5 Apr [1776],from,Maria (Allen) Rishton,NYPL(B),[no first line visible]
1 Jan,to,SEB,NYPL(B),I had set put this to believe the L[?]rs, to the
29 Jan [1776?],to,SEB,NYPL(B),I did not find your last Note sent with the
[4 Sept 1776],from,Maria (Allen) Rishton,NYPL(B),And so by way of return to the very Curious [?]
[a Sept 1776],from,Samuel Crisp,BM(Bar),I delay'd writing till to day as Mr R appears [?]
2 Dec [1776],from,Samuel Crisp,BM(Bar),you may think perhaps I've this out of [?]
25 Dec,from,Thomas Lowndes,NYPL(B),I've not the least objection to what
17 Jan,from,Thomas Lowndes,BM(Bar),I have read your Novel and cant see any reason
[post 17] Jan,from,Thomas Lowndes,BM(Bar),I am well contented with the openness of your
15 Mar [1777],to,SEB,NYPL(B),Your Letter, my dear Susy, was a most
22 Mar [1777],from,William Cutler [?],NYPL(B),Mr Cutler presents his Compliments to Miss
27 Mar,from,Samuel Crisp,BM(Bar),You can't imagine how we miss'd you as soon
[28 Mar 1777],to,Thomas Lowndes,BM(Bar),My dear Sir, — seemed well pleased at my
2 Apr,from,Samuel Crisp,BM(Bar),Why Fanny you young Torment, dr— think not
[July 1777],to,SEB,BM(Bar),for our young gentlemen will have their own [?]
1 Nov,from,Thomas Lowndes,BM(Bar),I've read this 3rd. Vol & think it better than
[1777?],from,James Hutton,NYPL(B),I know not whether any of the He Saints
[1777-1780],to,Thomas Lowndes,Comyn,As Business, with those who understand
[1777-1780],to,Thomas Lowndes,Comyn,The kindness with which you favored
[1777-1780],to,Thomas Lowndes,Comyn,I have been much mortified that a multiplicity
[1777-1780],to,Thomas Lowndes,Comyn,I return you my thanks for your attention to my
[1777-1780],to,Thomas Lowndes,NYPL(B),I am much ashamed, after having been myself
[1777-1780],to,Thomas Lowndes,NYPL(B),The M.S. concerning which I troubled you last
29 Dec,from,Thomas Lowndes,BM(Bar),I've read & like the Manuscript & it is
[1776],from,Maria (Allen) Rishton,NYPL(B),You may think perhaps I've this out of [?]
1776-81,from,Lady Hales [?],NYPL(B),Do me so to know my Dear Miss Bur,
[post 1776?],from,Elizabeth (Allen) Meeke,NYPL(B),Pardon me for not sooner acknowledging your
[a Sept 1776],from,Maria (Allen) Rishton,NYPL(B),I have been half a letter filled up [?]
[1777-1780],from,Thomas Lowndes,BM(Bar),I have sent all the sheets of Evelina
[1777-1780],to,Thomas Lowndes,Comyn,I keep a dangerous illness having, for at most
25 Jan,from,Mary Bruce Strange,BM(Bar),Do my dear Miss Frances Burney examine your
9 MA pmk [1778],from,SEB,NYPL(B),I dye to see your Bossy's last letter on
4 JU pmk,from,SEB,NYPL(B),but dear Fanny, my Fathers has
[11 June 1778],to,SEB,NYPL(B),I have just Spout in Brook Street —
[post 11 June 1778],to,SEB,NYPL(B),They've got on in reading it as far as
10 June,from,SEB,NYPL(B),My Mother has gone to < — My dear
[post 16 June 1778],to,SEB,NYPL(B),there's such a thing to tell you — oh
18 June [1778],to,SEB,NYPL(B),How I am, & how I have been this ago [?]
29 June,from,SEB,NYPL(B),I have not rec'd. your parcel
[June? 1778],to,SEB,NYPL(B),trade have, & returned to town,
2 July,from,Thomas Lowndes,BM(Bar),I bought up a 5 [?] for you the first Day I had
4 JY pmk [1778],from,SEB,NYPL(B),when Charlotte returned home the Coach
5 July,to,SEB,NYPL(B),Do you think there must be some wager
[5-6 July 1778],to,SEB,NYPL(B),Think Monsieur, between 7 & 8 I was woke
6 July,to,SEB,NYPL(B),Your Letter, my dearest Susan, & the
[post 6 July 1778],to,SEB,NYPL(B),To my great disappointment My Mother was
8 JY pmk [1778],from,Elizabeth (Allen) Burney,Hyde,Allen to Congratulate you on the Merit and
13 July [1778],to,SEB,NYPL(B),at night my Father read as usual — I found
[6 July 1778],from,SEB,NYPL(B),Fanny my Father & Mother came home
[30 July 1778],to,CB,NYPL(B),I have just received from Susan an account
20 July-Aug [1778],to,SEB,NYPL(B),your Girl, & I have a real regard [?]
23 JY pmk [1778],from,SEB,NYPL(B),& Dinner yesterday my Father had a Letter
25 July [1778],to,CB,NYPL(B),My dear & most kind Father, — the request
[25 July 1778],to,SEB,NYPL(B),but repetitions of what I have heard from
[Dec? 1778],to,SEB,NYPL(B),I was extremely glad, my dearest Susan,
[Dec 1778],from,HLTP,NYPL(B),Though your Papa kindly told me the time d
[Dec 1778],from,HLTP,BM(Bar),Indeed my dear Girl of my Father's wishes it [?]
[1778?],from,Catherine Coussmaker,NYPL(B),Yr. kind & most flattering Letter, my dear Miss
[1778],from,SEB,NYPL(B),Heart he be painted, &c, &c, You are M very
[1778],from,SEB,BM(Bar),very capable of writing such a Work
[1778-79],from,Isabella Strange,BM(Bar),I was sorry I miss'd my sweet Girl. I was
[1778-82],from,HLTP,Comyn,only three Words, to say that Evelina with all
[1778-86],from,Henrietta Maria (Bannister) North,NYPL(B),Will you & Dr. Burney come & dine with a parr [?]
[1778-86?],from,Henrietta Maria (Bannister) North,NYPL(B),I have a Box for Monday & still hope
1 Dec,from,Catherine Coussmaker,NYPL(B),And could you imagine my Dear Miss Bur[?]
5 D[E pmk 1778],to,SEB,BM(Bar),called here been twice to Day, & as usual was
[2 Dec],to,Samuel Crisp,BM(Bar),Exclusive of the high entertainment
24 Dec,from,Samuel Crisp,BM(Bar),I have just read Evelina over again
10 Jan,from,Anthony Chamier,NYPL(B),Mr Chamier presents his compliments to Miss
14 Jan,to,Samuel Crisp,NYPL(B),Error of a Letter from Gast, dated Burford
[27 Jan 1779],from,Thomas Lowndes,BM(Bar),I'll soon get ready 500 of the 1500 for w[?] the,
[Jan 1779],to,Samuel Crisp & SEB,NYPL(B),Your patience, my dear Daddy, in being
[Jan 1779],from,HLTP,NYPL(B),Instead of writing nonentity Letters to Dick
1 MA pmk [1779],to,SEB,NYPL(B),The kindness & honours I meet with from
20 Mar [1779],to,SEB,NYPL(B),Mr Pechierotti [?] returns his best respects to
[Apr 1779],to,SEB,NYPL(B),Old my dear Daddy —
[pre 13 May 1779],to,SEB,BM(Bar),You are a few, Fannikin, an Eline [?]
[pre 13 May 1779],to,SEB,BM(Bar),At I know the goodness of your heart, I am
[May 1779],to,Samuel Crisp,BM(Bar),my walk state of health can never destroy
[May 1779],to,Samuel Crisp,BM(Bar),your last Letter was the most acceptable
[28 May 1779],from,Samuel Crisp,BM(Bar),Symptoms of my Illness, of which in degree
[25-30 May 1779],to,SEB,NYPL(B),To my no small concern, I am obliged
[May 1779],from,Samuel Crisp,BM(Bar),I did not, therefore, want a Friend at Table,
13-15 June,to,SEB,NYPL(B),Now, my dear Susan, hard & fast let me
[June 1779],to,SEB,BM(Bar),Gormandrized with great avidity, we sent a
5-10 July [1779],to,SEB,NYPL(B),I have hardly had any power to write
21 July,from,Samuel Crisp,BM(Bar),have been now put me upon my Mettle [?]
1 Aug [1779],to,SEB,BM(Bar),I need not tell you that I left Town
3-6 Aug [1779],from,SEB,BM(Bar),Tuesday August 3rd. — Yesterday was
4 Aug [1779],to,CB,NYPL(B),Your sweet Letter, my dearest sir, has quite
[4 AU pmk 1779],to,SEB,NYPL(B),My Father then played over some songs
25-29 Aug [1779],from,Sophy Streatfield [?],BM(Bar),Wednesday August 25th — Tho' I really think
[Aug 1779],to,CB,NYPL(B),The fatal knell then, is knolled
[5? Dec 1779],from,Samuel Crisp,BM(Bar),The Contents of your letter from Brighth,
[Dec],from,HLTP to CB,NYPL(B),Your Daughter Dear Sir is no longer hea[?]
[Dec 1779],to,Samuel Crisp,NYPL(B),I have deferred Writing from Day to Day,
[1779],to,Samuel Crisp,NYPL(B),I am extremely gratified by your app[?]
[1779?],to,Samuel Crisp,NYPL(B),When I went down stairs, I found it bein[?]
[1779],from,SEB,BM(Bar),I cannot thank you sufficiently my dearest
[1779],from,William Seward,NYPL(B),Mr Seward presents his compits to Miss
[1779-80],from,HLTP,Ryl,Thanks ever dearest Madam for your most
[1779-84],from,HLTP,Byl,How should I help being uneasy, Dearest
[1779-86],from,Sophia Streatfield,BM(Bar),When Dear Dr Burney did let the force [?]
[1779-86],from,Sophia Streatfield,BM(Bar),Then my Dearest Fanny was really angry with
[Aug? 1779],to,Samuel Crisp,NYPL(B),Wall — "Call above all — [?]
[Aug? 1779],from,Samuel Crisp,NYPL(B),I have been half a letter filled up
25 Sept [1779],to,HLTP,NYPL(B),Your Letter, my Dearest Madam, have
10 Oct,to,CB,NYPL(B),How are, all safe & it all well, — Mrs.
10 pmk Oct [1779],to,Samuel Crisp,NYPL(B),the join is at last come, — & I have spent [?]
10 Oct [1779],from,SEB,BM(Bar),reminding her either of Capt. Mirvan
1-[2] Nov [1779],to,SEB,BM(Bar),Monday 1st.— Saturday Se'night my
[Nov 1779],to,SEB,NYPL(B),Wednesday Nov. 3rd. It shall not be said [?]
[Nov 1779],from,Samuel Johnson,NYPL(B),And so while I am studying to avoid the
17 Nov,from,SEB,BM(Bar),I see a blind man, my dear Susy, & so I will
30 Nov-8 Dec,from,SEB,BM(Bar),Saturday 20th. Mrs. Thrale and Fanny & Myself [?]
1 Jan-13 Feb,from,SEB,NYPL(B),I Jan 1780, had a very good social party
7 Jan [1780],to,Samuel Crisp,NYPL(B),All my dear Daddy now you are angry indeed
16 Jan [1780],to,HLTP,NYPL(B),How is it good sweet Letter as it is & beyond a
22 Jan [1780],to,Samuel Crisp,NYPL(B),As this sheet is but to contain a sequel
[c 13 Feb 1780],to,HLTP,Plat,I could not Yesterday write half my Mind; &
13 Feb [1780],from,Samuel Crisp,NYPL(B),If no letter was acceptable to you
23 Feb mutilated,from,Samuel Crisp,BM(Bar),if no letter was acceptable to you [?]
[Feb-13 Apr 1780],from,SEB,NYPL(B),I have received your very kind Letter but
17-17 [sic] Mar [1780],to,SEB,NYPL(B),But I've al, be so happy to return here,
[3]-30 Mar [1780],to,SEB,NYPL(B),A blanked thanks, my dearest Susy, for
7 Apr,from,Samuel Crisp,BM(Bar),A thousand thanks, my dear Daddy, for
10 Apr [1780],from,SEB,BM(Bar),I behold you, my dearest Sir, much welcomer [?]
1 Apr [1780],from,CAB,BM(Bar),I hope my Dearest Fanny that you are not in
[11]-12 Apr [1780],from,SEB,BM(Bar),any . so & that when you hear it this [?]
13 Apr,to,Samuel Crisp,BM(Bar),& so very much, my Dearest Daddy, & so very
13-15 Apr [1780],from,SEB,NYPL(B),30th-31st Mont. 13th Apr — Upon my loved
20-22 Apr [1780],to,SEB,BM(Bar),Upon my last letter, you may — I now
24 May,from,SEB,BM(Bar),Monday 24th Mr. Burney
[Apr 1780],to,SEB,NYPL(B),How precisely have you forestored my answer [?]
[May 1780],to,SEB,NYPL(B),This was the great & most important Day
[May 1780],to,SEB,NYPL(B),I can give you no Commissions now Dear [?]
9 Apr [1780],to,SEB,NYPL(B),My Dear Fanny — Try I lay by now forgiven
18 Apr,from,Gasparo Pacchierotti,Osb,What absolutely an Effect has made on me
27 Apr [1780],from,Samuel Crisp,BM(Bar),I was much pleased with the 4to sheet [?]
30 Apr [1780],to,SEB,NYPL(B),I have received your 12 p facsimile of copy [?]
[Apr 1780],to,SEB,NYPL(B),It is such an age since I have written
[13 Apr 1780],to,SEB,NYPL(B),It is not a shocking thing, my dearest Susette
[Apr 1780],to,SEB,NYPL(B),This Evening we have all been at
[Apr 1780],to,Samuel Crisp,Yale(Bo),So mix our Studies, & so join our names
2 May,from,Gasparo Pacchierotti,Osb,I begin for asking your pardon having provoked,
9-18 May [1780],from,SEB,BM(Bar),Tuesday May 9th. I sent off my last packet
13 May,from,Sophia (?) Gast,NYPL,How grateful to my Heart, and how fluttering
21-22 May [1780],from,SEB,NYPL(B),Sunday Mond— May 21st. Oh My dear
[post 22] May,to,SEB,NYPL(B),Nov my Susy, will I begin this Budget with
23 MA pmk [1780],from,SEB,BM(Bar),I was so incessantly engaged yesterday
28 May,to,SEB {& CAB},NYPL(B),I was very happy, my dearest Girls, with the
31 May 2,to,HLTP,Mar 340 (1230),(Describes a party at Mrs Montagu's)
4 June,to,SEB,NYPL(B),To go on with Saturday Evening,
5-12 June [1780],from,SEB,BM(Bar),Themes SER June 5th. Ah my dear Fanny!
9-10 June [1780],to,SEB,NYPL(B),How are you — where are you — & a
11 June,to,CB,NYPL(B),Here we are, dearest Sir, & here we mean
11-23 June,to,SEB,NYPL(B),& it a great while indeed I have I been silent
[12-30] June [1780],from,SEB,Hyde,Mosely night. — We have despatched a
13 June [1780],to,HLTP,NYPL(B),We arrived here yesterday about 7 in the
14 June [1780],to,SEB,NYPL(B),I was — I am — & I thinking of nothing
[17 June 1780],to,SEB,NYPL(B),O what joy, next dear Sat! did I see your
19 June,to,SEB,NYPL(B),All your Letters, my dearest love, are now
20 June [1780],to,CB,NYPL(B),How I should again writing to you, my dearest
20-21 June,from,SEB,BM(Bar),Tuesday Eve. 20th, June 1 have [?]
20 June,from,HLTP,BM(Bar),Streatham distance —
1 July,to,HLTP,NYPL(B),Have you no Quality yet, my Dearest Madam
5 July [1780],from,HLTP,NYPL(B),My dearest Miss Burney is very kind to me
8 July [1780],from,HLTP,NYPL(B),So be, Dearest Madam of my prowl [?]
11 [July 1780],from,HLTP,NYPL(B),Now when will the Poet be pleased to bring
2 Aug,from,Gasparo Pacchierotti,NYPL(B),I am extremely rejoiced, but not at all surprised
13 Aug,from,Samuel Crisp,BM(Bar),I am quite glad to hear the Burnsian System
16 Aug [1780],to,HLTP,NYPL(B),This Letter grew by Signor Piozzi, who has
[18 Aug 1780],to,HLTP,NYPL(B),The Letter you sent Sigr Piozzi [?]
[Aug-Oct 1780],from,HLTP,NYPL(B),Trouble! a It Presbyterians! O what indeed
[4 Sept 1780?],from,Maria (Allen) Rishton,NYPL(B),I make you wait for your answer answering
[28 Sept 1780],from,Samuel Crisp,BM(Bar),But a poor miserable Invalid as S.C. is
[Oct 1780],from,HLTP,NYPL(B),I wrote to my dear Miss Burney! we have
[Oct 1780],to,CB,NYPL(B),We have this Moment finished the Critic
3 NO pmk [1780],to,HLTP,NYPL(B),I write in the greatest hurry Imaginable, & only
4 Nov [1780],to,HLTP,NYPL(B),Jebb said 'he' well — call'd — did he? he is not so
[Nov-Dec 1780],to,HLTP,NYPL(B),I never managed matters so adroitly before
1 Nov,to,HLTP,Osb,The Coach — the old Coach shall fetch my
13 Nov,from,Samuel Crisp,BM(Bar),I know now less than ever when I shall be
1 Nov,from,Samuel Crisp,BM(Bar),If I was disappointed by your putting
18 Nov [1780],to,Samuel Crisp,NYPL(B),to assert know I am at this Time at Home
28 Nov [1780],to,HLTP,Harv(H),My Dearest Madam what a World Indeed! —
[Nov? 1780],from,HLTP,NYPL(B),I have a thousand Times for your kind [?]
[Nov-Dec 1780],from,HLTP,NYPL(B),Oh my dear! what a World is this! Mr Thrale
[Nov-Dec],from,HLTP,NYPL(B),I am flirting with your Captain, but most just
[Nov-Dec 1780],from,HLTP,NYPL(B),This don't come to ask how you do; Sophy
[Nov-Dec 1780],from,HLTP,NYPL(B),The Truth is my Dear Master has by a glorious
[Nov-Dec 1780],from,HLTP,NYPL(B),Jebb said 'he' well — call'd — did he? he is not so [?]
[Nov-Dec 1780],from,HLTP,NYPL(B),Who is the first Letter or Note I have written
[Nov-Dec 1780?],from,HLTP,NYPL(B),My Dearest Miss Burney will not be pleased to
6 Dec [1780],to,SEB,NYPL(B),As I am now well enough to employ myself
14 Dec,to,HLTP,NYPL(B),These Days only have I left dear Streatham —
20 Dec [1780],to,Henry Thrale,Ryl,Worst I do tell you, my dear Master, but half
[20?],from,Gasparo Pacchierotti,Osb,From Lucopia they sent me a letter of yours,
22 Dec [1780],to,SEB,NYPL(B),My lovely Burney will believe that I have
22 Dec [1780],from,HLTP,BM(Bar),Well! and what have I to say to m[?]
[1780],from,HLTP,NYPL(B),I am come to town partly to do some m[?]
24 Dec [1780],to,HLTP,NYPL(B),I do not I think God forbear to write because
[Dec 1780],from,HLTP,BM(Bar),There is a dreadful deal of Danger, Indeed
[1780],from,HLTP,NYPL(B),My sweet little Friend! how your true
[1780],from,HLTP,NYPL(B),On this Day is our dear Master gone to st[?]
[1780],to,HLTP,NYPL(B),O dear! O dear — What can I say — woe[?]
[1780],from,HLTP,BM(Bar),How much do I long for more good news of
[1780-81],from,SEB,NYPL(B),I am extremely concerned at the reason's w[?]
[1780-82],from,HLTP,Newc,My dear Creature's charming Letter was
17 AP pmk [1780-84],from,Elizabeth Montagu,Comyn,Thanks, Dearest Madam, for this cordial
[1780-84],from,HLTP,Ryl,I am quite delighted at this sweet hint in
[10 Jan 1781],from,HLTP,NYPL(B),As I went Yesterday I stop'd to read Hyd[?]
[1781],from,HLTP,BM(Bar),Well! and what have I to say to m [?]
[1780],from,HLTP,NYPL(B),I am come to town partly to do some money [?]
[1780-82],to,HLTP,NYPL(B),O dear! O dear — What can I say — women [?]
4 Jan [1781],to,SEB,NYPL(B),I'll tell you why Franks profited! I went
5 Jan [1781],from,HLTP,BM(Bar),I am come to read your Father's
8 Jan,to,EBB,NYPL(B),Yr. Letter to Mr. Crisp, my sweet Betty,
11 Jan [1781],from,HLTP,NYPL(B),I was so glad of a Letter from you before,
[15 Jan 1781],to,SEB,NYPL(B),Your Letter of this Morning, my dearest Gal,
19 Jan [1781],from,SEB,BM(Bar),Yesterday was the Queen's —
10 Jan [1781],from,HLTP,NYPL(B),this Wednesday Evening did I go to Town
20 Jan,from,HLTP & Susanna Arabella Thrale,BM(Bar),I received your kind Letter
22 Jan [1781],from,HLTP,BM(Bar),Dearest Madam, I do begin to
[post 22 Jan 1781],to,HLTP,BM(Bar),If you had not written just as you did
23 Jan,to,SEB,NYPL(B),I write to Mrs. Thrale myself about your
[30] Jan [1781],to,SEB,NYPL(B),I am very sorry, my dearest Susy, for the letter
30 Jan [1781],to,HLTP,BM(Bar),My Dearest Madam, this is a disappointment
[Feb 1781],from,HLTP,NYPL(B),My dearest Susy's last Letter made me sad, for
3 Feb [1781],from,HLTP,NYPL(B),God bless you, my Dearest Madam! — I think
3 Feb [1781],to,SEB,NYPL(B),I am so very good & sweet for accepting my
3 Feb [1781],from,HLTP,BM(Bar),Is it become of our dear little Barney [?]
8 Feb [1781],from,HLTP,NYPL(B),This message have two sweet & most
8 Feb [1781],from,HLTP,NYPL(B),You light me softly my dear Girl with drawing
10 Feb [1781],from,SEB,BM(Bar),this Saturday Evening did I go to Town [?]
[5 Feb 1781],from,HLTP,BM(Bar),This Morning Dick Borney tells me how
13 Feb [1781],from,HLTP,Wins,words at as pretty hand — it is a new
14 Feb [1781],to,HLTP,Ryl,What shall I do for another Heart to give you,
19 Feb [1781],to,CB; SEB & CAB,NYPL(B),I am so glad it got wonderfully better, & mean to be [?]
20 Feb [1781],to,SEB,NYPL(B),Source was I got over the Commons before
[Feb 1781],to,HLTP,NYPL(B),My dearest Susy's last Letter made me sad, for
20 [Mar 1781],from,HLTP,BM(Bar),My dearest Fanny was really angry with
27 Mar,from,Samuel Crisp,BM(Bar),Mrs has given me the utmost satisfaction
20 Mar,from,Samuel Crisp,BM(Bar),You are a good and to trouble your head [?]
[c Mar 1781],to,HLTP,Hyde,Sweeter than ever is my Dearest Mrs. Thrale,
[c Mar 1781],from,HLTP,Hyde,I enclose my Tyo her Ticket — Peggy Pitches
[c Mar 1781],from,HLTP,BM(Bar),4 Monday I sent my little Dear Tyo to read Hyde [?]
[1 Mar 1781],from,HLTP,NYPL(B),My dear lovely Tyo — how you are [?]
18 Apr,from,HLTP,NYPL(B),Tuesday sent my little Dear Tyo to
20 Apr [1781],from,HLTP,NYPL(B),With my sweet Tyo! & how go things at the [?]
[22 Apr],from,HLTP,BM(Bar),I wait send for my Tyo to Tuesday 24, a party [?]
23 Apr [1781],from,HLTP,BM(Bar),I believe you did misunderstand me my D[?]
29 Apr [1781],to,Samuel Crisp,NYPL(B),Have you not, my dearest Daddy, thought
10 May [1781],to,Samuel Crisp,NYPL(B),What shall I tell you Tyo! what! but that
15 May,from,Samuel Crisp,NYPL(B),I was neither cross nor surprised
[post 15] May,to,SEB,NYPL(B),I am much obliged to you, my Dearest Susy
25 May,to,SEB & CAB,NYPL(B),We had hardly gone 10 yards, before it began
31 May-5 June [1781],to,HLTP,NYPL(B),How precisely have you forestored my answer
[May 1781],to,SEB,NYPL(B),This was the great & most important Day
[May 1781],to,SEB,NYPL(B),I can give you no Commissions now Dear [?]
9 Apr [1781],to,SEB,NYPL(B),My Dear Fanny — Try [?]
10 Apr [1781],to,SEB,NYPL(B),thanks you, my dearest Sir, much welcomer
1 Apr [1781],from,CAB,BM(Bar),How gratid to my Heart, and how fluttering [?]
[post 4 Apr 1781],to,SEB,NYPL(B),I hope my Dearest Fanny that you are not in
[11]-12 Apr [1781],from,SEB,BM(Bar),any what is that when you hear it this [?]
13 Apr [1781],to,Samuel Crisp,BM(Bar),& so very much, my Dearest Daddy, & so very
13-15 Apr [1780],from,SEB,NYPL(B),30th-Mont. 13th Apr — Upon my loved
20-22 Apr [1780],to,SEB,BM(Bar),Upon my last letter [?]
[May-Aug 1781],to,SEB,NYPL(B),Now! Shall thee save thou little Footage [?]
[May-Aug 1781],to,SEB,NYPL(B),& set my Dear little Tyo be delighted —
[May-Aug 1781],from,HLTP,NYPL(B),my Tyo was forced to send for Sir
[May-Aug 1781],from,HLTP,NYPL(B),Sir Richard Jebb breakfasted here today, and
[May-Aug 1781],from,HLTP,NYPL(B),That Kate & Presto have had another Battle,
[May-Aug 1781],to,SEB,NYPL(B),So Sorry I am, I can so bare, but I
[Aug May 1781],to,SEB,NYPL(B),just wrote my Tyo by Crutchley's Man
[May 1781],to,SEB,BM(Bar),Harshly said! — no, Dearest Madam, never
[pre 21 Aug 1781],to,SEB,Iowa,I can merely write to — say I love you dearly,
25 Aug-3 Sept,to,SEB & CAB,NYPL(B),My private Journal is now so in arrears
25 Sept,to,SEB,NYPL(B),I fear you will think me a long Time, my
[Aug? 1781],to,SEB,NYPL(B),I thank you heartily, my dearest Susy, for your
[Aug-Nov 1781],from,HLTP,NYPL(B),I am so shocked as at the sight of Jacob,
9 July,from,Samuel Johnson,NYPL(B),Pray let these looks be given for the
12 July [1781],to,SEB,NYPL(B),Why where is there such another Witch! —
14-16 July,to,SEB & CAB,NYPL(B),I will give you, now, my dear Girls,
15 Aug [1781],from,Samuel Crisp,BM(Bar),Do you try believe me when I assure you
17 Aug,to,HLTP,NYPL(B),Now I am going to write a very tyo Letter, —
[18 Aug 1781],from,HLTP,NYPL(B),Wretched doings Ma'am! as old Blakeney
20 Aug [1781],to,HLTP,NYPL(B),Harshly said — no, Dearest Madam, never
11 SE pmk [1781],to,CAB,Osb,I dare say that is some distance [as I?] saw a [?]
15 SE pmk [1781],to,Samuel Crisp,NYPL(B),by so say I "intend sending you a Letter on
[21 Sept 1781],to,SEB,NYPL(B),Though I now hope so very soon to see my
21 Sept [1781] copy,to,SEB,NYPL(B),conclusion of a Letter / To Miss Burney—
21 Sept,from,Samuel Crisp,BM(Bar),Before I take any Notion either of your Journal
25 Sept [1781],to,Samuel Crisp,BM(Bar),He preserves & love over, my dearest Daddy,
2 Oct [1781],to,Samuel Crisp,BM(Bar),I will not wish to tell you wish to hear how
3 Oct [1781],to,SEB,NYPL(B),At Mass so often been behind hand with your
17 Oct,from,Samuel Crisp,BM(Bar),If I wish it, you will send me a few more sheets
10 Nov [1781],from,HLTP,BM(Bar),When more Readings more «allusions» pill [?]
11 Nov,to,SEB,BM(Bar),You are a most sweet Susan,
[1 Nov 1781],from,HLTP,NYPL(B),Sweet Burney! Your little Scrap to my Fit was [?]
10 Nov [1781],to,HLTP,NYPL(B),Why then all hail, most excellent Solicitor
19 Nov,from,Gasparo Pacchierotti,Osb,I dare say that is some distance [as I?]
23 Nov,to,SEB,NYPL(B),I was never so pleased with a visit
25 Nov [1781],to,HLTP,NYPL(B),Just now have I read Letters from my best lo,
26 Nov,from,HLTP,BM(Bar),You are my sweet Soul and always were so; I
[Nov 1781] mutilated,from,Samuel Crisp,BM(Bar),Before I take any Notice either of your Journal that [?]
28 Nov [1781],from,HLTP,NYPL(B),(of her secret) Philip
2 Dec [1781],to,SEB,NYPL(B),I have often wished any thing more
2 Dec [1781],to,HLTP,BM(Bar),Write to you, dearest Madam? — How must
[3 Dec] [1781],to,HLTP,BM(Bar),Monday night, Dec. 3, I have just finished
7 Dec [1781],to,HLTP,NYPL(B),I don't know what to say! — I don't know what
8 Dec [1781],to,SEB,NYPL(B),Thanks dearest Burney, I waited for you
10 Dec [1781],to,HLTP,NYPL(B),And to Mrs. Shirley, Captain Phillips' ann [?]
13 Dec [1781],from,HLTP,NYPL(B),I have got Mr. Johnson home at last, so the
14 Dec [1781],to,SEB,NYPL(B),I am now waiting to the utmost impatience for
[16 Dec 1781],to,HLTP,NYPL(B),And continue still I say, — but not dare [?]
[7-10 Dec 1781],from,HLTP,NYPL(B),What why is my lovely Burney be so understood [?]
[Dec 1781],to,HLTP,BM(Bar),my Dearest Madam will, you, dearest Madam,
[Dec 1781],from,HLTP,NYPL(B),Mr Pepys is with me! for a Week! what a
[Jan-Apr 1782],from,HLTP,Ryl,A little cheer up from you, my dearest madam,
[Jan-Apr 1782],to,HLTP,Ryl,So sweetest dearest Madam don't say you'll do [?]
11 FE pmk [1782],from,HLTP,NYPL(B),No my sweetest Soul, I only came for [?]
14 Feb [1782],to,CAB,BM(Bar),& in [?]
25 FE pmk [1782],from,Samuel Crisp,NYPL(B),Heartily do I thank you, my ever dear Daddy,
[Feb-Apr 1782],from,HLTP,NYPL(B),I really am immensely hurt to think that my
[Feb-Apr 1782],to,HLTP,NYPL(B),I little hurry your tender Spirits so for God's
[Feb-Apr 1782],to,HLTP,NYPL(B),Oh Tuesday I will send for my sweet Burney,
[Feb-Apr 1782],to,HLTP,NYPL(B),Her coat at, God's tomorrow night, but I
[Mar 1782],to,Samuel Crisp,BM(Bar),do, my dear Daddy, while I can —
19 Mar [1782],to,SEB,NYPL(B),I am myself in continual disgraces,
[Mar 1782],from,HLTP,NYPL(B),Well my dear Burney, here is your little Friend
[Apr-Aug 1782],from,HLTP,NYPL(B),My sweet Burney must read this Book & long
[Apr-Aug 1782],from,HLTP,NYPL(B),Poor! was a Puppy, & wanted to be taking all
[Mar-May 1782],from,HLTP,NYPL(B),I need not to have dreaded my sweet [?]
53 [May 1782],from,HLTP,NYPL(B),No my sweetest Soul, I only come for [?]
[post 4 Apr 1782],from,HLTP,NYPL(B),My dearest Burney will see that I was on a
6 AP pmk [1782],from,Samuel Crisp,NYPL(B),do I thank you, my ever dear Daddy, [?]
[11 Apr 1782],to,HLTP,BM(Bar),South, had I answered the first Letter
24 Apr [1782],from,HLTP,NYPL(B),I thought to have seen my sweet Fanny
25 Apr [1782],from,HLTP,NYPL(B),Upon my Honour then my Dear I have
30 Apr [1782],to,SEB,NYPL(B),My Eyes with reading & crying
[Apr 1782],from,HLTP,NYPL(B),I shall at see my Love any more till we
[Apr? 1782],from,HLTP,NYPL(B),My precious Burney will wonder that I
[Apr-Aug 1782],from,HLTP,NYPL(B),Well my dear Burney here is your little Friend [?]
[pmk May 1782],from,SEB,BM(Bar),Ever since you left me, Dearest Madam,
[20 May?] [1782],from,HLTP,BM(Bar),well I won't crush; but you know I
[Mar 1782],from,Samuel Crisp,NYPL(B),Who in the world has a Daddy so kind
[May 1782],from,HLTP,NYPL(B),That I could but come to you, Dearest
[May 1782],to,SEB,NYPL(B),I altered a return of my most sincere thanks
[c 11 June 1782],to,SEB,Osb,(Dearest Madam I have written by the Countess [?])
[June? 1782],to,SEB,BM(Bar),And to the Dr left the better side [?]
[July 1782],to,HLTP,NYPL(B),& at my ever dearest dearest Susan, my long
[July 1782],to,CB,BM(Bar),Julia, dearest Madam, for the sweet Words
[July 1782],to,SEB,NYPL(B),I die to see my Heart yearn to see you, my
[July 1782],to,SEB,NYPL(B),How I am, dearest Madam & I know not when
[?30 July],to,SEB,BM(Bar),Rest of you, Dearest Sir, to speed
[July],from,Gasparo Pacchierotti,Osb,Nothing can give me consolation in your
20 July,from,Edmond Burwell [?],Comyn,I should find myself according to Blames [?]
[30? July 1782],from,HLTP,NYPL(B),Well never Burney, I wrote your Father every
31 [July 1782],from,HLTP,NYPL(B),I could not keep your Father from his Nursery,
[July 1782],from,HLTP,NYPL(B),My charming Burney! & how sweetly you bring
4 [Aug 1782],to,CB,BM(Bar),but now, dearest Sir, let me call
5 Aug,to,Samuel Crisp,NYPL(B),thank you my dearest Daddy, for your very kind
9 Aug,to,SEB,NYPL(B),I long to hear from you, my dearest most
9 Aug,from,Francois Sastres,NYPL(B),I have read & am very much pleased and
12 [Aug 1782],from,HLTP,NYPL(B),I by Heart so lightened by the
16 Aug [1782],to,SBP,NYPL(B),Here I am, my ever dearest Susy, & here as
[post 5 Oct 1782],from,Samuel Crisp,BM(Bar),I rec. two Letters last night, very sweet ones
5 pmk Oct,from,Gasparo Pacchierotti,Osb,You have no idea with what pleasure I received
5 Oct [1782],from,Rosette (Rose) Burney,NYPL(B),That I have so long, deferred answering
15 Oct,to,Samuel Crisp,NYPL(B),Thanks, my dear Daddy, for your kind &
16 Oct [1782],to,HLTP,NYPL(B),Well indeed, Dearest Madam, begin to
18 [Oct 1782],from,HLTP,Harv(H),I have received your charming Letter my Lo[?]
19 Oct [1782],to,HLTP,NYPL(B),Sweet & most kind are your Letters, dearest
24 Oct [1782],to,HLTP,NYPL(B),Have you indeed our own Mrs. Thir,
[Oct 1782],from,HLTP,NYPL(B),Mrs Phillip's three Weeks in at quite tranquille,
28 Sept [1782],to,SBP,NYPL(B),The excessive & ceaseless hurry I have been in
30 pmk [Oct 1782],to,HLTP,NYPL(B),Thanks, ever dearest madam, for your
[17 Aug 1782],to,SEB,NYPL(B),How welcome did your Letter make.
1 [?] Aug [1782],to,SEB,NYPL(B),My Writing is very important my dearest Suzy,
[2 Aug 1782],to,SBP,NYPL(B),My Goodness, at Limners, she gave me a
[3 Aug 1782],to,SBP,BM(Bar),What do I —
10 [Aug-Sept 1782],from,HLTP,NYPL(B),How are my charming my beloved Mr Thr[?]
10 [Sept 1782],from,HLTP,NYPL(B),Sweet & most kind are your Letters, dearest
14 Sept [1782],to,SBP,NYPL(B),of about a Week before my departure
28 Sept,to,SBP,Comyn,The Justice of Kenrick is much surprised that
[30 Sept 1782],to,SEB,NYPL(B),Justly so, my dearest Story, at this week's
[30 Sept 1782],to,HLTP,NYPL(B),My dearest Burney will be quite tranquille,
[Oct 1782],from,HLTP,NYPL(B),She [?] now, prudent, faithful, friendly
3 Nov [1782],to,CB,NYPL(B),Dearest to date your Letters, I never
[Sept? 1782],to,SEB,NYPL(B),Oh how be my Lovee, I
8 Nov,to,CB,NYPL(B),How good, sweet & most kind is my beloved [?]
1 Nov,from,HLTP,NYPL(B),You have no idea with what pleasure I received [?]
[Nov 1782],to,HLTP,NYPL(B),I rec. two Letters last night, very sweet ones [?]
4 p fol,from,Gasparo Pacchierotti,Osb,You have no idea with what pleasure [?]
[Nov 1782],from,HLTP,NYPL(B),You are really a most extremely good letter but [?]
[Nov-Dec 1782],to,SEB,NYPL(B),How sorry I am to have such a report [?]
[1782],to,HLTP,NYPL(B),How sweet are the Letters you write, Dearest
[1782],to,HLTP,NYPL(B),it's the lady's Door without being upon the
[1782],from,HLTP,NYPL(B),My dearest shall have the Coach at 3 o'clock
[Nov-Dec 1782],from,HLTP,NYPL(B),I can just come home from that sweet seducing
[1782],from,HLTP,BM(Bar),To any Creature that I love in any degree of [?]
[1782],from,HLTP,NYPL(B),I do me dear Creature how you got home,
[1782-3 Jan 1783],to,SBP,NYPL(B),P Mr. Swinerton took it [?]
[15 Dec 1782],to,SBP,NYPL(B),She is a pastiche, — Margt does not
[1782],from,HLTP,NYPL(B),Why what a foolish Fellow that Collar Man of
[1782],to,HLTP,NYPL(B),No room for a line but in the Frank to think
[1782],from,CAB,BM(Bar),Room? at Chiswick, & I have made him leave
[1782],from,Hannah More,Comyn,We went to Town late to night [?]
[1782],to,SBP,NYPL(B),I shall most heartily for your two
[1782],to,HLTP,NYPL(B),I had have been quite as bad at Miss Thrale [?]
[1782],from,HLTP,NYPL(B),How sorry am I, Dearest Madam, to have you
[Dec 1782],from,Elizabeth (Robinson) Montagu,NYPL(B),I know gracious & tenderness of your heart
[Dec 1782],from,HLTP,NYPL(B),are the Harrells on?
[1782],from,HLTP,NYPL(B),Why what a foolish Fellow that Collar Man of [?]
[1782],from,HLTP,BM(Bar),Nobody less than Daniel is of Dignity
[1782],from,HLTP,Ryl,the Clock strikes three I have seen him asleep [?]
[1782],from,HLTP,NYPL(B),I love this Minute received the enclosed
[1782],from,Maria (Allen) Rishton,NYPL(B),I hope you will be at home to Morrow as
[post 1782],from,HLTP,NYPL(B),The rest of the folks seem Dr «Gathborne». It is
[1782-86],to,HLTP,Ryl,Now indeed, Dear Madam, this is too cruel, —
[1782-86],to,HLTP,NYPL(B),I have never been much more
[1782-86],to,HLTP,NYPL(B),The sight of your Hand almost makes me
[1783-86?],from,Horton (Male) Chapman,NYPL(B),I find Mrs Pepys had misguided you about [?]
[1782-86],from,Elizabeth (Robinson) Montagu,NYPL(B),Mrs Montagu presents [?] Montag [?]
[1782-86],from,Henrietta Maria (Bannister) North,NYPL(B),It was really a singular notion of Miss [?]
[1782-86],to,Charlotte Cambridge,NYPL(B),I will come to you, My Dearest Miss Cambridge,
[1782-86],to,Charlotte Cambridge,NYPL(B),I was most truly concerned at your
[pre 1783],to,Rosette (Rose) Burney,NYPL(B),I was truly concerned, my dear Miss Rose, s.
[1783-86?],to,SBP,NYPL(B),I am sure, on my part,
[1783-86?],from,HLTP,NYPL(B),I had turned off upon her beginning that,
[1782-86?],from,HLTP,NYPL(B),It was really a singular notion of Miss [?]
6 Jan [30] Jan mutilated,to,SEB,NYPL(B),This had Call / invited party at House [?]
[c 8 Jan 1783],to,SBP,NYPL(B),to dear Miss Rose think me a very [?]
[c Jan 1783],to,SBP,NYPL(B),my poor dear the letter,
[17 Jan 1783],from,HLTP,NYPL(B),Here is a Present such as I know my resent [?]
[18 Jan 1783],from,HLTP,NYPL(B),Why my sweetest Burney! why what
[21? Jan 1783],from,HLTP,NYPL(B),Nothing but Mistakes — but you won't wonder
[22? Jan 1783],from,HLTP,NYPL(B),I will begin a Letter to my sweetest Friend &
[23? Jan 1783],from,HLTP,NYPL(B),Dear little Selwin will bring me the Monty on
[20 Jan 1783],from,HLTP,NYPL(B),Dear dearest loveliest, kindest Burney! now
[30 Jan 1783],from,HLTP,NYPL(B),I have tried title
[Jan? 1783],from,HLTP,NYPL(B),my dearest Creature was particularly kind in
[Jan? 1783],from,HLTP,NYPL(B),but yet my Level not hear of me! with Comfort[?]
[Jan? 1783],to,HLTP,NYPL(B),Is your Complaint easier? & is your
[Jan? 1783],from,HLTP,NYPL(B),come to [?] Burney "come into the Wessel
[Jan? 1783],from,HLTP,NYPL(B),I have seen my sweetest loved Friend
1 Feb [1783],from,HLTP,NYPL(B),If I got how I have lived a very
3-3 Feb [1783],from,HLTP,NYPL(B),How could you let me! then my
[4-9 Feb 1783],from,HLTP,NYPL(B),The last time! before you [?]
[6 Feb 1783],from,HLTP,NYPL(B),no to pester you with Letters,
[5-10 Feb 1783],from,HLTP,NYPL(B),My dearest lovely Burney nor Forgetfulness that
12 Feb [1783],from,HLTP,NYPL(B),I am letters today though the night was terrific[?]
13 Feb [1783],from,HLTP,NYPL(B),it is a scanty fair to plague you so;
[Feb? 1783],from,HLTP,NYPL(B),my dearest Creature — not quite says she—
[post 14 Feb 1783],from,HLTP,NYPL(B),Come to do this Morng loveliest Burney;
[19-23 Feb 1783],from,HLTP,NYPL(B),Wednesday, I spent the afternoon &
24 Feb [1783],to,SBP,NYPL(B),How sorry I have been, my sweetest Susy
[Feb? 1783],from,HLTP,NYPL(B),Wednesday, I have misplayed my Day [?]
[Feb? 1783],from,HLTP,NYPL(B),Oh my sweetest Soul! what tallest thou of
[Feb? 1783],from,HLTP,NYPL(B),I am but little, easier my dearest, and poor
[6 Mar?] [1783],from,HLTP,NYPL(B),My sweet Burney will say the last Words of
[25 Mar?],to,SBP,BM(Bar),I thank you heartily, my dearest Girl, for your
[Mar? 1783],from,HLTP,NYPL(B),All goes & I think about what I cant most
[Mar? 1783],from,HLTP,NYPL(B),in despite of Maids & Moppets, in despite of
[Mar? 1783],from,HLTP,NYPL(B),When I tell you that I was so mortified after
14 Feb [1783],to,SEB,NYPL(B),My dearest Creature will receive a long Letter
[Dec 1782],from,HLTP,NYPL(B),All goes well my dearest Creatures, I have had [?]
[1782],to,HLTP,NYPL(B),No room for a line but in the Frank to think [?]
[1782],from,CAB,BM(Bar),Room at Chiswick, & I have made him leave [?]
[Nov-Dec 1782],from,HLTP,Comyn,We come to Town late to night [?]
[1782-3 Jan 1783],to,SBP,NYPL(B),Mr Swinerton took it [?]
[1768],to,CB,Osb,O all ye masses of ev'ry Degree / O give
[1768-1775],to,SEB,PML,[?]
[1770-74],from,Maria (Allen) Rishton,BM(Bar),[?]
[1771],from,Maria (Allen) Rishton,NYPL(B),[?]
[1771?],from,Maria (Allen) Rishton,NYPL(B),Here I am at Warfie[?] I could not resist the
26 Feb [1771-74],from,Dorothy Young,NYPL(B),You melancholy disaster my dear Fanny
8 JU pmk [1772],from,Maria (Allen) Rishton,NYPL(B),& our crisp — Crisp knows I am Maria Rishton
[1772],from,Maria (Allen) Rishton,NYPL(B),[?]
[1773] continued,from,Maria (Allen) Rishton,NYPL(B),And so by way of return to the very Curious
7 Feb [1774],to,Samuel Crisp,BM(Bar),Did you draw me into a Correspondence my
9 Feb [1774],to,Samuel Crisp,BM(Bar),The sight of your Hand once again directed
[1] Mar,to,Samuel Crisp,BM(Bar),I hope by your Letter to my Mother
27 Mar [1775],from,Samuel Crisp,BM(Bar),With a right hand half lame & a left
24 Apr [1775],to,Samuel Crisp,BM(Bar),(abbreviated) So you published speechifying?
[May 1775],from,Thomas Barlow,BM(Bar),[?]
3 Jl [1775],to,Samuel Crisp,BM(Bar),in a poor hurry I lost of a Line
14 Dec,from,Samuel Crisp,BM(Bar),Dont imagine that because my letters are
5 Apr [1776],from,Maria (Allen) Rishton,NYPL(B),[?]
1 Jan,to,SEB,NYPL(B),I had set put this to believe the L[?]rs to the
[4 Sept 1776],from,Maria (Allen) Rishton,NYPL(B),[?]
[a Sept 1776],from,Samuel Crisp,BM(Bar),[?]
2 Dec [1776],from,Samuel Crisp,BM(Bar),[?]
15 Mar [1777],to,SEB,NYPL(B),Your Letter my dear Susy was a most
22 Mar [1777],from,William Cutler,NYPL(B),Mr Cutler presents his Compliments to Miss
[28 Mar 1777],to,Thomas Lowndes,BM(Bar),My dear Sir — seemed well pleased at my
2 Apr,from,Samuel Crisp,BM(Bar),Why Fanny you young Torment dr— think not
[July 1777],to,SEB,BM(Bar),for our young gentlemen will have their own
1 Nov,from,Thomas Lowndes,BM(Bar),I've read this 3rd Vol & think it better than
[1777-1780],to,Thomas Lowndes,Comyn,As Business with those who understand
[1777-1780],to,Thomas Lowndes,NYPL(B),I am much ashamed after having been myself
1776-81,from,Lady Hales,NYPL(B),Do me so to know my Dear Miss Bur[?]
[1777-1780],to,Thomas Lowndes,Comyn,I keep a dangerous illness having for at most
4 JU pmk,from,SEB,NYPL(B),but dear Fanny my Fathers has
18 June [1778],to,SEB,NYPL(B),How I am & how I have been this ago
29 June,from,SEB,NYPL(B),I have not rec'd your parcel
[June? 1778],to,SEB,NYPL(B),trade have & returned to town
[5-6 July 1778],to,SEB,NYPL(B),Think Monsieur between 7 & 8 I was woke
6 July,to,SEB,NYPL(B),Your Letter my dearest Susan & the
20 July-Aug [1778],to,SEB,NYPL(B),your Girl & I have a real regard
25 July [1778],to,CB,NYPL(B),My dear & most kind Father — the request
[Dec? 1778],to,SEB,NYPL(B),I was extremely glad my dearest Susan
[Dec 1778],from,HLTP,BM(Bar),Indeed my dear Girl of my Father's wishes it
[1778?],from,Catherine Coussmaker,NYPL(B),Yr kind & most flattering Letter my dear Miss
[1778],from,SEB,NYPL(B),Heart he be painted &c &c You are M very
[1778-79],from,Isabella Strange,BM(Bar),I was sorry I miss'd my sweet Girl I was
[1778-82],from,HLTP,Comyn,only three Words to say that Evelina with all
[1778-86],from,Henrietta Maria (Bannister) North,NYPL(B),Will you & Dr Burney come & dine with a parr
5 DE pmk [1778],to,SEB,BM(Bar),called here been twice to Day & as usual was
14 Jan,to,Samuel Crisp,NYPL(B),Error of a Letter from Gast dated Burford
[Jan 1779],to,Samuel Crisp & SEB,NYPL(B),Your patience my dear Daddy in being
20 Mar [1779],to,SEB,NYPL(B),Mr Pechierotti returns his best respects to
[pre 13 May 1779],to,SEB,BM(Bar),You are a few Fannikin an Eline [?]
[pre 13 May 1779],to,SEB,BM(Bar),At I know the goodness of your heart I am
[28 May 1779],from,Samuel Crisp,BM(Bar),Symptoms of my Illness of which in degree
[25-30 May 1779],to,SEB,NYPL(B),To my no small concern I am obliged
[May 1779],from,Samuel Crisp,BM(Bar),I did not therefore want a Friend at Table
13-15 June,to,SEB,NYPL(B),Now my dear Susan hard & fast let me
[June 1779],to,SEB,BM(Bar),Gormandrized with great avidity we sent a
21 July,from,Samuel Crisp,BM(Bar),have been now put me upon my Mettle
3-6 Aug [1779],from,SEB,BM(Bar),Tuesday August 3rd — Yesterday was
4 Aug [1779],to,CB,NYPL(B),Your sweet Letter my dearest sir has quite
25-29 Aug [1779],from,Sophy Streatfield,BM(Bar),Wednesday August 25th — Tho' I really think
[Aug 1779],to,CB,NYPL(B),The fatal knell then is knolled
[Dec 1779],to,Samuel Crisp,NYPL(B),I have deferred Writing from Day to Day
[1779?],to,Samuel Crisp,NYPL(B),When I went down stairs I found it bein[?]
[1779-84],from,HLTP,Byl,How should I help being uneasy Dearest
[1779-86],from,Sophia Streatfield,BM(Bar),When Dear Dr Burney did let the force
[Aug? 1779],to,Samuel Crisp,NYPL(B),Wall — "Call above all —
25 Sept [1779],to,HLTP,NYPL(B),Your Letter my Dearest Madam have
10 Oct,to,CB,NYPL(B),How are all safe & it all well — Mrs
10 pmk Oct [1779],to,Samuel Crisp,NYPL(B),the join is at last come — & I have spent
10 Oct [1779],from,SEB,BM(Bar),reminding her either of Capt Mirvan
1-[2] Nov [1779],to,SEB,BM(Bar),Monday 1st — Saturday Se'night my
[Nov 1779],to,SEB,NYPL(B),Wednesday Nov 3rd It shall not be said
17 Nov,from,SEB,BM(Bar),I see a blind man my dear Susy & so I will
30 Nov-8 Dec,from,SEB,BM(Bar),Saturday 20th Mrs Thrale and Fanny & Myself
1 Jan-13 Feb,from,SEB,NYPL(B),I Jan 1780 had a very good social party
23 Feb mutilated,from,Samuel Crisp,BM(Bar),if no letter was acceptable to you
17-17 [sic] Mar [1780],to,SEB,NYPL(B),But I've al be so happy to return here
[3]-30 Mar [1780],to,SEB,NYPL(B),A blanked thanks my dearest Susy for
7 Apr,from,Samuel Crisp,BM(Bar),A thousand thanks my dear Daddy for [?]
10 Apr [1780],from,SEB,BM(Bar),I behold you my dearest Sir much welcomer
[11]-12 Apr [1780],from,SEB,BM(Bar),any so & that when you hear it this
13 Apr,to,Samuel Crisp,BM(Bar),& so very much my Dearest Daddy & so very
13-15 Apr [1780],from,SEB,NYPL(B),30th-31st Mont 13th Apr — Upon my loved
20-22 Apr [1780],to,SEB,BM(Bar),Upon my last letter you may — I now
24 May,from,SEB,BM(Bar),Monday 24th Mr Burney
[Apr 1780],to,SEB,NYPL(B),How precisely have you forestored my answer
[May 1780],to,SEB,NYPL(B),I can give you no Commissions now Dear
27 Apr [1780],from,Samuel Crisp,BM(Bar),I was much pleased with the 4to sheet
30 Apr [1780],to,SEB,NYPL(B),I have received your 12 p facsimile of copy
[13 Apr 1780],to,SEB,NYPL(B),It is not a shocking thing my dearest Susette
[Apr 1780],to,Samuel Crisp,Yale(Bo),So mix our Studies & so join our names
9-18 May [1780],from,SEB,BM(Bar),Tuesday May 9th I sent off my last packet
13 May,from,Sophia (?) Gast,NYPL,How grateful to my Heart and how fluttering
21-22 May [1780],from,SEB,NYPL(B),Sunday Mond— May 21st Oh My dear
[post 22] May,to,SEB,NYPL(B),Nov my Susy will I begin this Budget with
28 May,to,SEB {& CAB},NYPL(B),I was very happy my dearest Girls with the
4 June,to,SEB,NYPL(B),To go on with Saturday Evening
5-12 June [1780],from,SEB,BM(Bar),Themes SER June 5th Ah my dear Fanny!
11 June,to,CB,NYPL(B),Here we are dearest Sir & here we mean
[12-30] June [1780],from,SEB,Hyde,Mosely night — We have despatched a
[17 June 1780],to,SEB,NYPL(B),O what joy next dear Sat! did I see your
19 June,to,SEB,NYPL(B),All your Letters my dearest love are now
20 June [1780],to,CB,NYPL(B),How I should again writing to you my dearest
20-21 June,from,SEB,BM(Bar),Tuesday Eve 20th June 1 have
1 July,to,HLTP,NYPL(B),Have you no Quality yet my Dearest Madam
8 July [1780],from,HLTP,NYPL(B),So be Dearest Madam of my prowl [?]
2 Aug,from,Gasparo Pacchierotti,NYPL(B),I am extremely rejoiced but not at all surprised
16 Aug [1780],to,HLTP,NYPL(B),This Letter grew by Signor Piozzi who has
3 NO pmk [1780],to,HLTP,NYPL(B),I write in the greatest hurry Imaginable & only
[Nov? 1780],from,HLTP,NYPL(B),I have a thousand Times for your kind
[Nov-Dec],from,HLTP,NYPL(B),I am flirting with your Captain but most just
20 Dec [1780],to,Henry Thrale,Ryl,Worst I do tell you my dear Master but half
[20?],from,Gasparo Pacchierotti,Osb,From Lucopia they sent me a letter of yours
[Dec 1780],from,HLTP,BM(Bar),There is a dreadful deal of Danger Indeed
17 AP pmk [1780-84],from,Elizabeth Montagu,Comyn,Thanks Dearest Madam for this cordial
[1781],from,HLTP,BM(Bar),Well! and what have I to say to m[?]
8 Jan,to,EBB,NYPL(B),Yr Letter to Mr Crisp my sweet Betty
11 Jan [1781],from,HLTP,NYPL(B),I was so glad of a Letter from you before
[15 Jan 1781],to,SEB,NYPL(B),Your Letter of this Morning my dearest Gal
22 Jan [1781],from,HLTP,BM(Bar),Dearest Madam I do begin to
23 Jan,to,SEB,NYPL(B),I write to Mrs Thrale myself about your
[30] Jan [1781],to,SEB,NYPL(B),I am very sorry my dearest Susy for the letter
30 Jan [1781],to,HLTP,BM(Bar),My Dearest Madam this is a disappointment
[Feb 1781],from,HLTP,NYPL(B),My dearest Susy's last Letter made me sad for
3 Feb [1781],from,HLTP,NYPL(B),God bless you my Dearest Madam! — I think
3 Feb [1781],from,HLTP,BM(Bar),Is it become of our dear little Barney
10 Feb [1781],from,SEB,BM(Bar),this Saturday Evening did I go to Town
14 Feb [1781],to,HLTP,Ryl,What shall I do for another Heart to give you
19 Feb [1781],to,CB; SEB & CAB,NYPL(B),I am so glad it got wonderfully better & mean to be
[Feb 1781],to,HLTP,NYPL(B),My dearest Susy's last Letter made me sad for
20 Mar,from,Samuel Crisp,BM(Bar),You are a good and to trouble your head
[c Mar 1781],to,HLTP,Hyde,Sweeter than ever is my Dearest Mrs Thrale
[c Mar 1781],from,HLTP,BM(Bar),[?]
[1 Mar 1781],from,HLTP,NYPL(B),My dear lovely Tyo — how you are
20 Apr [1781],from,HLTP,NYPL(B),With my sweet Tyo! & how go things at the
[22 Apr],from,HLTP,BM(Bar),I wait send for my Tyo to Tuesday 24 a party
29 Apr [1781],to,Samuel Crisp,NYPL(B),Have you not my dearest Daddy thought
[post 15] May,to,SEB,NYPL(B),I am much obliged to you my Dearest Susy
25 May,to,SEB & CAB,NYPL(B),We had hardly gone 10 yards before it began
[May 1781],to,SEB,NYPL(B),I can give you no Commissions now Dear
10 Apr [1781],to,SEB,NYPL(B),thanks you my dearest Sir much welcomer
1 Apr [1781],from,CAB,BM(Bar),How gratid to my Heart and how fluttering
[11]-12 Apr [1781],from,SEB,BM(Bar),any what is that when you hear it this
13 Apr [1781],to,Samuel Crisp,BM(Bar),& so very much my Dearest Daddy & so very
[May-Aug 1781],to,SEB,NYPL(B),Now! Shall thee save thou little Footage
[May-Aug 1781],from,HLTP,NYPL(B),Sir Richard Jebb breakfasted here today and
[May-Aug 1781],from,HLTP,NYPL(B),That Kate & Presto have had another Battle
[May-Aug 1781],to,SEB,NYPL(B),So Sorry I am I can so bare but I
[May 1781],to,SEB,BM(Bar),Harshly said! — no Dearest Madam never
[pre 21 Aug 1781],to,SEB,Iowa,I can merely write to — say I love you dearly
25 Sept,to,SEB,NYPL(B),I fear you will think me a long Time my
[Aug? 1781],to,SEB,NYPL(B),I thank you heartily my dearest Susy for your
[Aug-Nov 1781],from,HLTP,NYPL(B),I am so shocked as at the sight of Jacob
14-16 July,to,SEB & CAB,NYPL(B),I will give you now my dear Girls
17 Aug,to,HLTP,NYPL(B),Now I am going to write a very tyo Letter —
20 Aug [1781],to,HLTP,NYPL(B),Harshly said — no Dearest Madam never
11 SE pmk [1781],to,CAB,Osb,I dare say that is some distance [as I?] saw a
25 Sept [1781],to,Samuel Crisp,BM(Bar),He preserves & love over my dearest Daddy
17 Oct,from,Samuel Crisp,BM(Bar),If I wish it you will send me a few more sheets
10 Nov [1781],from,HLTP,BM(Bar),When more Readings more «allusions» pill
11 Nov,to,SEB,BM(Bar),You are a most sweet Susan
[1 Nov 1781],from,HLTP,NYPL(B),Sweet Burney! Your little Scrap to my Fit was
10 Nov [1781],to,HLTP,NYPL(B),Why then all hail most excellent Solicitor
25 Nov [1781],to,HLTP,NYPL(B),Just now have I read Letters from my best lo
2 Dec [1781],to,HLTP,BM(Bar),Write to you dearest Madam? — How must
[3 Dec] [1781],to,HLTP,BM(Bar),Monday night Dec 3 I have just finished
8 Dec [1781],to,SEB,NYPL(B),Thanks dearest Burney I waited for you
10 Dec [1781],to,HLTP,NYPL(B),And to Mrs Shirley Captain Phillips' ann [?]
13 Dec [1781],from,HLTP,NYPL(B),I have got Mr Johnson home at last so the
[16 Dec 1781],to,HLTP,NYPL(B),And continue still I say — but not dare
[7-10 Dec 1781],from,HLTP,NYPL(B),What why is my lovely Burney be so understood
[Dec 1781],to,HLTP,BM(Bar),my Dearest Madam will you dearest Madam
[Jan-Apr 1782],from,HLTP,Ryl,A little cheer up from you my dearest madam
[Jan-Apr 1782],to,HLTP,Ryl,So sweetest dearest Madam don't say you'll do
11 FE pmk [1782],from,HLTP,NYPL(B),No my sweetest Soul I only came for
25 FE pmk [1782],from,Samuel Crisp,NYPL(B),Heartily do I thank you my ever dear Daddy
[Feb-Apr 1782],to,HLTP,NYPL(B),Oh Tuesday I will send for my sweet Burney
[Feb-Apr 1782],to,HLTP,NYPL(B),Her coat at God's tomorrow night but I
[Mar 1782],to,Samuel Crisp,BM(Bar),do my dear Daddy while I can —
19 Mar [1782],to,SEB,NYPL(B),I am myself in continual disgraces
[Mar 1782],from,HLTP,NYPL(B),Well my dear Burney here is your little Friend
[Apr-Aug 1782],from,HLTP,NYPL(B),Poor! was a Puppy & wanted to be taking all
[Mar-May 1782],from,HLTP,NYPL(B),I need not to have dreaded my sweet
53 [May 1782],from,HLTP,NYPL(B),No my sweetest Soul I only come for
6 AP pmk [1782],from,Samuel Crisp,NYPL(B),do I thank you my ever dear Daddy
[11 Apr 1782],to,HLTP,BM(Bar),South had I answered the first Letter
[pmk May 1782],from,SEB,BM(Bar),Ever since you left me Dearest Madam
[May 1782],from,HLTP,NYPL(B),That I could but come to you Dearest
[c 11 June 1782],to,SEB,Osb,(Dearest Madam I have written by the Countess)
[June? 1782],to,SEB,BM(Bar),And to the Dr left the better side
[July 1782],to,HLTP,NYPL(B),& at my ever dearest dearest Susan my long
[July 1782],to,CB,BM(Bar),Julia dearest Madam for the sweet Words
[July 1782],to,SEB,NYPL(B),I die to see my Heart yearn to see you my
[July 1782],to,SEB,NYPL(B),How I am dearest Madam & I know not when
[?30 July],to,SEB,BM(Bar),Rest of you Dearest Sir to speed
20 July,from,Edmond Burwell,Comyn,I should find myself according to Blames [?]
[30? July 1782],from,HLTP,NYPL(B),Well never Burney I wrote your Father every
31 [July 1782],from,HLTP,NYPL(B),I could not keep your Father from his Nursery
4 [Aug 1782],to,CB,BM(Bar),but now dearest Sir let me call
5 Aug,to,Samuel Crisp,NYPL(B),thank you my dearest Daddy for your very kind
9 Aug,to,SEB,NYPL(B),I long to hear from you my dearest most
16 Aug [1782],to,SBP,NYPL(B),Here I am my ever dearest Susy & here as
[post 5 Oct 1782],from,Samuel Crisp,BM(Bar),I rec two Letters last night very sweet ones
5 Oct [1782],from,Rosette (Rose) Burney,NYPL(B),That I have so long deferred answering
15 Oct,to,Samuel Crisp,NYPL(B),Thanks my dear Daddy for your kind &
16 Oct [1782],to,HLTP,NYPL(B),Well indeed Dearest Madam begin to
19 Oct [1782],to,HLTP,NYPL(B),Sweet & most kind are your Letters dearest
24 Oct [1782],to,HLTP,NYPL(B),Have you indeed our own Mrs Thir[?]
[Oct 1782],from,HLTP,NYPL(B),Mrs Phillip's three Weeks in at quite tranquille
30 pmk [Oct 1782],to,HLTP,NYPL(B),Thanks ever dearest madam for your
[17 Aug 1782],to,SEB,NYPL(B),How welcome did your Letter make
1 [?] Aug [1782],to,SEB,NYPL(B),My Writing is very important my dearest Suzy
[2 Aug 1782],to,SBP,NYPL(B),My Goodness at Limners she gave me a
10 [Sept 1782],from,HLTP,NYPL(B),Sweet & most kind are your Letters dearest
[30 Sept 1782],to,SEB,NYPL(B),Justly so my dearest Story at this week's
[30 Sept 1782],to,HLTP,NYPL(B),My dearest Burney will be quite tranquille
[Oct 1782],from,HLTP,NYPL(B),Dear generous prudent faithful friendly [?]
3 Nov [1782],to,CB,NYPL(B),Dearest to date your Letters I never
[Sept? 1782],to,SEB,NYPL(B),Oh how be my Lovee I
8 Nov,to,CB,NYPL(B),How good sweet & most kind is my beloved
1 Nov,from,HLTP,NYPL(B),[?]
[Nov 1782],to,HLTP,NYPL(B),[?]
[Nov 1782],from,HLTP,NYPL(B),[?]
[1782],to,HLTP,NYPL(B),How sweet are the Letters you write Dearest
[1782],from,HLTP,BM(Bar),To any Creature that I love in any degree of
[1782],from,HLTP,NYPL(B),I do me dear Creature how you got home
[1782-3 Jan 1783],to,SBP,NYPL(B),P Mr Swinerton took it
[15 Dec 1782],to,SBP,NYPL(B),She is a pastiche — Margt does not
[1782],from,CAB,BM(Bar),Room at Chiswick & I have made him leave
[1782],from,Hannah More,Comyn,We went to Town late to night
[1782],to,HLTP,NYPL(B),I had have been quite as bad at Miss Thrale
[1782],from,HLTP,NYPL(B),How sorry am I Dearest Madam to have you
[1782],from,HLTP,Ryl,the Clock strikes three I have seen him asleep
[post 1782],from,HLTP,NYPL(B),The rest of the folks seem Dr «Gathborne» It is
[1782-86],to,HLTP,Ryl,Now indeed Dear Madam this is too cruel —
[1782-86],to,Charlotte Cambridge,NYPL(B),I will come to you My Dearest Miss Cambridge
[pre 1783],to,Rosette (Rose) Burney,NYPL(B),I was truly concerned my dear Miss Rose s.
[1783-86?],to,SBP,NYPL(B),I am sure on my part
[1783-86?],from,HLTP,NYPL(B),I had turned off upon her beginning that
6 Jan [30] Jan mutilated,to,SEB,NYPL(B),This had Call / invited party at House
[c 8 Jan 1783],to,SBP,NYPL(B),to dear Miss Rose think me a very
[c Jan 1783],to,SBP,NYPL(B),my poor dear the letter
[17 Jan 1783],from,HLTP,NYPL(B),Here is a Present such as I know my resent
[20 Jan 1783],from,HLTP,NYPL(B),Dear dearest loveliest kindest Burney! now
[Jan? 1783],from,HLTP,NYPL(B),but yet my Level not hear of me! with Comfort
[4-9 Feb 1783],from,HLTP,NYPL(B),The last time! before you
[6 Feb 1783],from,HLTP,NYPL(B),no to pester you with Letters
[Feb? 1783],from,HLTP,NYPL(B),my dearest Creature — not quite says she —
[19-23 Feb 1783],from,HLTP,NYPL(B),Wednesday I spent the afternoon &
24 Feb [1783],to,SBP,NYPL(B),How sorry I have been my sweetest Susy
[Feb? 1783],from,HLTP,NYPL(B),Wednesday I have misplayed my Day
[Feb? 1783],from,HLTP,NYPL(B),I am but little easier my dearest and poor
[25 Mar?],to,SBP,BM(Bar),I thank you heartily my dearest Girl for your
[Mar? 1783],from,HLTP,NYPL(B),in despite of Maids & Moppets in despite of
[Dec 1782],from,HLTP,NYPL(B),All goes well my dearest Creatures I have had
[4] Aug [1812],to,M d'A,NYPL(B),Here I am in dear — dear old England —
5 Aug,1 p 4to,to,M d'A,NYPL(B),[?]
[5 Aug 1812],2 p 4to,to,M d'A,NYPL(B),I am sick — sick — sick! I have
[5 Aug 1812],2 p 4to,from,M d'A,NYPL(B),Ah ma femme! quel Paris ou pareil change
5 Aug 1812,3 p 8vo,from,M d'A,NYPL(B),[?]
6 Aug,4 p 4to,from,M d'A,NYPL(B),No unmixed joy far from thee my fancy! Joy
8 Aug,2 p 4to,to,M d'A,NYPL(B),I must write one line dear Madamoishin [?]
9 Aug,4 p 4to,to,M d'A,NYPL(B),Welcome — a thousand times welcome to
[post 9 Aug 1812],2 p 4to,to,M d'A,NYPL(B),every moment is filled up with something
[post 9 Aug 1812],2 p 4to,to,M d'A,NYPL(B),so intolerably [?] it I had set a little
12 Aug,2 p 4to,to,M d'A,NYPL(B),[this moment — calling to see my dearest
12-22 Aug 1812,4 p 4to,to,M d'A,NYPL(B),fondest opportunity already offers for writing
13 Aug,4 p 4to,with AA to,M d'A,NYPL(B),Encore! encore! — here Jean Stiff!
15 Aug,1 p 8vo,to,CBFB,NYPL(B),In a flutter of joy such as my tender Charlotte
[18 Aug 1812],1 p 4to,to,PML,NYPL(B),Who will be more sincerely rejoiced — except
17 Aug,1 p 8vo,to,M d'A,NYPL(B),I long to improve my acquaintance with Your
[4] Aug [1812],2 p 4to,to,M d'A,NYPL(B),Here I am in dear — dear old England
18 Aug [1812],2 p 12mo,from,Lady Lucy (Fitzgerald) Foley,NYPL(B),how have you slept? and how do you find the
[Aug 1812],2 p 8vo,from,Lady Lucy (Fitzgerald) Foley,NYPL(B),[?]
2 Sept [1812],1 p 4to,to,M d'A,NYPL(B),[?]
15 Sept 1812,2 p 3/4 4to,to,M d'A,NYPL(B),Ma mante ma chere Bonne amie est excellente
[10 Sept 1812],3 p 8vo,to,CB,NYPL(B),Huzza! / My dearest Father / Huzza! / What
17 Aug,1 p 8vo,from,M d'A,NYPL(B),[?]
18 Aug [1812],2 p 12mo,from,Lady Lucy (Fitzgerald) Foley,NYPL(B),[?]
[Aug 1812],2 p 8vo,from,Lady Lucy (Fitzgerald) Foley,NYPL(B),return to this Climate being so near the River
20 Aug,3 p 8vo,from,Amelia (Locke) Angerstein,BM(Bar),My ever beloved Mrs d'Arblay Though
25 Aug,2 p 4to,from,Cassandra (Leigh) Cooke,BM(Bar),Broome must forgive me but not
[25 Aug],2 p 4to,from,Emilia & Frances Waddington,NYPL(B),I must write one line dear Mudmoishin [?]
27 Aug,2 p 8vo,from,Maria (Allen) Rishton,BM(Bar),[?]
30 Aug [1812],2 p fragment,to,M d'A,NYPL(B),[?]
31 Aug [1812],1 p 4to,to,CB Jr,Osb,[this moment — calling to see my dearest
31 Aug-Sept,2 p 4to,to,NYPL(B),NYPL(B),[?]
[Aug 1812],2 p 8vo,from,Lady Lucy (Fitzgerald) Foley,NYPL(B),how have you slept? and how do you find the
2 Sept [1812],1 p 4to,to,CBFB,NYPL(B),[?]
[1 Sept 1812],2 p 4to,to,NYPL(B),NYPL(B),[?]
25 Oct [1812],3 p 8vo,from,Cassandra (Leigh) Cooke,BM(Bar),[?]
[8 Oct],2 p 4to,to,GMAPWaddington,NYPL(B),[?]
[c. 1 Nov 1812],4 p 8vo,to,CB,NYPL(B),Fanny you are Here & There & every
1 Nov,4 p 4to,from,Marianne (Burney) Bourdois,BM(Bar),[?]
[post 4 Nov 1812],2 p 8vo,to,M d'A,NYPL(B),[?]
4 NO 1812 pmk,2 p 8vo,to,CB,NYPL(B),[?]
[17] Nov,1 p 4to,to,CB,NYPL(B),I love you as often as I think of you my
[11 Sept 1812],1 p 8vo,to,M d'A,NYPL(B),The World is pretty bad already — as to — we are
18 NO 1812 pmk,4 p 4to,to,GMAPWaddington,NYPL(B),Abstracted — a! I hope answer the very pretty
26 Nov [1812],4 p 4to,from,CBFB,BM(Bar),Here I am to be ready for Marianne with
[Sept-Oct 1812],2 p 4to,to,CPB,NYPL(B),N.B. Would it be possible that Alexandrine could
[post Sept-Oct 1812],2 p 8vo,to,CB,NYPL(B),I am this moment setting off for Norbury Park
10 pmk [Dec 1812],4 p 4to,with AA to,M d'A,NYPL(B),[?]
10 Oct [1812],3 p 4to,to,CB,NYPL(B),After having undertaken to finish Clément [?]
[8 Oct],2 p 4to,to,GMAPWaddington,NYPL(B),I find in asking more of that little touch
10 DE 1812 pmk,3 p 8vo,to,CBFB & CPB,NYPL(B),Two Letters from my dearest dearest — what
31 Dec,4 p 8vo,to,[?],Osb,My two dearest Charlottes what delight
[31 Dec 1812-Feb 1813],2 p 4to,to,[?],NYPL(B),How truly I am sorry for you my dearest
[post 4 Nov 1812],1 p 4to,to,M d'A,NYPL(B),Ah! mon amie que j'éprouve en ce moment
[1813],1 p 4to,to,M d'A,NYPL(B),While no Folios procurable to Mortal hands
[1812],3 p 12mo,from,Sophia (Thrale) Hoare,BM(Bar),[?]
[1812-14],1 p 4to,to,CB Jr,Osb,Work for your ever kind zeal my dearest
[1812-14],1 p 8vo,from,GMAPWaddington,BM(Bar),[?]
[1812-15],2 p scrap,to,GMAPWaddington,McG,[?]
[post 1812?],1 p scrap,to,JB,PML,[?]
[post 1812],2 p 8vo,from,Charlotte Beckerdorff,NYPL(B),I have at Whitehall poor vue La Maison
[1 Nov 1812],4 p 4to,from,Marianne (Burney) Bourdois,BM(Bar),for a kind a very delightful letter mine dear
[post 1812],4 p 4to,to,CBFB,NYPL(B),[?]
[post 1813],1 p 8vo,to,M d'A,NYPL(B),from Marie de Maisonneuve
[post 1812],2 p 8vo,to,NYPL(B),NYPL(B),[?]
13 Jan,4 p 8vo,to,CB,NYPL(B),[?]
[20 Feb 1813],draft,to,Queen Charlotte,NYPL(B),[?]
[Feb 1813?],2 p 4to,to,[?],Osb,[?]
25 Jan,1 p 4to,to,William Lowndes,Osb,Madam Talbot Lavande thanks
[25-26 Jan 1813],4 p 8vo,to,Comyn,NYPL(B),[?]
27 Jan,2 p 4to,to,CB,NYPL(B),[?]
[30 Jan 1813],4 p 8vo,to,CB,BM(Bar),[?]
9 FE 1813 pmk,4 p 8vo,to,NYPL(B),NYPL(B),[?]
11 Feb,draft,4 p 12mo,to,Queen Charlotte,NYPL(B),[?]
[19 Feb 1813],2 p 4to,to,CB Jr,Osb,[?]
19 Feb,from,Charlotte Beckerdorff,NYPL(B),[?]
19 Feb,from,Dunbar (Suttanner) Fisher,NYPL(B),[?]
22 FE 1813 pmk,4 p 4to,to,[?],NYPL(B),[?]
[post 22 Feb 1813],to,CPB,NYPL(B),[?]
5 Mar 1813,2 p 4to,to,Comyn,NYPL(B),[?]
[c 6 Mar 1813],2 p 8vo,from,Frederica Locke,Comyn,[?]
10 MR 1813 pmk,4 p 8vo,to,CB Jr,NYPL(B),[?]
16 Mar [1813],4 p 12mo,to,CB Jr,McG,[?]
16 Mar 1813,draft,to,[?],NYPL(B),[?]
18 Mar,4 p 4to,to,GMAPWaddington,NYPL(B),[?]
19 Mar,4 p 4to,to,NYPL(B),NYPL(B),[?]
22 MR 1813 pmk,4 p 4to,from,Charlotte Beckerdorff,[?],[?]
30 Mar,4 p 4to,to,CB,NYPL(B),I long for some news of my most dear Padre &
3 Mar,2 p 4to,from,Charlotte Beckerdorff,Osb,[?]
5 Mar 1813,2 p 4to,to,Queen Charlotte,NYPL(B),The truly Federal of your Majesty's
[c 6 Mar 1813],2 p 8vo,from,Frederica Locke,Comyn,my doubly loved Friend I so
14 Apr,2 p 4to,to,M d'A,NYPL(B),[?]
1 Apr,1 p 8vo,to,NYPL(B),Osb,Finishing your Letter my dear
2 AP 1813,1 p 8vo,to,[?],Osb,[?]
4 Apr,3 p 8vo,to,NYPL(B),NYPL(B),[?]
1 Apr [1813],4 p 8vo,to,Osb,Osb,[?]
[post 1813],1 p 8vo,from,[Princess],NYPL(B),I long to improve my acquaintance with Your
[1815-18],from,Charlotte (Jerningham) Bedingfield,NYPL(B),[?]
[1815-18],from,Harriet Bowdler,NYPL(B),[?]
[1815-18],1 p 8vo,from,Sarah Martha Holroyd,NYPL(B),[?]
[1815-18],from,Sarah Martha Holroyd,BM(Bar),[?]
[1815-18],from,Sarah Martha Holroyd,NYPL(B),[?]
[1815-13],3 p 4to,from,GMAPWaddington,NYPL(B),[?]
5 Aug,to,M d'A,NYPL(B),this morning I thought all undone putting at
[5 Aug 1812],to,M d'A,NYPL(B),I am sick — sick — sick! I have
[5 Aug 1812],from,M d'A,NYPL(B),Ah ma femme! quel Paris ou pareil change!
5 Aug 1812,from,M d'A,NYPL(B),[?]
6 Aug,from,M d'A,NYPL(B),No unmixed joy far from thee my fancy! Joy
8 Aug,to,M d'A,NYPL(B),I must write one line dear Mudmoishin [?]
9 Aug,to,M d'A,NYPL(B),Welcome — a thousand times welcome, to
30 Aug [1812],to,M d'A,NYPL(B),every moment is filled up with something
31 Aug [1812],to,CB Jr,Osb,[this moment — calling to see my dearest
[post 9 Aug 1812],to,M d'A,NYPL(B),so intolerably enquired if I had set a little
12 Aug,to,M d'A,NYPL(B),I am entered into the most hospitable house in
12-22 Aug 1812,to,M d'A,NYPL(B),fondest opportunity already offers for writing
13 Aug,with AA to,M d'A,NYPL(B),Encore! encore! — here, Jean Stiff!
15 Aug,to,CBFB,NYPL(B),In a flutter of joy such as my tender Charlotte
[18 Aug 1812],to,PML,NYPL(B),Who will be more sincerely rejoiced — except
17 Aug,to,M d'A,NYPL(B),[?]
18 Aug [1812],from,Lady Lucy (Fitzgerald) Foley,NYPL(B),how have you slept? and how do you find the
20 Aug,from,Amelia (Locke) Angerstein,BM(Bar),My ever beloved Mrs d'Arblay Though
25 Aug,from,Cassandra (Leigh) Cooke,BM(Bar),Broome must forgive me, but not
[25 Aug],from,Emilia & Frances Waddington,NYPL(B),I must write one line dear Mudmoishin [?]
27 Aug,from,Maria (Allen) Rishton,BM(Bar),[?]
31 Aug-Sept,to,NYPL(B),NYPL(B),it is through my dear Sister Burney I am [?]
[Aug 1812],from,Lady Lucy (Fitzgerald) Foley,NYPL(B),return to this Climate being so near the River
2 Sept [1812],to,M d'A,NYPL(B),[?]
15 Sept 1812,to,M d'A,NYPL(B),Ma mante, ma chere Bonne amie est excellente
[10 Sept 1812],to,CB,NYPL(B),Huzza! / My dearest Father / Huzza! / What
[11 Sept 1812],to,M d'A,NYPL(B),The World is pretty bad, already — as to — we are
18 NO 1812 pmk,to,GMAPWaddington,NYPL(B),Abstracted — a! I hope, answer the very pretty
26 Nov [1812],from,CBFB,BM(Bar),Here I am, to be ready for Marianne, with
[Sept-Oct 1812],to,CPB,NYPL(B),N.B. Would it be possible that Alexandrine could
[post Sept-Oct 1812],to,CB,NYPL(B),I am this moment setting off for Norbury Park
25 Oct [1812],from,Cassandra (Leigh) Cooke,BM(Bar),[?]
[8 Oct],to,GMAPWaddington,NYPL(B),I find in asking more of that little touch
10 pmk [Dec 1812],with AA to,M d'A,NYPL(B),[?]
10 Oct [1812],to,CB,NYPL(B),After having undertaken to finish Clément,
10 DE 1812 pmk,to,CBFB & CPB,NYPL(B),Two Letters from my dearest dearest — what
[c 1 Nov 1812],to,CB,NYPL(B),Fanny, you are Here, & There, & every
1 Nov,from,Marianne (Burney) Bourdois,BM(Bar),for a kind, a very delightful letter, mine dear
[post 4 Nov 1812],to,M d'A,NYPL(B),Ah! mon amie que j'éprouve en ce moment [?]
4 NO 1812 pmk,to,CB,NYPL(B),[?]
[17] Nov,to,CB,NYPL(B),I love you as often as I think of you, my
31 Dec,to,[?],Osb,My two dearest Charlottes what delight
[31 Dec 1812-Feb 1813],to,[?],NYPL(B),How truly I am sorry for you, my dearest
[1813],to,M d'A,NYPL(B),While no Folios procurable to Mortal hands
[1812],from,Sophia (Thrale) Hoare,BM(Bar),[?]
[1812-14],to,CB Jr,Osb,Work for your ever kind zeal, my dearest
[1812-14],from,GMAPWaddington,BM(Bar),[?]
[1812-15],to,GMAPWaddington,McG,no long awaited & eventful termination.
[post 1812?],to,JB,PML,If you have not already made Sarah act.
[post 1812],from,Charlotte Beckerdorff,NYPL(B),I have at Whitehall, poor vue La Maison
[post 1813],from,[Princess],NYPL(B),I long to improve my acquaintance with Your
13 Jan,to,CB,NYPL(B),[?]
[Feb 1813?],to,[?],Osb,[?]
25 Jan,to,William Lowndes,Osb,Madam Talbot, Lavende thanks
[25-26 Jan 1813],to,Comyn,NYPL(B),[?]
27 Jan,to,CB,NYPL(B),[?]
[30 Jan 1813],to,CB,BM(Bar),my dearest Padre would allow of but one
9 FE 1813 pmk,to,NYPL(B),NYPL(B),Your dear & kind invitation, my dearest Padre,
11 Feb,draft,to,Queen Charlotte,NYPL(B),The Attachment, the delight the gratitude
[19 Feb 1813],to,CB Jr,Osb,A desire to return Lord Hood's
22 FE 1813 pmk,to,[?],NYPL(B),What are my most kindest
3 Mar,to,Charlotte Beckerdorff,Osb,[?]
5 Mar 1813,to,Queen Charlotte,NYPL(B),The truly Federal [?] of your Majesty's
[c 6 Mar 1813],from,Frederica Locke,Comyn,my doubly loved Friend I so
10 MR 1813 pmk,to,CB Jr,NYPL(B),[?]
16 Mar [1813],to,CB Jr,McG,How will my Kindest Father rejoice for
16 Mar 1813,draft,to,[?],NYPL(B),Must humbly — yet with that cheerfulness
18 Mar,to,GMAPWaddington,NYPL(B),We must thank our hand slave my kindest
19 Mar,to,NYPL(B),NYPL(B),[?]
22 MR 1813 pmk,from,Charlotte Beckerdorff,NYPL(B),[?]
30 Mar,to,CB,NYPL(B),I long for some news of my most dear Padre &
1 Apr,to,NYPL(B),Osb,Finishing your Letter my dear
2 AP 1813,to,[?],Osb,[?]
4 Apr,to,NYPL(B),NYPL(B),I am very good & so kind as to say that
1 Apr [1813],to,[?],Osb,[?]
14 Apr,to,M d'A,NYPL(B),[?]
[22 Mar 1812],from,Mary (Danby) Countess of Har-,NYPL(B),[?]
31 May,to,M d'A,NYPL(B),This very day only our kind Made. Sobryn [?]
3 JU 1813 pmk,to,CBFB,Osb,[?]
10 June,to,GMAPWaddington,NYPL(B),[?]
[14 June 1813],from,CBFB,NYPL(B),I need not I am sure, tell my dearest Mary
[post 13 June 1813],to,GMAPWaddington,NYPL(B),Thursday is a very late day indeed, my dearest
[post 13 June 1813],to,GMAPWaddington,NYPL(B),How my hopes are strengthened [?]
[post 13 June 1813],to,GMAPWaddington,NYPL(B),[?]
[13 June 1813],to,GMAPWaddington,NYPL(B),We are singularly right in your admiration,
[13 June],to,GMAPWaddington,NYPL(B),O the sad but true time of my own [?]
[13 June 1813],to,GMAPWaddington,NYPL(B),MA About, dearest Mary, seule à Day,
[13 June 1813],to,GMAPWaddington,NYPL(B),[?]
[1 JU 1813],to,GMAPWaddington,NYPL(B),your kindness — can never
2 July,to,GMAPWaddington,NYPL(B),I say it is wonderfully disappointed, upon opening
[2 July 1813],to,CB Jr,NYPL(B),[?]
[5 July],to,GMAPWaddington,NYPL(B),Tis well you gave me no commission, my
9 July [1813],from,Maria Edgeworth,FML,I hope you will not think too officious
[10 July 1813],to,NYPL(B),NYPL(B),If the offering I prepare for you should not
[pro 8 Sept 1813],to,GMAPWaddington,NYPL(B),Your Letter dearest Mary has followed [?]
8 Sept [1813],to,CB Jr,NYPL(B),[?]
[post 8 Sept 1813],to,CB Jr,NYPL(B),I love three but for a word to my desolate [?]
23 Sept,with CBFB to,CB Jr,NYPL(B),[?]
30 Sept,to,[?],NYPL(B),[?]
12 Oct,to,M d'A,NYPL(B),My most dear Padre, well, I am sure,
14 Oct,to,NYPL(B),NYPL(B),[?]
[post 14 Oct 1813],to,CB Jr,NYPL(B),[?]
28 Oct,to,CB,NYPL(B),[?]
30 Oct 1813,to,NYPL(B),NYPL(B),I have a joy so great my dearest Padre that I
[Aug-Sept 1813],to,Frances (Waddington) Bunsen,BM(Bar),I am quite proud of this account
3 Sept [1813],mutilated,to,NYPL(B),NYPL(B),Nothing was ever more [?] my dearest
[4 Sept],from,[?],Osb,[?]
12 JY 1813,to,CBFB,NYPL(B),[?]
14 July [1813],draft,to,NYPL(B),NYPL(B),[?]
2(?) Aug,to,GMAPWaddington,NYPL(B),[?]
24 [1813],to,CB,NYPL(B),[?]
16-17 Aug,to,CBFB,NYPL(B),[?]
27 Aug,to,NYPL(B),NYPL(B),a letter has not been I trust more a truism
[post 9 Dec 1813],from,Frederica Locke,NYPL(B),I will not tell my beloved Friend how I
23 Nov,to,NYPL(B),NYPL(B),[?]
2 Dec [1813],from,Charlotte Beckerdorff,BM(Bar),[?]
[c 12 Sept 1813],from,[?],NYPL(B),[?]
12 Sept 1813,to,NYPL(B),PML,I wish you luck in opinion & feeling
6 Dec pmk 1813,to,CB Jr,NYPL(B),This is the very first moment I am able to write
[post 9 Dec 1813],to,NYPL(B),NYPL(B),[?]
30 Dec,to,Sarah (Payne) Burney,NYPL(B),I am quite anxious for news of my dear Brother.
1 pmk [1813],from,Marie de Maisonneuve,NYPL(B),je ne pût qu'ici incomparablement bon chere
[1813-17],from,Princess [Elizabeth?],NYPL(B),in how delightful but do come to dinner, You
[4 Jan],to,CBFB & CPB,NYPL(B),in love dear Charlottes — kind & sweet
[c 3] 1814 pmk,to,CBFB,Osb,[?]
14 FE pmk [1814],to,CBFB & CPB,NYPL(B),My Alec my dearest Charlottes — what! —
22 FE 1814 pmk,to,NYPL(B),NYPL(B),D[r] Davy certainly judged right, my dear
2 Mar,from,Lady Bute,BM(Bar),Lady Burke's best Compts to Made d'Arblay
2 pmk [misdated 3] Mar,to,GMAPWaddington,NYPL(B),Your Letter fills me with horror [?]
7 Mar,to,NYPL(B),NYPL(B),[?]
7 Mar pmk 1814,from,Harriet (Collins) de Boinville,NYPL(B),Can it be that such feelings as you describe in
19 Mar,copy,to,Frederica Locke,NYPL(B),I hasten to impart to my kind & most
21 Mar,to,JB,PML,It disagrees with me to refuse you any thing
5 pmk [Jan 1814],to,M d'A,NYPL(B),[?]
15 FE 1814 pmk,to,CBFB & CPB,NYPL(B),[?]
[Mar-2 Apr],to,CBFB,NYPL(B),I'll die since I have written — at least
[post 22 Mar 1814],from,Mary (Danby) Countess of Har-,NYPL(B),[?]
[20 Mar 1814],to,[?],NYPL(B),[?]
[20 pmk] 1814,to,CBFB,NYPL(B),refine
1 MR [?] pmk 1814,to,CPB,NYPL(B),[?]
10 pmk,to,CB Jr,Osb,[?]
[post 10 pmk],to,NYPL(B),NYPL(B),[?]
14 Apr,from,Mary (Danby) Countess of Har-,BM(Bar),I cannot my Dear Madme. Darbly [?]
15-17 Apr,to,NYPL(B),NYPL(B),with Frederica Locke to M d'A
[post 17 Apr 1814],to,M d'A,NYPL(B),[?]
20 Apr,to,M d'A,NYPL(B),I know my beloved Friend — to enjoy all I
[21 Apr 1814],from,Lady Crewe,NYPL(B),[?]
[21 Apr 1814],to,NYPL(B),NYPL(B),The joy & the sadness that mix in all she
25 Apr copy,to,NYPL(B),NYPL(B),Oui, chère Madame je vous dois de ce n'en
20 Apr [1814],from,Elizaveta [?] d'Ivanoff,NYPL(B),[?]
[pre 25 Apr 1814],to,GMAPWaddington,NYPL(B),[?]
8 Apr,to,NYPL(B),NYPL(B),[?]
18 MR 1814 pmk,to,CBFB,NYPL(B),[?]
30 Mar 1814,from,Sophia (Thrale) Hoare,BM(Bar),Seldom my dear Miss d'Arblay I would [?]
[pre 8 Apr 1814],to,PML,NYPL(B),[?]
4 Apr 1814 pmk,to,[?],NYPL(B),[?]
[7 Apr 1814],to,NYPL(B),NYPL(B),I know me one Brother James has given my
[7 Apr 1814],to,NYPL(B),NYPL(B),The Sweet Amie has just sent me word that
14 Apr,to,M d'A,NYPL(B),amusements
20 Apr,to,M d'A,BM(Bar),I know, my beloved Friend — to enjoy all I
[21 Apr 1814],from,Lady Crewe,NYPL(B),The 4 dangerous Breathes western till me with
20 May draft,to,M d'A,BM(Bar),[?]
[May 1814],from,Frederica Locke,NYPL(B),[?]
20 May,to,M d'A,NYPL(B),A kindness — what a delicious kindness
30 May 1814,from,Frederica Locke,NYPL(B),A thousand thanks my dearly loved Friend for
[May 1814],from,Amelia (Locke) Angerstein,NYPL(B),Also Ah! will my dearest Mrs d'Arblay
[May 1814],to,Martin Charles Burney,NYPL(B),My dear Martin will, I feel sure, pardon my
[May 1814],from,M d'A,NYPL(B),Avant mon depart de Paris [?] ma Made la
[May-June 1814],from,London,NYPL(B),[?]
[May-June 1814],from,Harvey (Hervey) Countess of,NYPL(B),[?]
1 [June],to,CBFB,NYPL(B),I rec'd your letter just as I was
1 June 1814,to,CBFB,NYPL(B),[?]
[Charlotte] Beckerdorff,to,[?],Schelf?,[?]
3 June 1814,to,GMAPWaddington,NYPL(B),I should not have been angry, I am
7 JU 1814 pmk,to,JB,NYPL(B),[?]
[7 June 1814],to,NYPL(B),BM(Bar),my dearly loved Friend, I was preparing to
[pre 9 June 1814],from,Frederica Locke,NYPL(B),[?]
9 June,from,Sophie [?],NYPL(B),[?]
[May 1814],to,[?],PRO,[?]
10 June,to,M d'A,NYPL(B),Are you really then wolf? really
[post 10 June 1814],to,M d'A,NYPL(B),In enchantment, mon adorable amie, par tu es
20 June,from,Frederica Locke,BM(Bar),I could give you my conduct about our
21 June [1814],to,NYPL(B),NYPL(B),[?]
[25 June],to,M d'A,NYPL(B),Vif enchantement, our cher mon fine et faux.
6 June,to,NYPL(B),NYPL(B),[?]
13 July,to,M d'A,mutilated NYPL(B),Yesterday I received my 2e Lettre [?]
14 July,to,NYPL(B),NYPL(B),I take it on with what trepidation I must
15 JY 1814 pmk,to,CBFB,NYPL(B),How cometh is this evening my dearest
17 July,from,M d'A,NYPL(B),[?]
19 July,from,Frederica Locke,BM(Bar),My most dear Friend, yesterday I had the
20 July,from,Cecilia (Ogilvie) Lock,BM(Bar),I should never have acknowledged [?]
[23-20 July],to,M d'A,NYPL(B),[?]
2(c)-25 July [1814],to,M d'A,NYPL(B),Appear — what have you done NYPL(B)
1 Aug,to,Charles Parr,NYPL(B),[?]
[10 Aug 1814?],to,Frederica Locke,NYPL(B),[?]
10 Aug,from,M d'A,NYPL(B),[?]
15 Aug,to,M d'A,NYPL(B),Easily je compte, mes bons bons amis! je viens de
10 Aug,to,M d'A,NYPL(B),[?]
[11 July-28 Aug],to,GMAPWaddington,NYPL(B),[?]
[11 July],from,M d'A,NYPL(B),[?]
20 Aug,to,NYPL(B),NYPL(B),Depuis quelques jours ma chère Fanny [?]
[4 Aug 1814],to,NYPL(B),NYPL(B),Yesterday I saw Fanny I shall be very
9 Aug [1814],to,NYPL(B),NYPL(B),[?]
[9 Aug 1814] pmk,to,NYPL(B),NYPL(B),[?]
[post 18 Oct 1814],to,CB Jr,NYPL(B),I expected, my dear Charles, is just
[post 18 Oct 1814],from,Princess (Waddington) Bunsen(?),NYPL(B),I am deeply alarmed however grateful by the
25 OC 1814 pmk,to,NYPL(B),NYPL(B),Crudely, my dear Carlos, we will have written
2(c) OC 1814 pmk,to,Hyde,NYPL(B),I thank you cordially for your hospitable.
28 [Oct 1814],to,NYPL(B),NYPL(B),O Ma pauvre amie que je suis fachè de
[1 Nov 1814],to,M d'A,NYPL(B),I suppose you have quitted Richmond
[1 Nov 1814?],from,Princess Elizabeth,NYPL(B),I envy you with this note to enclose,
[Nov],to,CHFB,NYPL(B),Arey, my dearest Charlotte, & use — from
3 NO 1814 pmk,to,CB Jr,Osb,A delicious cold has decided M. d'Arblay not to
1 Dec,from,Ann (Astley) Agnew,BM(Bar),[?]
[pre 15 Dec 1814],copy,to,[?],NYPL(B),[?]
15 [1814],to,Princess Elizabeth,NYPL(B),[?]
25 Dec,from,Princess Elizabeth,NYPL(B),This morning I received Your very delightful
[post 15 Oct 1814],from,Frederica Locke,BM(Bar),[?]
[4 Sept],to,NYPL(B),NYPL(B),[?]
1 Oct [1814],to,NYPL(B),NYPL(B),[?]
3 Jan-10 Feb,with M d'A to,AA,NYPL(B),[?]
[1 Jan-8 Feb],to,NYPL(B),NYPL(B),[?]
[Jan-Feb 1815?],to,PML,NYPL(B),[?]
[11 Feb 1815],to,NYPL(B),NYPL(B),Place where will you visit to? and my
[11 Feb-July 1815],to,NYPL(B),NYPL(B),[?]
20 Feb 1815,to,NYPL(B),NYPL(B),[?]
20 Feb copy,to,NYPL(B),NYPL(B),[?]
2 FE 1815 pmk,with M d'A & CB Jr to,NYPL(B),NYPL(B),[?]
5 FE? pmk,to,NYPL(B),NYPL(B),[?]
11 Mar,to,M d'A,NYPL(B),[?]
17 Mar,from,M d'A,NYPL(B),[?]
[18 Mar 1815],from,M d'A,NYPL(B),[?]
19 Mar [1815],to,M d'A,NYPL(B),[?]
23 Mar,to,AA,NYPL(B),Abandoned — will not even this calamitous
23-31 Mar,to,Princess Elizabeth,BM(Bar),[?]
27 Mar 1815,to,CBFB,NYPL(B),I receive the blessed tidings that
27 Mar,to,M d'A,PML,[?]
27-29 Mar,to,M d'A,NYPL(B),I know not whether my poor Alex has
30 Mar,to,M d'A,NYPL(B),Oh mon ami! Mon amie! — je viens de le
30 Mar [1815],to,M d'A,NYPL(B),[?]
31 Mar [1815],to,Princess Elizabeth,NYPL(B),je vous et saver ham, et je promesse des
1 Apr,to,NYPL(B),NYPL(B),[?]
[2 Apr],to,M d'A,NYPL(B),[?]
[3 Apr 1815],to,M d'A,NYPL(B),[?]
15 AP 1815 pmk,to,CBFB,NYPL(B),[?]
[Apr 1815],to,CBFB,NYPL(B),[?]
[Apr 1815],to,M d'A,NYPL(B),nous ma tendre amie on ne peut savoir à
[Apr 1815],to,Frederica Locke,NYPL(B),[?]
1 May,from,M d'A,NYPL(B),ma Femme ne ma sommes qu'a 10 lieues
[May],to,NYPL(B),PML,[?]
29 May,to,M d'A,NYPL(B),[?]
29 May draft,to,Princess Elizabeth,NYPL(B),As, that some good Censer set, arrive
29 May-4 June,to,M d'A,NYPL(B),[?]
15 AP 1815 pmk,to,NYPL(B),NYPL(B),[?]
2 June [1815],to,NYPL(B),NYPL(B),Je t'écris ma chère bonne amie de chez la
3-4 June,from,M d'A,NYPL(B),[?]
[5 June],from,Princess Elizabeth,NYPL(B),A letter is begun & will be continued at the
[5 June],from,M d'A,NYPL(B),[?]
[8-11 June],to,M d'A,NYPL(B),[?]
[10 June Princess 1815],to,Princess Elizabeth,NYPL(B),[?]
[10-20 June 1815],from,M d'A,NYPL(B),[?]
[10-20] June,to,M d'A,NYPL(B),[?]
[Mar-June 1815],to,NYPL(B),NYPL(B),[?]
25 May,to,M d'A,NYPL(B),[?]
28 May,to,M d'A,NYPL(B),[?]
29-30 May,to,NYPL(B),NYPL(B),[?]
[18 Mar 1815],from,M d'A,NYPL(B),Une fois on n'ai pas pouvais [?]
11-23 June,to,NYPL(B),NYPL(B),[?]
[12 June 1815],to,NYPL(B),NYPL(B),[?]
16-22 [June 1815],to,NYPL(B),NYPL(B),[?]
16-30 June,to,M d'A,NYPL(B),[?]
18 June,to,M d'A,NYPL(B),[?]
23 June,to,NYPL(B),NYPL(B),Ici on n'a pas vu depuis hier [?]
30 June [1815],to,CBFB,NYPL(B),[?]
1 July,to,M d'A,NYPL(B),[?]
1-3 July,to,[?],NYPL(B),[?]
3 July,to,M d'A,NYPL(B),I have long meant to write to my ever thus [?]
[4 July],to,M d'A,NYPL(B),[?]
1 July,to,CBFB,NYPL(B),For the Universe I would not add to [?]
3-4 July,to,NYPL(B),NYPL(B),[?]
3 July [1815],to,GMAPWaddington,NYPL(B),Here is a gift my ever dear Mary can this so
[5 July],to,AA,NYPL(B),[?]
[5 July],from,M d'A,NYPL(B),[?]
6 July,to,NYPL(B),NYPL(B),Mon ami! mon Cher ami! what joy! what
[8 July [1815]],to,M d'A,NYPL(B),du bonheur, mon être chère amie, que je rest
[6-8 July 1815],to,NYPL(B),NYPL(B),Quel Junio la phrasie saivante, ma chère amie.
10 July,with CPB to,CB Jr,McG,Congratulations can never I ween be out of
[July 1815],from,Amédée duc de Duras,BM(Bar),Ah mon ami — qu'un voire lettre [?]
1 July,to,M d'A,NYPL(B),I have long meant to write to my ever thus [?]
[July 1815],from,[?],NYPL(B),[?]
[post Aug 1815],to,M d'A,NYPL(B),[?]
26 Sept 1815,to,NYPL(B),NYPL(B),[?]
27 Sept-3 Oct,to,NYPL(B),NYPL(B),My first dear Charlotte will, I know, pardon
1 8[Oct] copy,to,Frederica Locke & Amelia (Locke) Angerstein,NYPL(B),[?]
18 Oct,from,Mme de la Grange,BM(Bar),[?]
19 Oct,to,NYPL(B),NYPL(B),[?]
20 Oct,to,CBFB,NYPL(B),[?]
23 Oct-29 Nov,to,NYPL(B),NYPL(B),My first Charlotte will I am sure bless the
23 OC 1815 pmk,to,CB Jr,NYPL(B),[?]
31 Oct,from,Marie de Maisonneuve,NYPL(B),que Maria de Maisonneuve ici vous amis
1 Nov,to,[?],NYPL(B),[?]
12 Nov,to,AA,NYPL(B),I received your letter this morning dear
23 pmk Nov 1815,to,CB Jr,Osb,[?]
[post Aug 1815],to,M d'A,NYPL(B),Votre amie demande, Mon ami, avez tant
[Aug-Sept 1815],from,[?],NYPL(B),[?]
[4-30 Sept],from,Marianne (Burney) Bourdois,BM(Bar),[?]
20 NO 1817 pmk,to,[?],NYPL(B),[?]
30 NV 1816 pmk,to,M d'A,NYPL(B),[?]
[post 1815] copy extract,from,Princess Elizabeth,NYPL(B),[?]
[1815-13],from,GMAPWaddington,NYPL(B),[?]
13 Jan,with AA to,CB Jr,Osb,[?]
[post 13 Jan 1816],to,Frances (Phillips) Raper,HEB,[?]
19 JA 1816,to,[?],PML,[?]
[post 13 Jan 1816],from,Marie de Maisonneuve,NYPL(B),[?]
[Feb-Mar],to,GMAPWaddington,NYPL(B),Your Majesty settled for and [?]
[Feb-Mar],to,NYPL(B),NYPL(B),[?]
[Feb-Mar],to,GMAPWaddington,NYPL(B),[?]
[Feb-Mar],to,GMAPWaddington,NYPL(B),I am now — also confined myself —&
[Feb-Mar],to,NYPL(B),NYPL(B),How grieved I am — & how shocked will be
[c 1 Mar],to,NYPL(B),NYPL(B),[?]
[c 1 Mar],to,GMAPWaddington,NYPL(B),I quite lowered, dearest Mary, quite let
[c 1 Mar],to,Frederica Locke,NYPL(B),[?]
1 Mar,to,Lady Keith,BM(Bar),I am [?] of your little
18 Mar,from,Marie de Maisonneuve,NYPL(B),[?]
20 MR 1816 pmk,to,M d'A & AA,NYPL(B),[?]
[Mar],to,GMAPWaddington,NYPL(B),[?]
[Mar],to,NYPL(B),NYPL(B),[?]
1 AP 1816 pmk,to,NYPL(B),NYPL(B),[?]
3 Apr,to,CB Jr,NYPL(B),[?]
4 Apr,to,AA,NYPL(B),[?]
14 Apr,from,AA,BM(Bar),[?]
20 AP 1816 pmk,to,NYPL(B),NYPL(B),[?]
22-24 May,to,NYPL(B),PML,[?]
[May],to,NYPL(B),NYPL(B),[?]
5 May,to,NYPL(B),NYPL(B),Monsieur d'Arblay has the honour [?]
[c May 1816],to,NYPL(B),NYPL(B),[?]
3 May,to,M d'A,BM(Bar),[?]
7 May,from,Princess Elizabeth,NYPL(B),I will say I always keep steady to my Friday, in
[7 June 1816],from,Sarah Martha Holroyd,NYPL(B),[?]
12 JU 1816 pmk,to,NYPL(B),NYPL(B),Certainly you were right not to disappoint us
27 June draft,to,NYPL(B),BM(Bar),[?]
[5 July],to,Princess Elizabeth,BM(Bar),[?]
[5 July],to,GMAPWaddington,NYPL(B),[?]
9 July,to,Charlotte Beckerdorff,NYPL(B),Againe, dear Madame, I confess
23 July copy,to,Princess Mary,NYPL(B),[?]
22 May,to,NYPL(B),BM(Bar),We indeed need your kind words my [?]
24 May,from,[?],NYPL(B),[?]
31 May,to,GMAPWaddington,NYPL(B),[?]
[May],from,Frances Bowdler,NYPL(B),[?]
5 June,to,NYPL(B),NYPL(B),[?]
[JU 1805 pmk],to,NYPL(B),NYPL(B),[?]
7 June,to,NYPL(B),NYPL(B),[?]
27 June draft,to,William Wilberforce,BM(Bar),[?]
5 [July],to,Princess Elizabeth,BM(Bar),the estimate of the great & true most hope
[5 July],to,GMAPWaddington,NYPL(B),The entertaining expectations with which we
22 July copy,to,NYPL(B),NYPL(B),[?]
23 July,to,Princess Mary,NYPL(B),The sweetness which almost lose [?]
1 Aug,to,M d'A,NYPL(B),[?]
[1 Aug 1816],to,NYPL(B),NYPL(B),[?]
[1 Sept],to,M d'A,NYPL(B),[?]
5 Sept,to,M d'A,NYPL(B),Mon amie, ma chère et unique amie, si tu
10 Sept,from,M d'A,NYPL(B),[?]
[14-27] Sept,to,M d'A,NYPL(B),[?]
15 Sept,to,M d'A,NYPL(B),[?]
20 Sept,to,M d'A,NYPL(B),Fanny, Angelée Fanny, comme tu traites ton
20 Sept copy,to,NYPL(B),NYPL(B),[?]
22 Sept,from,JB,NYPL(B),I have an excuse for writing to you
22 Sept,to,M d'A,NYPL(B),Mon Ami mon bien aimè ami! quelle Lettre
30 Sept,to,M d'A,NYPL(B),Bu du Roi / Charles Philippe de France,
30 Sept,to,JB,PML,Halt is a friend in office always at hand, as
1 Oct,to,NYPL(B),BM(Bar),[?]
4 Oct,to,M d'A,NYPL(B),Voila ma quatrième Lettre depuis que Votre
8 [Oct],from,M d'A,NYPL(B),[?]
12 Oct,to,M d'A,NYPL(B),[?]
14 OC 1816 pmk,to,M d'A,NYPL(B),I will not hurry or press you. Do not leave my
10 Oct,to,NYPL(B),NYPL(B),[?]
[1816],from,— (Bardilly) Meignenn,NYPL(B),Miss / If you please good health, en voilà
9 Sept,to,M d'A,NYPL(B),[?]
12 Sept,to,M d'A,NYPL(B),[?]
[5 Oct],to,M d'A,NYPL(B),[?]
20 Oct,to,NYPL(B),NYPL(B),[?]
30 Oct 1816 pmk,to,M d'A,NYPL(B),[?]
3-5 Oct,to,NYPL(B),NYPL(B),[?]
8 Dec,copy,to,BM(Bar),NYPL(B),[?]
[Dec 1816],from,Lady Keith,BM(Bar),[?]
23 Dec?,to,NYPL(B),NYPL(B),[?]
[Dec 1816],to,Princess Elizabeth,NYPL(B),[?]
[1816],to,NYPL(B),NYPL(B),[?]
[post M Oct 1816],to,NYPL(B),NYPL(B),[?]
16 Nov [1816?],to,NYPL(B),NYPL(B),[?]
[4 Nov],to,NYPL(B),NYPL(B),[?]
8 Nov,to,NYPL(B),NYPL(B),[?]
2 Nov,to,NYPL(B),NYPL(B),[?]
1 JA? to AA,to,AA,NYPL(B),[?]
[5 Nov 1816],to,NYPL(B),NYPL(B),[?]
15 Nov,to,NYPL(B),NYPL(B),[?]
[Dec 1816],from,Princess Elizabeth,NYPL(B),[?]
20 Dec,to,Princess Elizabeth,NYPL(B),[?]
25 Dec,to,NYPL(B),NYPL(B),[?]
26 Dec,to,NYPL(B),NYPL(B),[?]
31 Dec,to,AA,NYPL(B),Allez my dearest Alexander how nobless [?]
[1817] copy,to,Mary (Danby) Countess of Harcourt,BM(Bar),[?]
[1817],to,NYPL(B),NYPL(B),[?]
[post 1817] copy,from,[Princess Elizabeth to FBA],NYPL(B),[?]
7 Jan [1817] copy,to,Princess Elizabeth,BM(Bar),What a delicious letter should I compose were
28 Jan,to,NYPL(B),Comyn,[?]
[post 22 Jan 1817],to,SHB,BM(Bar),[?]
22 Jan,to,Princess Elizabeth,NYPL(B),You will excuse my disfiguring your
[1 Feb],to,NYPL(B),NYPL(B),[?]
[Feb],to,NYPL(B),NYPL(B),[?]
11 Mar,to,NYPL(B),BM(Bar),[?]
14 [Mar] copy,to,NYPL(B),BM(Bar),[?]
[post 14 Mar],to,NYPL(B),NYPL(B),[?]
15 Mar,from,George Owen Cambridge,NYPL(B),[?]
16 Mar?,to,NYPL(B),NYPL(B),[?]
25 Mar,to,NYPL(B),NYPL(B),[?]
27 Mar [1817],from,Frances Bowdler,BM(Bar),[?]
[11] Apr,to,NYPL(B),NYPL(B),[?]
25 Apr,to,NYPL(B),NYPL(B),[?]
25 AP pmk [1817],to,NYPL(B),Osb,[?]
28 A 1817 pmk,to,EBB,NYPL(B),[?]
25 Apr,to,JB,PML,I know well how sincerely you will grieve for
11 Mar,to,NYPL(B),BM(Bar),At the moment I received your [?]
14 Mar,to,M d'A,NYPL(B),[?]
[post 14 Mar],from,George Owen Cambridge,NYPL(B),[?]
16 Mar?,to,NYPL(B),NYPL(B),Your Letter came too late for business on
25 Mar,to,CB Jr,NYPL(B),[?]
27 Mar [1817],from,Frances Bowdler,BM(Bar),I have been here on a visit to Lady Louisa
1 May,to,NYPL(B),NYPL(B),[?]
3 May,to,M d'A,NYPL(B),[?]
[3 May] copy,to,BM(Bar),NYPL(B),[?]
5 May,to,NYPL(B),NYPL(B),[?]
27 May,to,NYPL(B),NYPL(B),[?]
30 May,to,NYPL(B),NYPL(B),[?]
[May],to,Maria (Allen) Rishton,BM(Bar),[?]
3 June,to,CB Jr,NYPL(B),[?]
4 June,from,AA,NYPL(B),[?]
8 June,to,NYPL(B),NYPL(B),[?]
12 June [1817],from,Lady Charlotte Fitzgerald,NYPL(B),[?]
13 June,to,NYPL(B),NYPL(B),[?]
[16-18 June],from,M d'A,NYPL(B),[?]
20 June 1817,from,NYPL(B),NYPL(B),[?]
[20-24] June,from,M d'A,NYPL(B),[?]
25 June,to,NYPL(B),NYPL(B),[?]
[25-27 June 1817],from,M d'A,NYPL(B),[?]
4 June,from,AA,NYPL(B),On nosmalle des for the last torn
[2-7 Aug],to,M d'A,NYPL(B),[?]
[c 7 Aug 1817],to,NYPL(B),NYPL(B),[?]
9 Aug draft,to,Princess Elizabeth,NYPL(B),[?]
[c Aug 1817],to,M d'A,BM(Bar),[?]
10-21 [Aug 1817],from,M d'A,NYPL(B),[?]
21 Aug,from,Sarah Martha Holroyd,NYPL(B),[?]
22 Aug,to,GMAPWaddington,NYPL(B),[?]
25 Aug-2 Sept [1817],to,M d'A,NYPL(B),[?]
25 Aug,from,M d'A,NYPL(B),[?]
[7-20 Aug 1817],from,M d'A,NYPL(B),[?]
[28 Aug-4 Sept],to,NYPL(B),Comyn,[?]
30 [Aug] copy,to,BM(Bar),NYPL(B),[?]
30 Sept,to,Longmans & Co,BM(Bar),Madame d'Arblay begs leave to observe to
[3-5 Oct 1817],to,NYPL(B),NYPL(B),[?]
17 Oct 1817 draft,to,NYPL(B),NYPL(B),[?]
[Oct 1817],from,Princess Elizabeth,NYPL(B),[?]
1 Nov,to,NYPL(B),NYPL(B),[?]
2 Nov,to,NYPL(B),BM(Bar),[?]
5 Nov,to,CBFB,NYPL(B),Can I still hope — you dearest Mary, for
[c Nov 1817-4 Jan 1818],to,CBFB,NYPL(B),[?]
22 Nov,copy,to,NYPL(B),BM(Bar),[?]
[post 22 Nov],from,Elizaveta [?],NYPL(B),[?]
1 Dec,to,NYPL(B),NYPL(B),[?]
20 Dec 1817-14 Jan 1818,to,Lady Keith,BM(Bar),[?]
[27 Dec 1817] copy,to,[?],BM(Bar),[?]
[27 Dec 1817] draft,to,Queen Charlotte,NYPL(B),[?]
[1816],to,[?],NYPL(B),[?]
[1 Jan Sept],to,Princess Elizabeth,NYPL(B),[?]
25 Jan,to,Princess Elizabeth,NYPL(B),[?]
[25 Jan 1818],from,Sarah Martha Holroyd,NYPL(B),[?]
27 JA 1818 pmk,to,NYPL(B),NYPL(B),[?]
20 Jan [1818],to,NYPL(B),NYPL(B),I cannot tell you how much [?]
5 Aug 1812,from,M d'A,NYPL(B),ma chere amie que tu trouveras tout
8 Aug,to,M d'A,NYPL(B),I must write one line dear Madmoishin [?]
17 Aug,to,M d'A,NYPL(B),I long to improve my acquaintance with Your
[25 Aug],from,Emilia & Frances Waddington,NYPL(B),I must write one line dear Madmoishin [?]
27 Aug,from,Maria (Allen) Rishton,BM(Bar),The tumults of emotions caused by your
25 Oct [1812],from,Cassandra (Leigh) Cooke,BM(Bar),Lady Seth who I have seen very lately in
[post 4 Nov 1812],to,M d'A,NYPL(B),Ah! mon amie que j'éprouve en ce moment
4 NO 1812 pmk,to,CB,NYPL(B),I wish to you — for when we are [?]
10 pmk [Dec 1812],with AA to,M d'A,NYPL(B),After having undertaken to finish Clément [?]
[1812],from,Sophia (Thrale) Hoare,BM(Bar),I shall be so delighted to see you again my dear
[1812-14],from,GMAPWaddington,BM(Bar),We me betch you dearest Mrs
13 Jan,to,CB,NYPL(B),my dearest Father I long to hear at
14 JA 1813 pmk,to,NYPL(B),NYPL(B),combined effort of your promised
[25-26 Jan 1813],to,Comyn,NYPL(B),I have laid out to me of coming hithers.
27 Jan,to,CB,NYPL(B),I was going to write a very private Letter
19 Feb,from,Charlotte Beckerdorff,NYPL(B),Anna Clementi vous Compliments to
19 Feb,from,Dunbar (Suttanner) Fisher,NYPL(B),the Bishop of Salisbury & I had been of us
[post 22 Feb 1813],to,CPB,NYPL(B),If all the of the handsings that who have
[20 Feb 1813],draft,to,Queen Charlotte,NYPL(B),The truly Federal [?] of your Majesty's
3 Mar,to,Charlotte Beckerdorff,Osb,I beg to mention Charles that
10 MR 1813 pmk,to,CB Jr,NYPL(B),Foolish, in some reason, my dear Charles, not
19 Mar,to,NYPL(B),NYPL(B),An moment que je votre Votre derniere pour
22 MR 1813 pmk,from,Charlotte Beckerdorff,NYPL(B),to go [?]
2 AP 1813,to,[?],Osb,How every better copy it day or two of
14 Apr,to,M d'A,NYPL(B),I am not come from Chelsea where I hoped to
[12 May] 1813,to,NYPL(B),NYPL(B),[?]
[13 May] 1813,to,BM(Bar),NYPL(B),[?]
10 June,to,GMAPWaddington,NYPL(B),I need not I am sure tell my dearest Mary
[14 June 1813],from,CBFB,NYPL(B),I need not I am sure tell my dearest Mary
[13 June 1813],to,GMAPWaddington,NYPL(B),your kindness — can never
[pro 8 Sept 1813],to,GMAPWaddington,NYPL(B),Your Letter, dearest Mary, has followed [?]
8 Sept [1813],to,CB Jr,NYPL(B),I hope [?] be more cautious for now my
30 Sept,to,[?],NYPL(B),In Vienne se recevoir des Ordres de la Reine de
[post 14 Oct 1813],to,CB Jr,NYPL(B),I cannot tell is would not [?]
28 Oct,to,CB,NYPL(B),mon inquietude ma ras sante me chien
23 Nov,to,NYPL(B),NYPL(B),Je viens de recevoir des Ordres de la Reine de
2 Dec [1813],from,Charlotte Beckerdorff,BM(Bar),I have indeed been long in hopes & expectation
[c 3] 1814 pmk,to,CBFB,Osb,By Sep, according to his own intimation, of
19 Mar,copy to,Frederica Locke,NYPL(B),I hasten to impart to my kind & most
5 pmk [Jan 1814],to,M d'A,NYPL(B),Ouelle peine ma chère Fanny — et il faut
15 FE 1814 pmk,to,CBFB & CPB,NYPL(B),My Alec my dearest Charlottes — what [?]
1 MR [?] pmk 1814,to,CPB,NYPL(B),refine
[post 17 Apr 1814],to,M d'A,NYPL(B),I come, un chère Fanny, chez Madame
[21 Apr 1814],from,Lady Crewe,NYPL(B),The 4 dangerous [?] western
[20 Apr 1814],to,M d'A,NYPL(B),A kindness — what a delicious kindness
[May-June 1814],from,Harvey (Hervey) Countess of,NYPL(B),I rec'd your letter just as I was
1 [June],to,CBFB,NYPL(B),[?]
[25 June],to,M d'A,NYPL(B),Qut mon adorable amie, ma chere et faux.
6 June,to,NYPL(B),NYPL(B),Combien me dear Charles I shall be very
20 July,from,Cecilia (Ogilvie) Lock,BM(Bar),I should never have acknowledged
[23-20 July],to,M d'A,NYPL(B),sort les pieces to embrasser not ce [?]
2(c)-25 July [1814],to,M d'A,NYPL(B),Appear — what have you done
1 Aug,to,Charles Parr,NYPL(B),I enclose you the Letter of Made la Comtesse
10 Aug,from,M d'A,NYPL(B),Ah Mon ami with what mixt sensations I
10 Aug,to,M d'A,NYPL(B),Depuis quelques jours ma chère amie tu en été
[11 July],from,M d'A,NYPL(B),Depuis quelques jours ma chère Fanny [?]
14 Oct,to,CB Jr,NYPL(B),[?]
1 Dec,from,Ann (Astley) Agnew,BM(Bar),I am almost waiting for
[pre 15 Dec 1814],copy to,[?],NYPL(B),[?]
15 [1814],to,Princess Elizabeth,NYPL(B),The bag has been condemned upon me by [?]
3 Jan-10 Feb,with M d'A to,AA,NYPL(B),from Jean Alce mon tendre beau [?]
[Jan-Feb 1815?],to,PML,NYPL(B),Place where will you visit to? and my
[11 Feb 1815],to,NYPL(B),NYPL(B),[?]
[11 Feb-July 1815],to,NYPL(B),NYPL(B),Journal [written down in 1825]
20 Feb 1815,to,NYPL(B),NYPL(B),fooling ballons — at length — my long
2 FE 1815 pmk,with M d'A & CB Jr to,NYPL(B),NYPL(B),How repeatedly God was my ever kindest
11 Mar,to,M d'A,NYPL(B),I shall not set you free liberty my dear
17 Mar,from,M d'A,NYPL(B),les terribles — ma fidelle [?]
[18 Mar 1815],from,M d'A,NYPL(B),Je fait M d'A en ses bors [?]
23-31 Mar,to,Princess Elizabeth,BM(Bar),What dreadful & afflicting scenes!
27 Mar,to,M d'A,PML,en préparer Charles — I would not write.
1 Apr,to,NYPL(B),NYPL(B),I must not [?] my pour Alice has
[2 Apr],to,M d'A,NYPL(B),Finishing your Letter my dear
15 AP 1815 pmk,to,CBFB,NYPL(B),je t'écris ma chère bonne amie de chez la
[Apr 1815],to,CBFB,NYPL(B),une sorte envoys [?] passed into my aching heart
[May],to,NYPL(B),PML,We Whinge to answer is person the 2 letters
29 May,to,M d'A,NYPL(B),I cannot & will not refrain myself the present
29 May-4 June,to,M d'A,NYPL(B),I am so much struck with The Declaration
2 June [1815],to,NYPL(B),NYPL(B),je t'écris ma chère bonne amie de chez la
3-4 June,from,M d'A,NYPL(B),Hélas! ma bon chere amie men desire et mes
[5 June],from,M d'A,NYPL(B),I have so much to say I must take my largest
[8-11 June],to,M d'A,NYPL(B),j'ai refléchi, plus ju me
[10-20 June 1815],from,M d'A,NYPL(B),pardonne la lettre de toi ma chere et
[12 June 1815],to,NYPL(B),NYPL(B),la M'y nothing this which then [?]
16-30 June,to,M d'A,NYPL(B),tu es si c'est que tu m'as sent [?]
23 June,to,NYPL(B),NYPL(B),Ici on n'a pas vu depuis hier
25-30 June,to,M d'A,NYPL(B),[?]
30 June [1815],to,CBFB,NYPL(B),For the Universe I would not add to [?]
1 July,to,M d'A,NYPL(B),Pardons ma bonheur mon je veux aller [?]
1-3 July,to,[?],NYPL(B),I have long meant to write to my ever thus [?]
[4 July],to,M d'A,NYPL(B),ma lettre même seconde lettre
3-4 July,to,NYPL(B),NYPL(B),How truly am I thankful — though not to [?]
[5 July],to,AA,NYPL(B),Another Letter from you dear Alex. Must [?]
[5 July],from,M d'A,NYPL(B),Mon ami! mon Cher ami! what joy! what
6 July,to,NYPL(B),NYPL(B),du bonheur, mon être chère amie, que je rest
[8 July [1815]],to,M d'A,NYPL(B),[?]
10 July,with CPB to,CB Jr,McG,Congratulations can never, I ween, be out of
29-30 June,to,[?],NYPL(B),[?]
26 Sept 1815,to,NYPL(B),NYPL(B),je reçois avec reconnoissance ma chère madame
1 8[Oct] copy,to,Frederica Locke & Amelia (Locke) Angerstein,NYPL(B),Last night, so we our dear Friends, we arrived
18 Oct,from,Mme de la Grange,BM(Bar),mon adorable amie que vous êtes
20 Oct,to,CBFB,NYPL(B),My first Charlotte will I am sure bless the
23 Oct-29 Nov,to,NYPL(B),NYPL(B),My first Charlotte [?] will assurer make peace with
1 Nov,to,[?],NYPL(B),I have just seen M. Chapman who
[post 1815] copy extract,from,Princess Elizabeth,NYPL(B),a novel said to be by the Author of Waverley
[1815-18],from,Harriet Bowdler,NYPL(B),I have thought myself well repaid
[1815-18],from,Sarah Martha Holroyd,BM(Bar),How does your Madame d'Arblay chez Gondoi [?]
[1815-18],from,Sarah Martha Holroyd,NYPL(B),I will give my dear M
[1815-18],from,Sarah Martha Holroyd,NYPL(B),I was delighted to her [?]
[1815-18],from,Sarah Martha Holroyd,NYPL(B),It is not our own daughter Lady [?]
[1815-13],from,GMAPWaddington,NYPL(B),[signature only] ever yours / G M W
[post 13 Jan 1816],to,Frances (Phillips) Raper,HEB,I simply envy my dearest Fanny's offered
[Feb-Mar],to,NYPL(B),NYPL(B),I accept a Letter by the post that may descend [?]
[Feb-Mar],to,GMAPWaddington,NYPL(B),I am now — also confined myself — &
[c 1 Mar],to,NYPL(B),NYPL(B),I quite lowered, dearest Mary, quite let
[c 1 Mar],to,GMAPWaddington,NYPL(B),I think it would surprise me dearest Mary! so soon
1 Mar,to,Lady Keith,BM(Bar),I am [?] proudest of your little
[Mar],to,GMAPWaddington,NYPL(B),it is I've been writing to the last minute &
[Mar],to,NYPL(B),NYPL(B),I am charmed with suffrage dearest Mary
1 AP 1816 pmk,to,NYPL(B),NYPL(B),I gave at the account given by Miss M,
3 Apr,to,CB Jr,NYPL(B),my dearest Carlos think I do not feel
4 Apr,to,AA,NYPL(B),What a always keen to MY day let me hope [?]
20 AP 1816 pmk,to,NYPL(B),NYPL(B),upon so light a subject her feelings [?]
22-24 May,to,NYPL(B),PML,We indeed need your kind words my [?]
5 May,to,NYPL(B),NYPL(B),Monsieur d'Arblay has the honour
[c May 1816],to,NYPL(B),NYPL(B),its exquisite sontenance endeared [?] are yours
3 May,to,M d'A,BM(Bar),I gather of your promised [?]
[7 June 1816],from,Sarah Martha Holroyd,NYPL(B),Certainly you were right not to disappoint us
12 JU 1816 pmk,to,NYPL(B),NYPL(B),[?]
27 June draft,to,William Wilberforce,BM(Bar),Had not Miss Maltby almost in sorrow
[5 July],to,Princess Elizabeth,BM(Bar),the estimate of the great & true most hope
[1 Aug 1816],to,NYPL(B),NYPL(B),Mon amie sent — mon amie — tu vois
10 Sept,from,M d'A,NYPL(B),Ma Femme ne considere plus comment du mer [?]
[14-27] Sept,to,M d'A,NYPL(B),Malgré la malheureuse tournure que
20 Sept copy,to,NYPL(B),NYPL(B),I have an excuse for writing to you
8 [Oct],from,M d'A,NYPL(B),Quel bonheur! une telle je récite en ouvrant
12 Oct,to,M d'A,NYPL(B),J'ai, ma chère amie, une bonne nouvelle à tu
9 Sept,to,M d'A,NYPL(B),Mon amie ma chère et unique amie si tu
12 Sept,to,M d'A,NYPL(B),j'ai ma amie, une bonne nouvelle à te
30 NV 1816 pmk,to,M d'A,NYPL(B),All my firm dear England once more
8 Dec,copy to,[?],BM(Bar),[?]
[Dec 1816],to,Princess Elizabeth,NYPL(B),Two accounts of the strange intercourse
[1816],to,[?],NYPL(B),Princess of this, so very important for
[post M Oct 1816],from,Adhémar (de Chavagnac) vicomte de la Rochefaucauld,NYPL(B),[?]
[1816] draft,to,Queen Charlotte,NYPL(B),Providence I hope never be [?]
[1816],to,NYPL(B),NYPL(B),England though I deeply lament the
[1816-18],from,[Sarah Martha Holroyd?],NYPL(B),[?]
[pre 1817],to,NYPL(B),NYPL(B),As a regiment I love come below you — as
28 Jan,to,NYPL(B),Comyn,letter of to this the opportunity
[post 22 Jan 1817],to,SHB,BM(Bar),What a more sign is it — though not perhaps
14 [Mar] copy,to,NYPL(B),BM(Bar),Honnêt! Honnêt! vizat Houzat Vive Alesi vize
[post 14 Mar],to,M d'A,NYPL(B),The society in which, I trust, we are all.
15 Mar,from,George Owen Cambridge,NYPL(B),I know a Poet has! [?] having dined for a day
[11] Apr,to,NYPL(B),NYPL(B),Your Letter my dear Carlos has given me the
25 Apr,to,NYPL(B),NYPL(B),Ah, what a Rogue you are! — 4 Days in
25 AP pmk [1817],to,NYPL(B),Osb,I would have answered you my dearest
28 A 1817 pmk,to,EBB,NYPL(B),Also, my dear Charles — while preparing for
3 May,to,M d'A,NYPL(B),il y a [?] for it I should [?] the fished it
[3 May] copy,to,[?],BM(Bar),I gathering your [?] as I thought [?]
5 May,to,NYPL(B),NYPL(B),Monsieur de penchant pour mes chères [?]
30 May,to,NYPL(B),NYPL(B),And since she is in stable so [?]
[May],to,Maria (Allen) Rishton,BM(Bar),Look at it de cette I know others waiting to me
8 June,to,NYPL(B),NYPL(B),if there was a Favourite in the World
12 June [1817],from,Lady Charlotte Fitzgerald,NYPL(B),I only & God or our Count D much [?]
13 June,to,NYPL(B),NYPL(B),6 men and men said we have transported [?]
[16-18 June],from,M d'A,NYPL(B),O yes, yes, my chère Amie, you decimal right
20 June 1817,to,Princess [Knowles],NYPL(B),Count General d'Arblay or not but to levy [?]
25 June,to,NYPL(B),NYPL(B),Also A I spent the Evening in
[25-27 June 1817],from,M d'A,NYPL(B),Je ne te quittais hors qu' après diner as
[July],to,NYPL(B),NYPL(B),[?]
1 [July 1817],to,NYPL(B),NYPL(B),[?]
[2-7 Aug],to,M d'A,NYPL(B),Harkling you receive no renom [?] reply [?]
9 Aug draft,to,Princess Elizabeth,NYPL(B),If it be suppressed I hope there and [?]
[c Aug 1817],to,M d'A,BM(Bar),Avant bon < [?] fille de Maisonique me
21 Aug,from,Sarah Martha Holroyd,NYPL(B),You will be surprised, dear Mrs d'Arblay
22 Aug,to,GMAPWaddington,NYPL(B),I am surprised [?]
25 Aug-2 Sept [1817],to,M d'A,NYPL(B),M d'A — almost almost [?]
[7-20 Aug 1817],from,M d'A,NYPL(B),Mercredi matin, Ma lettre de ce [?] vient de
[28 Aug-4 Sept],to,NYPL(B),Comyn,I put your hand, my dearest Carlos, quite
30 [Aug] copy,to,[?],BM(Bar),Madame d'Arblay [?] bequeathd [?]
[3-5 Oct 1817],to,NYPL(B),NYPL(B),I expected [?] a [?] those in the [?]
2 Nov,to,NYPL(B),BM(Bar),Why my fist! my blind my Abel — sit you
[c Nov 1817-4 Jan 1818],to,CBFB,NYPL(B),What a good & kind Charlotte have [?]
22 Nov,copy to,[?],BM(Bar),You ought to have had a letter ladies now in
1 Dec,to,NYPL(B),NYPL(B),Moi elle debit, dearest Matile [?]
20 Dec 1817-14 Jan 1818,to,Lady Keith,BM(Bar),I do know this with intention to end the old
[27 Dec 1817] copy,to,[?],BM(Bar),One line! What sweetness in that! It is
[29 misdated 30] Dec,to,AA,NYPL(B),Allen my dearest Alexander how nobless [?]
31 Dec,to,AA,NYPL(B),Femmes indeed would have been the descent [?]
[1817] copy,to,Mary (Danby) Countess of Harcourt,BM(Bar),positive here recliement direct par mon coeur
[1817],to,[?],NYPL(B),[?]
[post 1817] copy,from,[Princess Elizabeth to FBA],NYPL(B),I almost went distracted with delight [?]
25 Jan,to,Princess Elizabeth,NYPL(B),You ought to use [?] with to from more at 1
[25 Jan 1818],from,Sarah Martha Holroyd,NYPL(B),& Booke Honour people are beginning of
[25 Jan 1818],to,NYPL(B),NYPL(B),Angerstein
27 JA 1818 pmk,to,NYPL(B),NYPL(B),and now I trust to < [?] love my heart
20 Jan [1818],from,Frederica Locke,NYPL(B),our precious Amina has taken my letter sheet
20 Jan [1818],from,Harriet Bowdler,Comyn,I cannot tell you how much [?]
5 Aug [1812],to,M d'A,NYPL(B),this morning I thought all undone putting at
6 Aug [1812],from,M d'A,NYPL(B),No unmixed joy far from thee my fancy! Joy
8 Aug [1812],to,M d'A,NYPL(B),I must write one line dear Madmoishin [?]
9 Aug [1812],to,M d'A,NYPL(B),Welcome — a thousand times welcome, to
12 Aug [1812],to,M d'A,NYPL(B),I am entered into the most hospitable house in
13 Aug [1812],with AA to,M d'A,NYPL(B),Encore! encore! — here, Jean Stiff!
15 Aug [1812],to,CBFB,NYPL(B),In a flutter of joy such as my tender Charlotte
17 Aug [1812],to,M d'A,NYPL(B),I long to improve my acquaintance with Your
20 Aug [1812],from,Amelia (Locke) Angerstein,BM(Bar),My ever beloved Mrs d'Arblay Though
25 Aug [1812],from,Cassandra (Leigh) Cooke,BM(Bar),Broome must forgive me, but not
[25 Aug 1812],from,Emilia & Frances Waddington,NYPL(B),I must write one line dear Madmoishin [?]
27 Aug [1812],from,Maria (Allen) Rishton,BM(Bar),The tumults of emotions caused by your
31 Aug-Sept [1812],to,NYPL(B),NYPL(B),it is through my dear Sister Burney I am [?]
[8 Oct 1812],to,GMAPWaddington,NYPL(B),I find in asking more of that little touch
1 Nov [1812],from,Marianne (Burney) Bourdois,BM(Bar),for a kind, a very delightful letter, mine dear
[17] Nov [1812],to,CB,NYPL(B),I love you as often as I think of you, my
31 Dec [1812],to,[?],Osb,My two dearest Charlottes what delight
13 Jan [1813],to,CB,NYPL(B),my dearest Father I long to hear at
25 Jan [1813],to,William Lowndes,Osb,Madam Talbot, Lavende thanks
27 Jan [1813],to,CB,NYPL(B),I was going to write a very private Letter
[20 Feb 1813],draft to,Queen Charlotte,NYPL(B),[?]
11 Feb [1813],draft to,Queen Charlotte,NYPL(B),The Attachment, the delight the gratitude
19 Feb [1813],from,Charlotte Beckerdorff,NYPL(B),Anna Clementi vous Compliments to
19 Feb [1813],from,Dunbar (Suttanner) Fisher,NYPL(B),the Bishop of Salisbury & I had been of us
3 Mar [1813],to,Charlotte Beckerdorff,Osb,I beg to mention Charles that
16 Mar 1813,draft to,[?],NYPL(B),Must humbly — yet with that cheerfulness
18 Mar [1813],to,GMAPWaddington,NYPL(B),We must thank our hand slave my kindest
19 Mar [1813],to,NYPL(B),NYPL(B),An moment que je votre Votre derniere pour
30 Mar [1813],to,CB,NYPL(B),I long for some news of my most dear Padre &
1 Apr [1813],to,NYPL(B),Osb,Finishing your Letter my dear
4 Apr [1813],to,NYPL(B),NYPL(B),I am very good & so kind as to say that
14 Apr [1813],to,M d'A,NYPL(B),I am not come from Chelsea where I hoped to
31 May [1813],to,M d'A,NYPL(B),This very day only our kind Made. Sobryn [?]
10 June [1813],to,GMAPWaddington,NYPL(B),I need not I am sure tell my dearest Mary
2 July [1813],to,GMAPWaddington,NYPL(B),I say it is wonderfully disappointed, upon opening
[5 July 1813],to,GMAPWaddington,NYPL(B),Tis well you gave me no commission, my
23 Sept [1813],with CBFB to,CB Jr,NYPL(B),[?]
30 Sept [1813],to,[?],NYPL(B),In Vienne se recevoir des Ordres de la Reine de
12 Oct [1813],to,M d'A,NYPL(B),My most dear Padre, well, I am sure,
28 Oct [1813],to,CB,NYPL(B),mon inquietude ma ras sante me chien
23 Nov [1813],to,NYPL(B),NYPL(B),Je viens de recevoir des Ordres de la Reine de
30 Dec [1813],to,Sarah (Payne) Burney,NYPL(B),I am quite anxious for news of my dear Brother.
[4 Jan 1814],to,CBFB & CPB,NYPL(B),in love dear Charlottes — kind & sweet
2 Mar [1814],from,Lady Bute,BM(Bar),Lady Burke's best Compts to Made d'Arblay
2 pmk [misdated 3] Mar [1814],to,GMAPWaddington,NYPL(B),Your Letter fills me with horror [?]
19 Mar [1814],copy to,Frederica Locke,NYPL(B),I hasten to impart to my kind & most
21 Mar [1814],to,JB,PML,It disagrees with me to refuse you any thing
[Mar-2 Apr 1814],to,CBFB,NYPL(B),I'll die since I have written — at least
14 Apr [1814],to,M d'A,NYPL(B),amusements
14 Apr [1814],from,Mary (Danby) Countess of Har-,BM(Bar),I cannot my Dear Madme. Darbly, I can
15-17 Apr [1814],to,NYPL(B),NYPL(B),with Frederica Locke to M d'A
20 Apr [1814],to,M d'A,BM(Bar),I know, my beloved Friend — to enjoy all I
25 Apr [1814] copy,to,NYPL(B),NYPL(B),Oui, chère Madame je vous dois de ce n'en
20 May [1814] draft,to,M d'A,BM(Bar),[?]
20 May [1814],to,M d'A,NYPL(B),A kindness — what a delicious kindness
1 June [1814],to,CBFB,NYPL(B),[?]
10 June [1814],to,M d'A,NYPL(B),Are you really then wolf? really
13 July [1814],to,M d'A,mutilated NYPL(B),Yesterday I received my 2e Lettre [?]
14 July [1814],to,NYPL(B),NYPL(B),I take it on with what trepidation I must
17 July [1814],from,M d'A,NYPL(B),[?]
19 July [1814],from,Frederica Locke,BM(Bar),My most dear Friend, yesterday I had the
20 July [1814],from,Cecilia (Ogilvie) Lock,BM(Bar),I should never have acknowledged
1 Aug [1814],to,Charles Parr,NYPL(B),I enclose you the Letter of Made la Comtesse
10 Aug [1814],from,M d'A,NYPL(B),Ah Mon ami with what mixt sensations I
15 Aug [1814],to,M d'A,NYPL(B),Easily je compte, mes bons bons amis! je viens de
20 Aug [1814],to,NYPL(B),NYPL(B),Depuis quelques jours ma chère Fanny [?]
14 Oct [1814],to,CB Jr,NYPL(B),[?]
1 Dec [1814],from,Ann (Astley) Agnew,BM(Bar),[?]
25 Dec [1814],from,Princess Elizabeth,NYPL(B),This morning I received Your very delightful
3 Jan-10 Feb [1815],with M d'A to,AA,NYPL(B),[?]
11 Mar [1815],to,M d'A,NYPL(B),[?]
17 Mar [1815],from,M d'A,NYPL(B),[?]
23 Mar [1815],to,AA,NYPL(B),Abandoned — will not even this calamitous
23-31 Mar [1815],to,Princess Elizabeth,BM(Bar),What dreadful & afflicting scenes!
27 Mar [1815],to,M d'A,PML,en préparer Charles — I would not write.
27-29 Mar [1815],to,M d'A,NYPL(B),I know not whether my poor Alex has
30 Mar [1815],to,M d'A,NYPL(B),Oh mon ami! Mon amie! — je viens de le
1 Apr [1815],to,NYPL(B),NYPL(B),[?]
1 May [1815],from,M d'A,NYPL(B),ma Femme ne ma sommes qu'a 10 lieues
29 May [1815],to,M d'A,NYPL(B),I cannot & will not refrain myself the present
29 May [1815] draft,to,Princess Elizabeth,NYPL(B),As, that some good Censer set, arrive
29 May-4 June [1815],to,M d'A,NYPL(B),I am so much struck with The Declaration
3-4 June [1815],from,M d'A,NYPL(B),Hélas! ma bon chere amie men desire et mes
[5 June 1815],from,Princess Elizabeth,NYPL(B),A letter is begun & will be continued at the
[5 June 1815],from,M d'A,NYPL(B),I have so much to say I must take my largest
[8-11 June 1815],to,M d'A,NYPL(B),j'ai refléchi, plus ju me
[10-20 June 1815],from,M d'A,NYPL(B),pardonne la lettre de toi ma chere, et
1 July [1815],to,M d'A,NYPL(B),[?]
3 July [1815],to,M d'A,NYPL(B),I have long meant to write to my ever thus [?]
3-4 July [1815],to,NYPL(B),NYPL(B),How truly am I thankful — though not to [?]
[5 July 1815],to,AA,NYPL(B),[?]
6 July [1815],to,NYPL(B),NYPL(B),Mon ami! mon Cher ami! what joy! what
[8 July 1815],to,M d'A,NYPL(B),[?]
10 July [1815],with CPB to,CB Jr,McG,Congratulations can never, I ween, be out of
[July 1815],from,Amédée duc de Duras,BM(Bar),[?]
27 Sept-3 Oct [1815],to,NYPL(B),NYPL(B),My first dear Charlotte will, I know, pardon
18 Oct [1815],from,Mme de la Grange,BM(Bar),mon adorable amie que vous êtes
20 Oct [1815],to,CBFB,NYPL(B),My first Charlotte will I am sure bless the
23 Oct-29 Nov [1815],to,NYPL(B),NYPL(B),[?]
31 Oct [1815],from,Marie de Maisonneuve,NYPL(B),que Maria de Maisonneuve ici vous amis
12 Nov [1815],to,AA,NYPL(B),I received your letter this morning dear
[1815-18],from,Sarah Martha Holroyd,BM(Bar),How does your Madame d'Arblay [?]
13 Jan [1816],with AA to,CB Jr,Osb,[?]
[Feb-Mar 1816],to,GMAPWaddington,NYPL(B),[?]
[Feb-Mar 1816],to,GMAPWaddington,NYPL(B),I am now — also confined myself — &
[c 1 Mar 1816],to,GMAPWaddington,NYPL(B),I quite lowered, dearest Mary, quite let
[c 1 Mar 1816],to,Frederica Locke,NYPL(B),[?]
1 Mar [1816],to,Lady Keith,BM(Bar),[?]
18 Mar [1816],from,Marie de Maisonneuve,NYPL(B),[?]
3 Apr [1816],to,CB Jr,NYPL(B),my dearest Carlos think I do not feel
4 Apr [1816],to,AA,NYPL(B),[?]
14 Apr [1816],from,AA,BM(Bar),[?]
5 May [1816],to,NYPL(B),NYPL(B),Monsieur d'Arblay has the honour
7 May [1816],from,Princess Elizabeth,NYPL(B),I will say I always keep steady to my Friday, in
27 June [1816] draft,to,William Wilberforce,BM(Bar),Had not Miss Maltby almost in sorrow
[5 July 1816],to,Princess Elizabeth,BM(Bar),the estimate of the great & true most hope
[5 July 1816],to,GMAPWaddington,NYPL(B),The entertaining expectations with which we
9 July [1816],to,Charlotte Beckerdorff,NYPL(B),Againe, dear Madame, I confess
23 July [1816],to,Princess Mary,NYPL(B),The sweetness which almost lose [?]
5 Sept [1816],to,M d'A,NYPL(B),Mon amie, ma chère et unique amie, si tu
10 Sept [1816],from,M d'A,NYPL(B),[?]
20 Sept [1816],to,M d'A,NYPL(B),Fanny, Angelée Fanny, comme tu traites ton
22 Sept [1816],from,JB,NYPL(B),I have an excuse for writing to you
22 Sept [1816],to,M d'A,NYPL(B),Mon Ami mon bien aimè ami! quelle Lettre
30 Sept [1816],to,M d'A,NYPL(B),Bu du Roi / Charles Philippe de France,
30 Sept [1816],to,JB,PML,Halt is a friend in office always at hand, as
4 Oct [1816],to,M d'A,NYPL(B),Voila ma quatrième Lettre depuis que Votre
12 Oct [1816],to,M d'A,NYPL(B),J'ai, ma chère amie, une bonne nouvelle à tu
22 Jan [1817],to,Princess Elizabeth,NYPL(B),You will excuse my disfiguring your
11 Mar [1817],to,NYPL(B),BM(Bar),At the moment I received your [?]
15 Mar [1817],from,George Owen Cambridge,NYPL(B),[?]
[11] Apr [1817],to,NYPL(B),NYPL(B),Your Letter my dear Carlos has given me the
25 Apr [1817],to,NYPL(B),NYPL(B),Ah, what a Rogue you are! — 4 Days in
25 Apr [1817],to,JB,PML,I know well how sincerely you will grieve for
8 June [1817],to,NYPL(B),NYPL(B),if there was a Favourite in the World
[16-18 June 1817],from,M d'A,NYPL(B),O yes, yes, my chère Amie, you decimal right
20 June 1817,to,Princess [Knowles],NYPL(B),[?]
25 June [1817],to,NYPL(B),NYPL(B),[?]
[2-7 Aug 1817],to,M d'A,NYPL(B),[?]
9 Aug [1817] draft,to,Princess Elizabeth,NYPL(B),[?]
21 Aug [1817],from,Sarah Martha Holroyd,NYPL(B),You will be surprised, dear Mrs d'Arblay
22 Aug [1817],to,GMAPWaddington,NYPL(B),[?]
25 Aug [1817],from,M d'A,NYPL(B),[?]
[28 Aug-4 Sept 1817],to,NYPL(B),Comyn,I put your hand, my dearest Carlos, quite
30 Sept [1817],to,Longmans & Co,BM(Bar),Madame d'Arblay begs leave to observe to
5 Nov [1817],to,CBFB,NYPL(B),Can I still hope — you dearest Mary, for
22 Nov [1817] copy,to,[?],BM(Bar),You ought to have had a letter ladies now in
1 Dec [1817],to,NYPL(B),NYPL(B),[?]
[25 Jan 1818],to,Princess Elizabeth,NYPL(B),[?]
20 Nov [1768],from,Richard Thomas Burney,NYPL(B),Master Ncom's affectionate Love to his
[1768],from,Maria (Allen) Rishton,NYPL(B),Come Fan Pa' you'r a good girl and ill sets
[1768-71],from,Maria (Allen) Rishton,NYPL(B),Prepare a good stomach and good pair of dars [?]
25 June,to,CB,Obs,all ye musses of ev'ry Degree / O give
11 July [1768],from,Elizabeth (Allen) Burney,NYPL(B),Master Ncom's affectionate Love to his
[?] pmk Aug,to,Rishton Burney & Mrs Crisp [?],NYPL(B),All where shall I expressi find / To soften
13 Oct,from,Elizabeth (Allen) Burney,NYPL(B),I've had a bad excuse to make for not
[1769-1775],to,SEB,PML,Jem — will be quite a Lyon on his return —
[1770?],to,Lady Hales,NYPL(B),I am so much astonished & so much confused
7 Sept [1771],from,Maria (Allen) Rishton,NYPL(B),Dont sold so vilently about my not writing
21 Nov,from,Maria (Allen) Rishton,NYPL(B),I conjure by our long Friendship to tell me
[1771?],from,Maria (Allen) Rishton,NYPL(B),Here I am at Warwick [?] I could not resist the
[1770-74],to,Lady Hales,NYPL(B),I am so much astonished & so much confused
6 Apr [1772],from,Maria (Allen) Rishton,NYPL(B),Copying — Copying the letter I have
8 Jl pmk [1772],from,Maria (Allen) Rishton,NYPL(B),you see Crisp knows I am Maria Rishton
[Aug [1772]],from,Maria (Allen) Rishton,NYPL(B),my hidden hope his Compliments — Stephen
11 Aug mutilated,from,Samuel Crisp,Essex,and I hear now What does he do? —
[1772],from,Maria (Allen) Rishton,NYPL(B),Upon my word you very little deserve I should
June [1773],from,Maria (Allen) Rishton,NYPL(B),Mr & Mrs Rishton hope Miss Burney will
[?]5 NO pmk [1773],from,Samuel Crisp,BM(Bar),I'll tell you what Fanny — I yesterday received
[1773?],from,Samuel Crisp,BM(Bar),Tho the weak knotty Joints of my knuckles are
1 Jan [1774],from,Samuel Crisp,BM(Bar),A happy new year to the Fannnikin & I think I
[Apr 1774],from,Samuel Crisp,NYPL(B),I sell you what — You are a Jew — an Ebrew
1 Jan [1775],from,Maria (Allen) Rishton,NYPL(B),I have got a Bad arm tho' yet I sit down to
[25 Jan ?],to,Samuel Crisp,BM(Bar),Hark ye Fanny You must know I had a mind to
[2] Feb [1775],to,Samuel Crisp,BM(Bar),I have been so long & so much distressed
[17 Feb 1775],from,Maria (Allen) Rishton,NYPL(B),I hope for this you & all of you has finished [?]
Mar-Apr [1775],from,Samuel Crisp,BM(Bar),CB & FB to Samuel Crisp
[17 Feb 1775],from,Maria (Allen) Rishton,NYPL(B),I have complied with your commands without
14 Apr,to,SEB,NYPL(B),[?]
24 Apr [1775],to,Samuel Crisp,BM(Bar),(abbreviation) So you published speechifying?
24 Apr [1775],from,James Hutton,BM(Bar),my attention to your House on Saturday
8 May [1775],from,Samuel Crisp,BM(Bar),The Tragedy apoplexy & left Arm lame
[8 May 1775],from,James Hutton,BM(Bar),I have just read Evelina [?] I saw I had
[9 May],to,Samuel Crisp,BM(Bar),My Father went before Sunday
[May 1775],from,Thomas Barlow,NYPL(B),I have somewhere seen that powerful Deity
8 June,to,Samuel Crisp,BM(Bar),Thank you a thousand Times my dear Daddy
3 Jul [1775],to,Samuel Crisp,BM(Bar),in a poor hurry I cut of a Line
13 SE pmk [1775],from,Maria (Allen) Rishton,NYPL(B),As the personal letter has never arrived I will
[post 13 Sept 1775],from,Maria (Allen) Rishton,NYPL(B),I am really ashamed of not being more exact in
30 Oct 1775,to,Samuel Crisp,BM(Bar),It so long since I wrote to you that I suppose
5 Nov [1775],from,Maria (Allen) Rishton,NYPL(B),I'll ever try what writing to the minute of my
[9 Nov 1775],to,Samuel Crisp,BM(Bar),The best apology I can make for the indolence
[1775],from,JB,NYPL(B),I am under a necessity of trusting
[1775],from,Maria (Allen) Rishton,NYPL(B),You would have heard from me so long since to
[1775],from,Maria (Allen) Rishton,NYPL(B),Only two or three Lines because I think it
2 Jan,to,SEB,NYPL(B),I had set put this to hethen [?] the L[ette]r to the
29 Jan [1776?],to,SEB,NYPL(B),I did not find your little Note sent with the [?]
5 Apr 1776,from,Samuel Crisp,BM(Bar),I was much pleased with the close of
30 Apr [1776],to,SEB,NYPL(B),It is such an age since I have written
[1776],to,SEB,NYPL(B),It is not a shocking thing my dearest Susette
[Apr 1776],to,Samuel Crisp,Yale(Bo),So mix our Studies & so join our names
27 July,to,Samuel Crisp,BM(Bar),Now really my dear Daddy this is prodigiously
7 Aug,from,Mary Bruce Strange,BM(Bar),Will you my dear Miss Burney forgive
[4 Sept [1776]],from,Maria (Allen) Rishton,NYPL(B),I shall be told its to know which of us is the
[Sept 1776],from,Samuel Crisp,BM(Bar),Is it Astonished! What? — Do you believe I
[Nov 1776],from,Samuel Crisp,BM(Bar),much concern'd when you
[2 Dec 1776],from,Samuel Crisp,BM(Bar),is it abbreviated! The party consisted of —
25 Dec,from,Thomas Lowndes,NYPL(B),I've not the least objection to what
17 Jan,from,Thomas Lowndes,BM(Bar),I have read your Novel and cant see any reason
[post 17] Jan,from,Thomas Lowndes,NYPL(B),I am well contented with the openness of your
22 Mar [1777],from,William Cutler [?],NYPL(B),Mr Cutler presents his Compliments to Miss
27 Mar,from,Samuel Crisp,BM(Bar),You can't imagine how you miss'd you as soon
28 Mar 1777,to,Thomas Lowndes,BM(Bar),My dear Sir — I seemed well pleased at my
2 Apr,from,Samuel Crisp,BM(Bar),Why Fanny you young Torment do' think to
[July 1877] [?],to,SEB,NYPL(B),for our young gentlemen will have their own
29 Dec,from,Thomas Lowndes,BM(Bar),I've read it & like the Manuscript & it is
Dec draft,to,Thomas Lowndes,NYPL(B),as no offer has a kind of natural claim to
[1776],from,Maria (Allen) Rishton,NYPL(B),You may think perhaps I've lost out of
1776-81,from,Lady Hales [?],NYPL(B),are on to know my Dear Miss Bur [?]
[post 1776?],from,Elizabeth (Allen) Meeke,NYPL(B),Pardon me for not sooner acknowledging you
[1777?],from,James Hutton,NYPL(B),I know not whether any of the He Saints
[1777-1780],to,Thomas Lowndes,Comyn,The kindness with which you favored
[1777-1780],to,Thomas Lowndes,Comyn,I have been much mortified that a multiplicity
[1777-1780],to,Thomas Lowndes,Comyn,I return you my thanks for your attention to my
[1777-1780],to,Thomas Lowndes,NYPL(B),The M.S. concerning which I troubled you last [?]
[1777-1780],from,Thomas Lowndes,BM(Bar),I have all the sheets of Evelina
OC pmk [1777-1780],to,Thomas Lowndes,Comyn,a keep a dangerous illness having for some
[1777-1780],to,Thomas Lowndes,Comyn,I am extremely sorry to have to keep the press
[1777-1780],to,Thomas Lowndes,Comyn,I am much gratified by your good opinion of
[1777-1780],to,Thomas Lowndes,Comyn,I take the Liberty to send you a Novel
5 Jan,from,Mary Bruce Strange,BM(Bar),Ask my dear Miss Burney examine your
Mar [1778],to,SEB,NYPL(B),look it about over — & not a word
9 MA pmk [1778],from,SEB,NYPL(B),to see you Bossy's last letter on
May [1778],to,SEB,NYPL(B),I lost you a thousand times at
4 JU pmk [1778],to,SEB,NYPL(B),but for dear Fanny my Father has
[1] June [1778],to,SEB,NYPL(B),Charmed I spout in Brook Street —
[post 11 June 1778],to,SEB,NYPL(B),They've got on in reading it as far as
10 June,to,SEB,NYPL(B),My Mother has gone to c — My dear
[post 16 June 1778],to,SEB,NYPL(B),there's such a thing to tell you —
18 June [1778],to,SEB,NYPL(B),Here I am & here I have been this ago [?]
29 June,from,SEB,NYPL(B),I have not rec' your parcel
[June? 1778],to,SEB,NYPL(B),trade leave & returned to town
2 July,from,Thomas Lowndes,BM(Bar),I bought up a Sett for you the first Day I had
4 JY pmk [1778],from,SEB,NYPL(B),where Charlotte returned home the Coach
5 July,to,SEB,NYPL(B),Dont you think there must be some wager
[5-6 July 1778],to,SEB,NYPL(B),Think Monst 7 or 8 & I was woke
[post 6 July 1778],to,SEB,NYPL(B),To my great Disappointment My Mother was
8 JY pmk [1778],to,SEB,Hyde,Pray Scotcheld go to a Cabinet [?]
13 July [1778],from,Elizabeth (Allen) Burney,NYPL(B),Allow to Congratulate you on the Merit and
16 July [1778],from,SEB,NYPL(B),At night my Father read as usual — I found
[4 July 1775],from,SEB,NYPL(B),Fanny my Father & Mother came home
[June? 1778],to,SEB,NYPL(B),journal
20 July-Aug [1778],to,SEB,NYPL(B),yes God & I have a real regard
23 JY pmk [1778],from,SEB,NYPL(B),In Chesne yesterday my Father had a Letter
25 July [1778],to,CB,NYPL(B),my dear most kind Father — the request
[25 July 1778],to,SEB,NYPL(B),but repetitions of what I heard from you
July [1778],from,Samuel Crisp,BM(Bar),I have just read Evelina over again
[Dec? 1778],from,SEB,NYPL(B),I was extremely glad my dearest Susan
[Dec 1778],from,HLTP,NYPL(B),Though your Papa kindly told me the time of
[Dec 1778],from,Catherine Coussmaker,NYPL(B),Indeed my dear Girl of my Father's wishes &
[1778?],from,Catherine Coussmaker,NYPL(B),Y' kind & most flattering Letter my dear Miss
[1778],from,SEB,NYPL(B),Heat he be painted &c &c &c You are most
[1778-79],from,Isabella Strange,BM(Bar),I was sorry I miss'd my sweet Girl — I was
[1778-86],from,Henrietta Maria (Banister) North,NYPL(B),Will you & Dr. Burney come & dine with a pair
[1778-86?],from,Henrietta Maria (Banister) North,NYPL(B),I have a Box for Monday & still hope
[Jan 1779],from,Samuel Crisp,NYPL(B),Encore of a Letter from Gast dated Burford
[27 Jan [1779]],from,Thomas Lowndes,BM(Bar),I'll soon get ready 500 of the 1500 for w[hic]h the
Feb [1779],to,SEB,NYPL(B),I have been here so long my dearest Susan
1 MA pmk [1779],to,SEB,BM(Bar),The kindness & honours I meet with from
20 Mar [1779],to,SEB,NYPL(B),Mr Pecchierutti [?] returns his best respects to
[Apr 1779],to,SEB,NYPL(B),Oh my dear Daddy —
[pre 13 May 1779],to,SEB,BM(Bar),You are a few Fanukins an Elf or [?]
[pre 13 May 1779],from,Samuel Crisp,BM(Bar),At I know the goodness of your heart I am
[May 1779],from,Samuel Crisp,BM(Bar),I have just read Evelina over [?]
[May 1779],from,Samuel Crisp,BM(Bar),your last Letter was the most acceptable
[late? May 1779],to,SEB,NYPL(B),Once more my dearest Susy I will attempt
28 May,from,Samuel Crisp,BM(Bar),Symptoms of my Illness of which in degree
25-30 May [1779],from,Samuel Crisp,NYPL(B),To my no small concern I am obliged
13-15 June,to,SEB,NYPL(B),Now my dear Susan hand & fast let me
[June 1779],to,SEB,BM(Bar),Gorandmized [?] with great avidity we sent a
21 July,from,Samuel Crisp,BM(Bar),You have now put me upon my Mettle
30 July [1779],from,Samuel Crisp,BM(Bar),Now my dear Daddy let me attempt [?]
1 Aug [1779],from,Samuel Crisp,BM(Bar),I need not tell you that I left Town
3-6 Aug [1779],from,SEB,BM(Bar),Tuesday August 3d — Yesterday was
4 AU pmk [1779],from,SEB,NYPL(B),My Father then played over some songs
25-29 Aug [1779],from,SEB,BM(Bar),Wednesday August 25th — Tho' I really think
[Aug? 1779],to,Samuel Crisp,NYPL(B),Well — Cut above all — 
10 Oct,to,CB,NYPL(B),How warm all safe & all well — Mrs
10 pmk Oct [1779],to,Samuel Crisp,NYPL(B),the join so fat come — & I have espied [?]
10 Oct [1779],from,SEB,BM(Bar),I have just read Evelina over again
[Oct 1779],from,Samuel Crisp,BM(Bar),something his other of Capt' Mirvan
1-[2] Nov [1779],to,SEB,BM(Bar),Monday 1st Saturday Se'night my
[Nov 1779],to,SEB,NYPL(B),Wednesday Nov' 3 — It shall not be said
[Nov 1779],from,Samuel Johnson,Hyde,How should I help being uneasy Dearest
17 Nov,to,SEB,BM(Bar),I see a little way my dear Susy & so I will
30 Nov-5 Dec [1779],from,SEB,BM(Bar),Tuesday Nov'r 30th I must now get a
[5? Dec 1779],from,Samuel Crisp,BM(Bar),The Contents of your letter from Brighton
[Dec? 1779],from,HLTP to CB,NYPL(B),Your Daughter Dear Sir is no longer here [?]
[1779],to,Samuel Crisp,NYPL(B),I am extremely gratified by your appreciation [?]
[1779?],from,Samuel Crisp,BM(Bar),When I went down stairs I found Evelina [?]
[1779],from,William Seward,NYPL(B),Mr Seward presents his compets [?] to Miss
[1779-80],from,SEB,Shep(D),Thanks ever dearest Madam for your most [?]
[1779-84],from,Sophia Streatfield,Hyde,How should I help being uneasy Dearest [?]
[1779-86],from,Sophia Streatfield,BM(Bar),When Dear Burney did set the force [?]
1 Jan-13 Feb,from,SEB,NYPL(B),Jan 1st & had a very good social party
7 Jan [1780],to,Samuel Crisp,NYPL(B),Oh my dear Daddy now you are angry indeed
[c 13 Feb 1780],from,HLTP,Plat,I could not Yesterday write half my Mind & [?]
13 Feb [1780],from,Samuel Crisp,NYPL(B),if no letter was acceptable to you
[post 13 Feb 1780],from,Samuel Crisp,NYPL(B),I rec'd two Letters last night very sweet ones
[13-Apr 1780],from,SEB,NYPL(B),I rec'd your very kind Letter but
17-23 Mar [1780],to,SEB,NYPL(B),Your Letter my dearest Susan to our names [?]
[?30 Mar 1780],to,SEB,BM(Bar),[?] a careful thanks my dearest Susy for
10 Apr [1780],to,SEB,NYPL(B),I thank you my dearest Sir much welcomer
29 Apr [1780],from,CB,BM(Bar),How gratified to my Heart and how fluttering
[11]-12 Apr [1780],from,SEB,NYPL(B),are — & that when you hear it the
13 Apr [1780],to,Samuel Crisp,NYPL(B),to your work my Dearest Daddy & so very
13-15 Apr [1780],from,SEB,NYPL(B),20 mond 13 th Apr — Upon my loved
20-22 Apr [1780],to,SEB,BM(Bar),[?]
24 May,from,SEB,BM(Bar),Monday 24th Mr. Burney [?]
16 Jan [1780],to,Samuel Crisp,NYPL(B),As this sheet is but to contain a sequel
22 Jan [1780],to,Samuel Crisp,NYPL(B),[?]
17 Apr [1780],from,Samuel Crisp,BM(Bar),I was much pleased with the close of
30 Apr [1780],to,SEB,NYPL(B),It is such an age since I have written
[Apr 1780],to,SEB,NYPL(B),It is not a shocking thing my dearest Susette
[age 1780],to,SEB,NYPL(B),This Evening we have all been at
also copy,to,[?],BM(Bar),[?]
13 May,from,Sophia (Crisp?) Gast,NYPL(B),How grateful to my Heart and how fluttering
21-22 May [1780],from,SEB,NYPL(B),Sunday Month — May 21st Oh My dear
[post 22] May,to,SEB,NYPL(B),Now my Susy will I begin this Budget with
23 MA pmk [1780],to,SEB,BM(Bar),I was so incessantly engaged yesterday
31 May 2,to,HLTP,Mar 340 (1230),Describes a party at Mrs Montagu's [?]
May,to,SEB,NYPL(B),So he was satisfied enough though he only saw
8-12 June [1780],from,SEB,BM(Bar),Thanks SEB
11 June [1780],to,CB,NYPL(B),Here we are dearest Sir & here we mean
[10-30] June [1780],from,SEB,NYPL(B),as a great while indeed I have not seen [?]
13 June [1780],to,SEB,NYPL(B),We carried here yesterday about 7 in the
14 June [1780],to,SEB,NYPL(B),as here — & I thinking of nothing
[17 June 1780],to,SEB,NYPL(B),O what joy most dear Sir! did I see your
20 June [1780],to,CB,NYPL(B),I cannot help again writing to you my dearest
20-21 June,from,SEB,BM(Bar),Tuesday Evng 20th June 1
20 June,from,HLTP,BM(Bar),Streatham distance [?]
June,to,SEB,NYPL(B),To go on with Mrs Lambert
40 p,to,SEB,NYPL(B),[?]
1 July,to,HLTP,NYPL(B),Have you no Quality yet my Dearest Madam [?]
5 July [1780],from,HLTP,NYPL(B),My dearest Miss Burney is very kind to be [?]
8 July [1780],to,HLTP,NYPL(B),So lost Dearest Madam! my prompt [?]
[11 July 1780],from,HLTP,NYPL(B),None when the Post be pleased to bring
[July 1780],from,HLTP,NYPL(B),And in my Letters please do they [?]
[July? 1780],from,HLTP,NYPL(B),My Dear Miss Burney shall have her Letter
13 Aug,from,Samuel Crisp,BM(Bar),I am quite glad to hear the Burneyan System
16 Aug [1780],to,HLTP,NYPL(B),This Letter goes by Signor Piozzi who has it [?]
18 [Aug 1780],from,HLTP,NYPL(B),Mr Burney must send my little Dear Tyo with
[Aug-Oct 1780],from,HLTP,NYPL(B),Tremble!!! O Presbyterians! O what indeed
5 Sept [1780?],from,Maria (Allen) Rishton,NYPL(B),I make no excuse for not sooner answering
SE pmk [1780],to,HLTP,NYPL(B),[?]
[28 Sept 1780],from,Samuel Crisp,BM(Bar),But a poor miserable Invaled as S.C. is
Oct-Nov [1780?],to,SEB,NYPL(B),as I say you will accept Merry Christmas [?]
[Oct 1780],from,HLTP,NYPL(B),Come to my dear Miss Burney! we have
3 NO pmk [1780],from,HLTP,NYPL(B),I write in the greatest hurry Imaginable & only
4 Nov [1780],to,HLTP,NYPL(B),Jobb said he w'd call — did he? he is not so
[Nov 1780],from,HLTP,NYPL(B),I never managed matters so adroitly before
1 Nov,to,SEB,NYPL(B),The Coach — the old Coach shall fetch my
13 Nov,from,Samuel Crisp,BM(Bar),[?]
18 Nov,from,Samuel Crisp,BM(Bar),If I was disappointed by your putting
[Nov 1780],to,Samuel Crisp,NYPL(B),I am at this Time at Home
28 Nov [1780],to,HLTP,Harv(H),Is Dearest Madam what a World Indeed! —
Nov? [1780],from,HLTP,NYPL(B),From sweet Letter drew the first Tours from my
Nov? [1780],from,HLTP,NYPL(B),I make no excuse for not sooner answering [?]
[Nov? 1780],from,HLTP,NYPL(B),I thank you a thousand Times for your kind
[Nov-Dec 1780],from,HLTP,NYPL(B),I am flirting with your Captain but must just
[Nov-Dec 1780],from,HLTP,NYPL(B),Jebb said he w'd call — did he? he is not so
[Nov-Dec 1780],from,HLTP,NYPL(B),How is the first Letter or Note I have written
[Nov-Dec? 1780],from,HLTP,NYPL(B),My Dearest Miss Burney will not be pleased to
20 Dec [1780],to,Henry Thrale,Ryl,Where I do tell you my dear Master but half
[20?] Dec,from,Gasparo Pacchierotti,Osb,From Lucopia they sent me a letter of yours
22 Dec [1780],from,HLTP,NYPL(B),Well! and what have I to say to my [?]
[1780],from,HLTP,NYPL(B),I am come to town partly to do some shop [?]
[1780],from,HLTP,NYPL(B),On this Day is our dear Master gone to
[1780],to,HLTP,NYPL(B),O dear! O dear — What can I say — well
[1780],to,HLTP,BM(Bar),How much do I long for more good news of
[1780-81],from,SEB,NYPL(B),I am extremely concerned at the reason w'
[1780-83],from,HLTP,Neve,My dear Creature's charming letter delights [?]
[1780-84],to,HLTP,Ryl,I am quite delighted at this sweet hint & [?]
[1781],from,HLTP,Wms,As I went Yesterday I stop'd to read Hyder [?]
[1781],from,HLTP,BM(Bar),Well! and what have I to say to my [?]
[1780],from,HLTP,NYPL(B),[?]
[1780],from,HLTP,NYPL(B),Mr Hutton presents his Compliments to Miss [?]
10 Jan [1781],from,SEB,BM(Bar),Friday Jan' 19th Yesterday was the Queen's
19 Jan [1781],from,HLTP,NYPL(B),On Wednesday Evening did I go to Town
22 Jan [1781],from,HLTP,BM(Bar),to select Dearest Madam I do begin to
[post 22 Jan 1781],from,HLTP,BM(Bar),It was had not yet written just as you did
23 Jan,from,HLTP,NYPL(B),I write to Mrs. Thrale myself about your [?]
[28] Jun [1781],from,HLTP,NYPL(B),[?]
30 Jan [1781],from,HLTP,BM(Bar),My Dearest Madam this is a disappointment
Jan-Apr 1781,to,HLTP,BM(Bar),I regret that the people know their own good [?]
[1781],to,SEB,NYPL(B),just beginning to feel a little languid
[1781],to,HLTP,NYPL(B),God bless you my Dearest Madam! — I think
3 Feb [1781],to,SEB,NYPL(B),The very good & sweet for accepting my
3 Feb [1781],from,SEB,Osb,My dear lovely Burney cannot be too much
[Feb 1781],from,HLTP,BM(Bar),What it become of our dear little Burney
8 Feb [1781],to,SEB,NYPL(B),This message have two sweet & most
8 Feb [1781],from,HLTP,NYPL(B),You might me softly my dear Girl with charming [?]
10 Feb [1781],from,SEB,BM(Bar),Saturday Feb' 10th M' & M'rs Hoole drinks tea
[5 Feb 1781],from,HLTP,BM(Bar),This Monday Dick Burney tells me how
13 Feb [1781],from,HLTP,Wms,works & so pretty hard — it is a new
14 Feb [1781],to,HLTP,Ryl,What and I do for another Heart to give you
[10 Feb 1781],to,CB SEB & CAB,NYPL(B),I am glad we got wonderfully better & mean to be [?]
20 Feb [1781],to,SEB,NYPL(B),Source was I got over the Common before
Feb [1781],from,HLTP,NYPL(B),It was just [?]
20 [Mar 1781],from,HLTP,BM(Bar),I can perhaps now I am at a Distance
27 MR pmk [1781],from,Samuel Crisp,BM(Bar),Mrs has given me the utmost satisfaction
20 Mar,from,Samuel Crisp (with PS by CB),BM(Bar),You are a good soul and to trouble your head
[c Mar 1781],to,HLTP,Hyde,Sweeter than ever is my Dearest Mrs. Thrale
[1 Mar 1781],from,HLTP,NYPL(B),I was quite to the my dearest [?]
[post 1 Apr 1781],to,SEB,NYPL(B),[?]
[3-4 Apr 1781],from,Sophia Streatfield,BM(Bar),Old Dearest Fanny — our Dear Master [?]
4 Apr [1781],to,SEB,NYPL(B),I am in Highness to Mr Scruse write to me &
[Apr 1781],to,Samuel Crisp,NYPL(B),What shall I tell you Tyo! what! but that
5 Apr,from,James Hutton,NYPL(B),Yesterday was my dear little Louisa's Birthday
[5 Apr 1781],to,SEB,NYPL(B),I by to hide myself; Brighthamstone is the
6 Apr [1781],to,SEB,NYPL(B),I would I had some Commission some Business
8 Apr,to,HLTP,NYPL(B),My Dearest Burney's Letter was doubly
8 Apr,to,SEB,NYPL(B),I can give you no Commission Dear [?]
9 Apr [1781],from,SEB,NYPL(B),How warmly & unexpectedly consoling to me
10 Apr,from,HLTP,NYPL(B),My dear lovely Tyo let hay be now forgiven
18 Apr,from,Gasparo Pacchierotti,Osb,What astonishingly an Effect has made on me
18 Apr,from,HLTP,NYPL(B),Oh Tuesday sent my little Dear Tyo with
20 Apr [1781],from,HLTP,NYPL(B),Wish my sweet Tyo! & how go things at the [?]
[22 Apr],from,HLTP,NYPL(B),I will send for my Tyo o'Tuesday 24 y' a
23 Apr [1781],from,HLTP,NYPL(B),I believe you did misunderstand me my D [?]
25 Apr [1781],to,Samuel Crisp,NYPL(B),Have you not my dearest Daddy sought
31 May-5 June [1781],to,HLTP,NYPL(B),How precisely have you forestated my answer
[May? 1781],from,HLTP,NYPL(B),With infinite Difficulty and long Delay the
[May-Aug 1781],from,HLTP,NYPL(B),Now Clarinda these then save this little Footage [?]
May-Aug [1781],from,HLTP,NYPL(B),see all my Dear little Tyo be delighted —
[May-Aug [1781]],from,HLTP,NYPL(B),Sir Richard Jobb breakfast here today and I
[May-Aug 1781],from,HLTP,NYPL(B),That Kats & Presho have had another Battle
[May-Aug 1781],from,HLTP,NYPL(B),my dear Tyo to have more [?]
[Aug-May 1781],from,HLTP,NYPL(B),now do write my Tyo to Crutchley's Man [?]
[May 1781],from,HLTP,BM(Bar),Harshly said? — no Dearest Madam never
[May-20 June 1781],from,Gasparo Pacchierotti,Osb,[?]
[c 10 June 1781],to,SEB,BM(Bar),I have already written you my Dearest Tyo [?]
[14]-28 June,from,HLTP,NYPL(B),I found Dr Johnson in admirable good
20 June [1781],from,HLTP,NYPL(B),I saw off a most sad meow [?] my Dearest
28 June,from,SEB,BM(Bar),The waiting for those long expected letter
16 July,to,SEB & CAB,NYPL(B),I will give you all the scraps into
[8 July 1781],from,SEB,NYPL(B),I assure you much better though I must
9 July,from,HLTP,NYPL(B),I pray let these books be given for the
12 July [1781],to,SEB,NYPL(B),Why is there such another Watch! —
15 Aug [1781],from,Samuel Crisp,BM(Bar),Do you believe me when I assure you
[18 Aug 1781],from,HLTP,NYPL(B),Wretched doings Ma'am! — 
20 Aug [1781],to,HLTP,NYPL(B),Harshly said? — no Dearest Madam never
25 Aug-3 Sept,to,SEB & CAB,NYPL(B),My Paper Journal is now so in arrears
25 Sept,to,SEB,NYPL(B),I am you will think me a long Time my
[Aug? 1781],from,HLTP,NYPL(B),I thank you heartily my dearest Susy for your
[Aug? 1781],to,SEB,NYPL(B),Your Journal Letter was very entertaining
[Aug? 1781],to,SEB,Hyde,I was so shocked at the sight of Jacob
[Aug-Nov 1781],from,HLTP,NYPL(B),You know my ridiculous Whim of fearing &
9 July,from,Samuel Johnson,NYPL(B),Pray let these books be given for the [?]
1 p 8vo,from,HLTP,NYPL(B),I need not to have dreaded my [?]
[Mar-May 1782],from,HLTP,NYPL(B),[?]
[?] 53 pmk,from,HLTP,NYPL(B),No my sweetest Soul I only come for Park [?]
[post 4 Apr 1782],from,HLTP,NYPL(B),My dearest Burney will see that I did [?]
[5 AP] pmk [1782],from,Samuel Crisp,NYPL(B),Heartily do I thank you my ever dear Daddy
6 AP pmk [1782],from,Samuel Crisp,NYPL(B),— some one or — 56 weeks of Genius
[11 Apr 1782],to,HLTP,BM(Bar),So then I had I answered the last Letter
[30 Apr 1782],from,HLTP,NYPL(B),My Eyes swell with reading & crying
[Apr 1782],from,HLTP,NYPL(B),& I do let me see my Love any more till we
[Apr? 1782],from,HLTP,NYPL(B),My precious Burney will wonder the I [?]
[Apr-Aug 1782],from,HLTP,NYPL(B),Well my dear Burney here is your little Friend
[Apr-Aug 1782],from,HLTP,NYPL(B),My ever! Burney must read this Book & bring [?]
[Apr-Aug 1782],from,HLTP,NYPL(B),Poor was a Puppy & wanted to be taking it
[Jan-Apr 1782],to,SEB,Ryl,I need not to have dreaded [?]
25 Feb [1782],from,Samuel Crisp,NYPL(B),I send you & Dearest Madam my third
[Feb-Apr 1782],from,HLTP,NYPL(B),I really am immensely hurt to think that my [?]
[Feb-Apr 1782],from,HLTP,NYPL(B),I shall bury your tender Spirits for God's
[Feb-Apr 1782],from,HLTP,NYPL(B),O! Tuesday I will send for my sweet Burney
[Feb 1782],from,HLTP,NYPL(B),I will wait for my sweet Burney [?]
[Feb 1782],to,SEB,NYPL(B),Well at last God's a wondrous night but I
[Feb 1782],to,SEB,NYPL(B),Oh my dear Daddy which do you [?]
19 Mar [1782],to,SBP [?],NYPL(B),I am in myself in continual disgrace [?]
[Mar 1782],from,HLTP,NYPL(B),I am in myself in continual disgrace [?]
[pmk May 1782],from,SEB,NYPL(B),Once since you left me Dearest Madam
[20 May?] [1782],from,HLTP,BM(Bar),Well I won't crush but you know I
[Mar 1782],from,HLTP,BM(Bar),Who in the world has a Daddy so kind
[May 1782],from,HLTP,NYPL(B),I desired a return of my most sincere thanks
[c 11 June 1782],from,HLTP,Osb,[?]
[June 1782],from,HLTP,BM(Bar),Dearest Madam I have written by the most [?]
[July 1782],from,HLTP,NYPL(B),And to the Dr left the care of [?]
[July 1782],from,HLTP,NYPL(B),At all my days dearest Susan my long
[July 1782],to,HLTP,NYPL(B),This dearest Madam for the sweet Words
[July 1782],to,SEB,NYPL(B),Else let me see my Heart yurn to see you my
[July 1782],from,SBP & CB,BM(Bar),I sent our sweet Susan better both in Health [?]
[July 1782],from,HLTP,NYPL(B),How I am dearest Madam & I know not when
[?] July,from,Gasparo Pacchierotti,BM(Bar),Rest rest of you Dearest Sir to spend
[30 July 1782],from,HLTP,NYPL(B),Well ever Burney I wrote your Father every
[July 1782],to,CB,NYPL(B),I congratulate you Sir upon my
[July 1782],from,CAB,PM(Bar),You will be pleased to hear from me encore [?]
[July 1782],from,HLTP,NYPL(B),[?] P J's real Sufferings but Cecilia's
[July 1782],from,HLTP,NYPL(B),My charming Burney & how sweetly you bring [?]
4 [Aug 1782],to,CB,BM(Bar),[?]
5 Aug,to,Samuel Crisp,NYPL(B),But now dearest Sir let me call
8 Aug,to,Samuel Crisp,NYPL(B),Many thanks dearest Daddy for your very kind
9 Aug,from,SEB,NYPL(B),I long to hear from you my dearest most
9 Aug,from,Francois Sastres,NYPL(B),I have been so much pleased and
12 [Aug 1782],from,HLTP,NYPL(B),My Heart so lightened by the
20 July,from,Edmond Burne [?],Comyn,I should feel myself according to Blame [?]
[post 5 Oct 1782],from,HLTP,BM(Bar),I rec'd two Letters last night very sweet ones
5 pmk Oct,from,Gasparo Pacchierotti,NYPL(B),You have no idea with what pleasure I received
16 Oct [1782],to,HLTP,Harv(B),I see indeed Dearest Madam begin to
18 [Oct 1782],from,HLTP,NYPL(B),I have welcomed your charming Letter my Love
[19 Oct 1782],from,HLTP,NYPL(B),Sweet & most kind are your Letters dearest
24 Oct [1782],to,HLTP,NYPL(B),If you have indeed our own Mrs Thr. Think [?]
[Oct 1782],from,HLTP,NYPL(B),Mr Phillip's three Weeks with us [?]
Oct-20 Nov,to,SBP,NYPL(B),In pursuance of my promise I will now begin
20 Sept [1782],from,HLTP,NYPL(B),The excessive & ceaseless hurry I have been in
30 pmk,from,HLTP,NYPL(B),[?]
OC pmk [1782],from,HLTP,NYPL(B),[?]
[Oct? 1782],from,HLTP,NYPL(B),Thanks ever dearest madam for the best
[Oct? 1782],from,HLTP,NYPL(B),Dear generous prudent faithful friendly
[17 Aug [1782]],to,SEB,NYPL(B),How welcome did your Letter make
[17 Aug 1782],to,SEB,NYPL(B),My Writing is very important my dearest Susy
[1? Aug 1782],to,SBP,NYPL(B),[?]
31 Aug [1782],from,SEB,BM(Bar),[?]
3 Sept [1782],to,SEB,NYPL(B),[?]
[Sept 1782],from,HLTP,NYPL(B),I suspect; at times Burney [?]
10 [Sept 1782],from,HLTP,NYPL(B),I August Sept the makers &
14 Sept [1782],to,SEB,NYPL(B),oh what a Week before my departure
18 Sept,from,Thomas Lowndes,Comyn,[?]
24 Apr [1775],from,James Hutton,BM(Bar),[?]
3 Nov,to,CB,NYPL(B),How good sweet & most kind is my beloved
8 Nov,to,CB,NYPL(B),[?]
11 SE pmk [1781],to,CB,Osb,[?]
15 SE pmk [1781],to,Samuel Crisp,NYPL(B),I intend sending you a Letter on
[21 Sept 1781],to,SEB,NYPL(B),Though I now hope so very much & yet
21 Sept [1781] copy,to,SEB,NYPL(B),conclusion of a Letter to SEB
21 Sept,from,Samuel Crisp,BM(Bar),Before I take any Notice either of your Journal
25 Sept [1781],from,Samuel Crisp,BM(Bar),Her preserve & love ours my dearest Daddy
2 Oct [1781],to,Samuel Crisp,BM(Bar),I will not wait to tell you wish to hear how
3 Oct [1781],to,SEB,NYPL(B),At 5 here so often been behind hand with your
Oct,to,SEB & CAB,NYPL(B),This last something the Instant I entered
10 Nov [1781],from,HLTP,BM(Bar),What more bleeding more «dalliance»? still [?]
[Oct-Nov 1781],to,SEB,NYPL(B),Saturday Evening Mr & Mrs Thrale took
8 NO pmk [1781],from,Samuel Crisp,NYPL(B),Since Peace is proclaimed & I am got one
22 Nov,from,Samuel Crisp,BM(Bar),I imagine I have found out the Cause — or
[post Nov 1781],to,SEB,NYPL(B),I have now an opportunity to write a Folio
19 Nov,from,Gasparo Pacchierotti,Osb,I dare say that is some Jolliness [or] In—
25 Nov [1781],to,HLTP,NYPL(B),Just now have I read Letters from my best b[?]
26 Nov,from,HLTP,NYPL(B),You are the best Creature [?] I must love my
[Nov 1781] mutilated,from,Samuel Crisp,BM(Bar),he [?several] Philip pp
25 Sept [1781],from,HLTP,NYPL(B),[?]
28 Nov,to,HLTP,BM(Bar),I dare say that it is some Jolliness [?]
[1781],to,SEB,NYPL(B),I was not a kind good you are to write to [?]
[1781],from,HLTP,BM(Bar),Thanks for your charming Letter — but
[1781],from,HLTP,NYPL(B),who be considered that your present work [?]
[1781?],from,HLTP,NYPL(B),Madam pardon me that I belong to [?]
[1781?],from,HLTP,NYPL(B),My Dearest Madam Alice — & yet not with [?]
[1781?],from,HLTP,Ryl,The rest and I Dearest Madam et this [?]
[1781?],from,HLTP,NYPL(B),This poor port is more tormenting than ever
[1781],from,HLTP,Hyde,I fond it all at House well & d to 1 in good
[1781?],from,HLTP,NYPL(B),You are a clever Creature indeed — & so kind
2 Dec [1781],to,HLTP,NYPL(B),Write to you dearest Madam? — How must [?]
[3 Dec? 1781],from,HLTP,BM(Bar),Monday night Dec' 3 I have just finished
7 Dec [1781],to,HLTP,NYPL(B),I don't know what to say! — I don't know whe
8 Dec [1781],from,HLTP,NYPL(B),Thanks dearest Burney I waited for you
10 Dec [1781],from,HLTP,NYPL(B),And to Mrs Shirley Captain Phillips' not [?]
13 Dec [1781],from,HLTP,NYPL(B),I have got Mr' Johnson home at last so the
16 Dec [1781],to,HLTP,NYPL(B),And continue still I say — but not dare
1 Dec,from,Catherine Coussmaker,NYPL(B),And could you imagine my Dear Miss Burn[ey]
5 D[c pmk [1781],from,SEB,BM(Bar),called here twice to Day & as usual was
[5 Dec],to,Samuel Crisp,NYPL(B),Exchequer of the high entertainment
24 Dec,from,Samuel Crisp,NYPL(B),I have just read Evelina over again
[7-19 Dec 1781],from,HLTP,NYPL(B),What new purposes are we all aff — my
[20 Dec 1781],to,HLTP,NYPL(B),I was bid again today for Sir Richard
[Dec 1781],from,HLTP,NYPL(B),I have been off all & it's nothing to say
[Dec 1781],from,HLTP,NYPL(B),[?] is a best a kind & good you are to write to
[1781],from,HLTP,BM(Bar),who be considered that your present wish
[1781?],from,HLTP,NYPL(B),Thanks for your comique Letter —
[c 1781],from,HLTP,NYPL(B),I have by chance heard a most affecting
8 AU pmk [1781-82],from,HLTP,Wms,Three words I have promised my my [?]
[1781-86],from,Henrietta Maria (Banister) North,NYPL(B),[?]
[pre 1782],from,Dorothy (Gregory) Alison,NYPL(B),I did not know that Mr M- had asked you for
[1782],to,HLTP,NYPL(B),my dearest Tyo has had charming Weather &
[1782?],to,HLTP,NYPL(B),[?]
[1782],from,HLTP,NYPL(B),I believe dearest Madam I shall surely see
[1782],from,HLTP,NYPL(B),Yesterday by the Pennypost I answered your
[1782],from,HLTP,BM(Bar),Thanks for your charming Letter — but
[1782],from,HLTP,NYPL(B),Thanks for your comique Letter [?]
[1782],from,CAB,NYPL(B),No room for a line but in the Frank to think [?]
[1782],from,CAB & CB,BM(Bar),Brent at Chiswick & I have made him leave
[1782],from,Hannah More,Comyn,[?]
[1782],to,SBP,NYPL(B),I plan [?] Town late to night [?]
[1782],from,HLTP,NYPL(B),That I wish most heartily for your two
[1782],from,HLTP,NYPL(B),I should have been quite as bad at Miss Thr [?]
[1782],from,HLTP,NYPL(B),If Mr' Mr Sweetness took it [?]
[15 Dec 1782],to,SBP,NYPL(B),[?] it's a pantsbox — Margt does not
Dec receipt,to,Payne & Cadell,NYPL(B),rec'd of Messrs Payne & Cadell Fifty Pounds
[Dec 1782],to,SBP,NYPL(B),A merry Christmas to you my Susy — my
[1782],from,Elizabeth (Robinson) Montagu,NYPL(B),I know gracious & tenderness of your heart
[1782],from,HLTP,NYPL(B),to the Harrells on?
[1782],from,HLTP,NYPL(B),Why what a foolish Fellow that Other Man of
1 Nov,from,HLTP,NYPL(B),You have no idea with what pleasure [?]
[8 Nov 1782],to,HLTP,BM(Bar),[?]
Nov [1782],to,HLTP,NYPL(B),How sweet are the Letters you write Dearest
[Nov 1782],from,HLTP,NYPL(B),it's a baby's Door without being upon the
[Nov 1782],from,HLTP,NYPL(B),My dearest shall have the Coach at 3 o'clock
Nov-Dec 1782,from,HLTP,NYPL(B),I let you come home from that sweet seducing
[Nov-Dec 1782],from,HLTP,NYPL(B),Tis my Creature that I love in any degree of
[1782-3 Jan 1783],from,HLTP,NYPL(B),Tell me dear Creature how you got home
54 p,to,SBP,NYPL(B),[?]
[1782],from,HLTP,NYPL(B),How sorry am I Dearest Madam to have you [?]
[1782-83],from,HLTP,NYPL(B),[?]
25 Dec [1782],from,HLTP,NYPL(B),Tell me dearest Creature how long you [?]
[Dec 1782],from,HLTP,NYPL(B),All goes well my dearest Creatures I have had [?]
[1782],from,HLTP,BM(Bar),No room for a line but in the Frank to think [?]
[1783-80?],from,SBP,NYPL(B),I am sure on my part
[1783-86?],from,HLTP,NYPL(B),I had turned off upon her beginnings
[1783-86?],from,HLTP,NYPL(B),It was really a singular notion of Miss
[1783-86],from,Hester (Maria) Chapone [?],NYPL(B),I find Mrs Pepys had [?] wrapped you into [?]
[1782-86],from,Elizabeth (Robinson) Montagu,NYPL(B),Mrs Montague [premiums?] Montagu
[1782-86],from,Henrietta Maria (Banister) North,NYPL(B),I have a Box for Monday & still hope
[1782-86],to,Charlotte P [?],NYPL(B),I will once to you my Dearest Miss Cambridge
17 Jan [1783],from,HLTP,NYPL(B),here is a Present such as I know my enimet [?]
[21? Jan 1783],from,HLTP,NYPL(B),Nothing but Mistaken — but you won't wonder
[23? Jan 1783],from,HLTP,NYPL(B),Dear little Selwin will bring me the Mony in [?]
[20 Jan 1783],from,HLTP,NYPL(B),How dearest loveliest kindest Burney! now
[20 Jan 1783],from,HLTP,NYPL(B),[?]
[Jan? 1783],from,HLTP,NYPL(B),not set my Love! not hear of me! with Concern
[Jan 1783],from,HLTP,NYPL(B),is your Complaint easier? & is your
[Jan? 1783],from,HLTP,NYPL(B),from dearest Burney "come into the Wessel [?]"
[Jan 1783],from,HLTP,NYPL(B),I have seen my sweetest loveliest Friend
1 Feb [1783],from,HLTP,NYPL(B),I'll go have been to find you a very
3-4 Feb [1783],from,HLTP,NYPL(B),how could you let me down my
[4-9? Feb 1783],from,HLTP,NYPL(B),the best I believe is for me to [?]
[6 Feb 1783],from,HLTP,NYPL(B),I am little easier my dearest and poor
[6?] Mar [1783],from,HLTP,NYPL(B),My sweet Burney will say the last Words of
25 Mar,to,SBP,BM(Bar),I think you heartily my dearest Girl for your [?]
[Mar? 1783],from,HLTP,NYPL(B),All goes & I think about what I can most
[Mar 1783],from,HLTP,NYPL(B),in despite of Maids & Moppets in despite of
12 Feb [1783],from,HLTP,NYPL(B),I am better today though the night was terrible
[14 Feb 1783],from,HLTP,NYPL(B),My Dearest Creature not quite says she —
post 14 Feb [1783],from,HLTP,NYPL(B),Come do this Morng loveliest Burney;
24 Feb,to,SBP,NYPL(B),How sorry I have been my sweetest Susy
[Feb? 1783],from,HLTP,NYPL(B),Wednesday I have misplayed my Days
[Feb? 1783],from,HLTP,NYPL(B),I am little easier my dearest and poor
2 Feb [1783],from,HLTP,NYPL(B),to pester you with Letters
[Feb 1783],from,HLTP,NYPL(B),I forget loveliest Burney why what
5-10 Feb [1783],from,HLTP,NYPL(B),Neither Lantions nor Forgetfulness that
[Mar 1783],from,HLTP,NYPL(B),My dearest Burney wishes to hear how I do &
