lot,title,author,volumes,date_published,format_section,buyer,price
1,"Magazines and Reviews, various, a bundle of",,,,"First Day - Octavo",Smith,2-6
2,"Odd Volumes (English), a parcel of",,,,"First Day - Octavo",W Mag[?],10-0
3,"Odd Volumes (French), 8vo, a parcel of",,,,"First Day - Octavo",Smith B,10-6
4,"12mo, a parcel of",,,,"First Day - Octavo",a[?] Mag[?],[?]
5,"Pamphlets (Medical), a parcel",,,,"First Day - Octavo",Smith B,5-6
6,"Pamphlets (Poetical), a bundle",,,,"First Day - Octavo",Smith B,9-0
7,"Pamphlets (Religious), a bundle",,,,"First Day - Octavo",Smith B,[?]
8,"Pamphlets (French, Italian, &c.), a bundle",,,,"First Day - Octavo",Burney,11-6
9,"Pamphlets (Political and Miscellaneous), a large bundle",,,,"First Day - Octavo",Sheldon,3-0[?]
10,"School Books, (various) a parcel",,,,"First Day - Octavo",White,3-0
11,"School Books (Grammatical), a parcel",,,,"First Day - Octavo",,
12,"Account of the Conduct of the Dowager Duchess of Marlborough",,,,1742,"First Day - Octavo",White,1-0
13,"Addison's (Joseph) Miscellaneous Works, 4 vol.",Addison,4,1726,"First Day - Octavo",Christie,4-6
14,"Adventurer (The), 4 vol.",,4,1756,"First Day - Octavo",Powell,[?]
15,"Adams' (John) Modern Voyages, 2 vol.",Adams,2,1790,"First Day - Octavo",Pearce,3-0
16,"Aeliani Historia",,,1599,"First Day - Octavo",Pearce,6-0
17,"Aeschylus, Gr. et Lat. ap Foulis, Glasg.",,,1746,"First Day - Octavo",Guthrie[?],3-0
18,"Aeschylus, translated by Potter, 2 vol.",,2,1779,"First Day - Octavo",Powell,12-6
19,"Aesopicarum Fabularum Delectus, Gr. et Lat. Oxon.",,,1698,"First Day - Octavo",,
20,"Agrippa's Vanity of Arts and Sciences",,,,1676,"First Day - Octavo",W Mason[?],3-0
21,"Aikin's (J.) Poems",Aikin,,1791,"First Day - Octavo",Pearce,1-6
22,"Aikin's (J.) Essay on Song Writing",Aikin,,,,"First Day - Octavo",Sheldon[?],[?]
23,"Aikin's Annual Review for 1802",Aikin,,,,"First Day - Octavo",,
24,"Akenside's (Mark) Poems",Akenside,,1772,"First Day - Octavo",Charles,4-0[?]
25,"Alembert (M. d') Eloges des Membres de l'Academie Francaise",d'Alembert,,1779,"First Day - Octavo",[?],[?]
26,"Alembeit 6 tom.",,6,,[?],"First Day - Octavo",Griffiths[?],2-0[?]
27,"Alembert (D') sur la Destruction des Jesuites en France",,,,1768,"First Day - Octavo",Priestley,4-0
28,"Algarotti, Opere, 8 tom.",Algarotti,8,1764,"First Day - Octavo",,
29,"Northampton, by Bridges",,,1779[?],"First Day - Octavo",,
30,"Essay on Painting",,,,[?],"First Day - Octavo",,
31,"Allen's Kitchen Garden",Allen,,,"First Day - Octavo",Powell,1-6[?]
32,"Almeloveen Opuscula",,,,"First Day - Octavo",Smith[?],[?]
33,"Alphonsus (Luigi) Opera Omnia, Occasioned [?]",,,1771,"First Day - Octavo",,4-0[?]
34,"Amaduzzi Macellinus, en Francais",,,,1769[?],"First Day - Octavo",,
35,"Ammianus, Gr. et ex., cum editione",,,1789,"First Day - Octavo",,
36,"Anacreon, Sappho, Bion, Moschus, and Musaeus' Works",,,,,"First Day - Octavo",Spinetto[?],[?]
37,"Ancharano Ponete, tradotte in Versi Toscani",,,,1804,"First Day - Octavo",,
38,"Annual Register, from the Commencement in 1758 to 1812",,,,1758-1812,"First Day - Octavo",,
39,"Annual Register (wanting 1769, 1774, 1780)",,,,"First Day - Octavo",,
40,"Anquetil Louis XIV, Conjure Bigot, 4 vol.",,4,,"First Day - Octavo",Boone,[?]
41,"Anstey's Pleader's Guide, a Poem",,,,,"First Day - Octavo",Powell,[?]
42,"Answer to Lord Bolingbroke's [?]",,,,"First Day - Octavo",,
43,"Anti Jacobin Review, from July 1798 to April 1801",,,,1798-1801,"First Day - Octavo",,
44,"Antiquario Fiorentino o sia Guida della Citta di Firenze",,,1765,"First Day - Octavo",Boone,[?]
45,"Antinori Commessioni Italienne et Constantini Maitre Toscane",,,,"First Day - Octavo",,
46,"Antonio (Marc) Reflexiones Morales, par Dacier, 2 tom. en 1",Antonio,2,,"First Day - Octavo",Boone,[?]
47,"Antoninus' Meditations, by Graves",,,,[?],"First Day - Octavo",Priestley[?],[?]
48,"Apollodorus, by Fawkes",,,1760,"First Day - Octavo",[?],[?]
49,"Apophthegms of the Ancients, 3 vol.",,3,,"First Day - Octavo",Christie[?],[?]
50,"Apparato e Festo nelle Nozze della Signor Duca di Firenze",,,,"First Day - Octavo",Bindly[?],5-0
51,"Apulei Opera Omnia",,,1623[?],"First Day - Octavo",Guthrie[?],6-0
52,"Appier Metamorphoses ou l'Ane d'Or, 2 tom. planches",,2,1707,"First Day - Octavo",Powell,[?]
53,"Aratus, Gr.",,,1672,"First Day - Octavo",,5-0
54,"Aratus, Ital. et Latin",,,,1672[?],"First Day - Octavo",,
55,"Arbuthnot's (Dr.) Miscellaneous Works, 2 vol.",Arbuthnot,2,1751,"First Day - Octavo",White,[?]
56,"Arbuthnot, Essay on the Nature of Aliments",Arbuthnot,,1731,"First Day - Octavo",Boussey[?],[?]
57,"Argeus (Marquis d') Histoire de l'Esprit Humain, 3 tom.",d'Argeus,3,1765,"First Day - Octavo",,
58,"Argenteau (Comte de) Traitement Politique, 2 tom. en 1",d'Argenteau,2,1798[?],"First Day - Octavo",Orace[?],[?]
59,"Ariosto Cassaria, Comedia",Ariosto,,1546,"First Day - Octavo",Pearce,2-0
60,"Ariosto in London, Comedia",Ariosto,,1608[?],"First Day - Octavo",,
61,"Ariosto in Satiren, Comedia etc. et J. Sappone Comediae Curiose",Ariosto,,,"First Day - Octavo",White,1-6
62,"Ariosto, Orlando Furioso, il Negromante, etc.",Ariosto,,1719,"First Day - Octavo",Rosse[?],2-0
63,"Ariosto, Orlando Furioso, 4 tom.",,4,1730[?],"First Day - Octavo",White,7-6
64,"Ariosto, Rime",,,,1719[?],"First Day - Octavo",Challis[?],[?]
65,"Ariosto Roland Furieux en Francois",,,,[?],"First Day - Octavo",Priestley[?],[?]
66,"Ariosto Roland Furieux, a Heads, 8 vol. plates",,8,1777[?],"First Day - Octavo",Bristle[?],[?]
67,"Ariostoo (Cr. de M Poeti, 5 vol. 16.o star elited",,,1790[?],"First Day - Octavo",,
68,"Ariosto, Opere, Gr. et Lat.",,,,,"First Day - Octavo",,
69,"Ariosto, (The) Poems, translated by R. St. P.",,,,,"First Day - Octavo",Chalmers[?],6-0
70,"Aristophanes, le Plutus, translated by Twining, 2 tom.",,2,1812,"First Day - Octavo",,
71,"Aristotle's (John) Miscellanies, 2 vol. in 1",,2,,"First Day - Octavo",,3-0
72,"Atterbury's (Bp.) Private Life of the Romans, in Reeks",Atterbury,,1729[?],"First Day - Octavo",Chalke[?],[?]
73,"Arden's Historical Memorials of Westminster, by Reeks, 2v.",Arden,2,1729[?],"First Day - Octavo",,
74,"Archer Annual Register, 1799, 1800, 1, 2, 4",Archer,,1799-1800,"First Day - Octavo",Castler[?],[?]
75,"Archer (Arthur s') History of the Earth and Earths'",Archer,,1701,"First Day - Octavo",,
76,"Association Papers",,,,1792,"First Day - Octavo",,
77,"Association Papers",,,,,"First Day - Octavo",[?],[?]
78,"Asylum for Fugitive Pieces",,,,,"First Day - Octavo",Pearce,3-0
79,"Atti della Solenne Coronazione fatta in Campidoglio della",,,,,"First Day - Octavo",Wickham[?],[?]
80,"Insigne Poetessa Dna. Maria Maddolena Morelli Fernandez",,,,1779,"First Day - Octavo",Peachum[?],[?]
81,"Arrigoni (H. d') Memoires, 3 tom. en 1",d'Arrigoni,3,1672[?],"First Day - Octavo",,
82,"Augustini (S.) Confessions, par A. d'Andilly",Augustini,,1670[?],"First Day - Octavo",Guthrie[?],[?]
83,"Augustine's Confessions",Augustine,,1679[?],"First Day - Octavo",,
84,"Augustine's Meditations, by Stanhope",Augustine,,1672[?],"First Day - Octavo",,
85,"Aulus Gellius, translated by Beloe, 2 vol.",Aulus Gellius,2,1741[?],"First Day - Octavo",Broone[?],[?]
86,"Aulus Gellius' Grammar",Aulus Gellius,,,"First Day - Octavo",,
87,"Bielande and Jean's County Maps of England",,,,1791,"First Day - Octavo",,
88,"Baker's Friendly Administration to Parrots, engraved, revised",,,,1803[?],"First Day - Octavo",D'[?]oisy,3-0
89,"Baller's English, French, Latin, and German Dictionary",,,,1706[?],"First Day - Octavo",Pearce[?],[?]
90,"Baller des Enfans devons celebres par leurs Etudes",,,,1588[?],"First Day - Octavo",Pearce[?],[?]
91,"Baker Medialle Poetarum Reeumorum, Lat. and Engl.",,,,,"First Day - Octavo",Stuckley[?],[?]
92,"Baker's Mathematical Dictionary[?], 2 vol.",,2,,"First Day - Octavo",,
93,"Microscope made Easy",,,,,"First Day - Octavo",,3-0
94,"Ballet Ancien et Moderne, ou les Regles du Theatre",,,,1682,"First Day - Octavo",Stuckley[?],3-0
95,"Bannier's Mythology and Fables of the Ancients, 4 vol.",Bannier,4,1739[?],"First Day - Octavo",Hodgson[?],8-0
96,"Barcionum Onisio de Chevaleria",,,,,"First Day - Octavo",,
97,"Barclay[?] La Bat. opus Liber.",,,1729,"First Day - Octavo",Curtisie[?],[?]
98,"Baratier's Apology for the Quakers",,,,1708,"First Day - Octavo",White,[?]
99,"Baretti's Johnson, Speeches to J. Bowie, about his Edition of Don Quixote",Baretti,,1795[?],"First Day - Octavo",,6-2[?]
100,"Journey from London to Genoa, 4 vol. (vol. 3 wanting)",Baretti,4,1770,"First Day - Octavo",Brone[?],1-0
101,"Baretti's Italian Library",,,,,"First Day - Octavo",,
102,"Baretti, Scelti di Lettere Familiari, 2 tom.",,2,,[?],"First Day - Octavo",Byrd[?],[?]
103,"Baretti, Account of the Pygmies",Baretti,,,"First Day - Octavo",Poynton[?],[?]
104,"Baron's Pillars of Priestcraft Orthodoxy Shaken, 4v.",Baron,4,1709[?],"First Day - Octavo",,
105,"Barruel (Abbe) Histoire acrese[?] pendant la Revolution",Barruel,,,"First Day - Octavo",,
106,"Barruel's (Abbe) Memoirs of Jacobin, 4 vol.",Barruel,4,1798,"First Day - Octavo",Chapple[?],[?]
107,"Baroncssone Abranaments de Gli Antichi",,,,1668,"First Day - Octavo",,
108,"Bartoloque (Almanack) Memoires, 2 tom.",,2,,"First Day - Octavo",,
109,"Baviere (Max. Jos.) un nouveau Progres des Lettres Originales, 3",,3,1798[?],"First Day - Octavo",,
110,"Beccaria, 2 Gustatori Angustiarum Reeumorum et Britoniae[?]",,,,,"First Day - Octavo",,
111,"Boyle (Mr.) Lettres Choises, 3 tom.",Boyle,3,1714,"First Day - Octavo",,
112,"Miscellaneous Reflections, occasioned by the Comet which appeared in December 1680, 2 vol.",,2,,"First Day - Octavo",,
113,"Philosophical Commentary on Luke, Ch.",,,,,"First Day - Octavo",Bourmdey[?],[?]
114,"Bayle, 5 vol. 12mo",Bayle,5,,"First Day - Octavo",,
115,"Bayly's Introduction to Languages",Bayly,,1708,"First Day - Octavo",,
116,"Beattie's (Jas.) Poems",Beattie,,,"First Day - Octavo",Guthrie[?],[?]
117,"Essays on Poetry and Music, front.",Beattie,,,"First Day - Octavo",Mortlake[?],[?]
118,"Essay on Truth",Beattie,,,"First Day - Octavo",,
119,"Beaumarchais's Recherches sur les Theatres de France, 3 t.",Beaumarchais,3,1779[?],"First Day - Octavo",,
120,"Beaumont's Manual of Chemistry",Beaumont,,,"First Day - Octavo",,
121,"Beaumont and Fletcher's Works, 10 vol.",Beaumont and Fletcher,10,,"First Day - Octavo",,
122,"Beccaria on Crimes and Punishments",Beccaria,,,"First Day - Octavo",,
123,"Beckford's Account of the Island of Jamaica, 2 vol.",Beckford,2,1790,"First Day - Octavo",,
124,"Bembo (Petro) Prose",Bembo,,1793[?],"First Day - Octavo",,
125,"Bentobold's Essay to direct and extend the Inquiries of Patriotic Travellers, 2 vol.",,2,,"First Day - Octavo",,
126,"Bergier Elements Primitifs des Langues",,,,1764,"First Day - Octavo",,
127,"Berlin et de Potsdam, Description des Villes de",,,,"First Day - Octavo",,
128,"Berni Orlando Innamorato, 3 vol.",Berni,3,,"First Day - Octavo",Priestley[?],[?]
129,"Berrier Physique des Cometes",,,,"First Day - Octavo",,
130,"Berniel (Marechal de) Memoires, 2 tom.",,2,1778,"First Day - Octavo",Henderson[?],[?]
131,"Budel abrege des Causes celebres et interessantes, 3 tom.",,3,,"First Day - Octavo",,
132,"Bettinelli del Centuasismo delle Belle Arti",,,,1769,"First Day - Octavo",,
133,"Biblia Sacra Latina, black letter, 7[?]al, Kerves Paris",,,1534[?],"First Day - Octavo",Bocksom[?],[?]
134,"Bibliotheca, Palientena",,,1790[?],"First Day - Octavo",,
135,"Croftoniana",,,,"First Day - Octavo",,
136,"Universalis Selecta",,,1783,"First Day - Octavo",Taylor[?],[?]
137,"Mediana",,,,"First Day - Octavo",,
138,"Farisiana",,,1754,"First Day - Octavo",,
139,"Pinelliana",,,1780,"First Day - Octavo",,
140,"Birch's Life of Henry Prince of Wales",Birch,,1760,"First Day - Octavo",Taylor[?],[?]
141,"Blackborne's Considerations on the State of the Controversy between the Protestants and Papists",Blackborne,,1702,"First Day - Octavo",Howe[?],9-0
142,"Blackstone's Abridgement of the Laws of England, Mh. edition",,,,,"First Day - Octavo",Priestley[?],[?]
143,"Law Tracts, 2 vol.",,2,1762[?],"First Day - Octavo",Priestley[?],[?]
144,"Johnson's (Samuel) Works, portraits, 4 vol.",Johnson,4,1777,"First Day - Octavo",Davenport[?],12-6
145,"Aeschylus, translated by Potter",,,,1809[?],"First Day - Quarto",Guthrie[?],4-0
146,"Apparato per la Giustia[?] in la Piazza di San Pietro",,,,"First Day - Quarto",Pearce,4-0[?]
147,"Agostini (Leonardo) Gemme Antiche, ed illuminato di Tutti i Tuoni ed [?]",,,,,"First Day - Quarto",Guthrie[?],[?]
148,"Ainsworth's (Robt.) Latin and English Dictionary, by Pig[?]",Ainsworth,,,"First Day - Quarto",Guthrie,19-0
149,"4 vol. l. p.",,,,"First Day - Quarto",,13-0
150,"Alberti (L. B.) Descrittione di Tutta Italia, Fines",Alberti,,1577,"First Day - Quarto",White,[?]
151,"Almon's History of Warren[?], 2 vol.",Almon,2,1740[?],"First Day - Quarto",Otley[?],[?]
152,"Ainsti's (Jas.) English and American Dictionary, 2 vol.",Ainsti,2,1749[?],"First Day - Quarto",,
153,"Amel's[?] Typographical Antiquities",,,,,"First Day - Quarto",Pearce,3-6
154,"Amsterdam Description de tous les Principaux Edifices",,,,1749,"First Day - Quarto",,
155,"Anacarsis translated by Moore, French",,,,,"First Day - Quarto",Whittaker[?],4-0
156,"Anson's (Lord) Voyage round the World, by Walter, large paper",Anson,,,"First Day - Quarto",Priestley,14-0[?]
157,"Anson's, (ditto) in a separate volume",Anson,,1748,"First Day - Quarto",,
158,"Arbuthnot's (John) Tables of Ancient Coins, Weights, and Measures",Arbuthnot,,1727,"First Day - Quarto",Powell,9-6
159,"Arbuthnot",,,,,"First Day - Quarto",Priestley,9-0
160,"Argument of the Pastoral of Florimene, with the Description of the Scenes and Intermedia, presented in the Hall at Whitehall on St. Thomas's Day, the 21st December",,,1635,"First Day - Quarto",,4-0[?]
161,"Arianna, London",,,1643[?],"First Day - Quarto",Jolley[?],[?]
162,"Arianna, Opera — Apoll. Pergani Conici — Theobaldi Sphae[?], a Barroco",,,,"First Day - Quarto",M Davis[?],[?]
163,"Ariost (Lud.) Orlando Furioso, Italian and English, by Huggins",Ariosto,,,"First Day - Quarto",White,1-[?]
164,"Aristotele Poetica, trad. per Castelvetro",Aristotle,,1570,"First Day - Quarto",Priestley[?],[?]
165,"Aristotle's Treatise on Poetry, by Twining",Aristotle,,1789,"First Day - Quarto",Priestley[?],[?]
166,"Aschine, Ethics and Politics, by Gillies, 2 vol.",Aschine,2,1790[?],"First Day - Quarto",Brice[?],[?]
167,"Ascham's (Roger) English Works",Ascham,,,"First Day - Quarto",Haworth[?],[?]
168,"by Bennet (no date)",,,,,"First Day - Quarto",Hewett[?],[?]
169,"Ayscough's (Sam.) Catalogue of the Manuscripts presented in the British Museum, 2 vol.",Ayscough,2,1782,"First Day - Quarto",Dawson[?],4-6[?]
170,"Baglione Vite de Pittori, Scultori, Architetti, ed Intagliatori",Baglione,,1733,"First Day - Quarto",,
171,"Bailly (J. S.) Histoire de l'Astronomie Ancienne, planches",Bailly,,,"First Day - Quarto",,
172,"Moderne, 3 tom.",,3,,"First Day - Quarto",Guthrie[?],4-18[?]
173,"Barc Traite de l'Astronomie Indienne et Orientale",,,,1787,"First Day - Quarto",,
174,"Baraga (Robert) Trageuntissimi",,,,,"First Day - Quarto",Traforth[?],[?]
175,"Barberini Poesi Philosophicae and Hintissima Artificiale Notantia[?]",,,,,"First Day - Quarto",Davis[?],4-10[?]
176,"Bede's History of the Church of England, by Stapleton",Bede,,1565,"First Day - Quarto",,
177,"Bell's (John) Travels from St. Petersburg to Severe Parts of Asia",,,,,"First Day - Quarto",Priestley,[?]
178,"Beaumarchais's Barberies on les Theatres de France",,,,1773[?],"First Day - Quarto",Garathy[?],[?]
179,"Bibliotheca (Cant.) Raccolta di Lettere",,,,"First Day - Quarto",Challis[?],[?]
180,"Biblia Hebraea, 2 Volumili et Junt.",,2,,"First Day - Quarto",,
181,"Bibliotheca est Novum Testamentum Graecorum",,,,1585,"First Day - Quarto",,
182,"Bibliotheca Literaria, being a Collection of Inscriptions, Medals, Dissertations, &c.",,,,"First Day - Quarto",Guthrie[?],9-6
183,"Black, (The) Fortress",,,,"First Day - Octavo[?]",,
184,"Laing (Sir Wm.) Commentaries on the Laws of",,,,,"First Day - Octavo[?]",Smith[?],[?]
185,"Blackwall's (A.) Sacred Classics, 2 vol.",Blackwall,2,1727,"First Day - Octavo[?]",,
186,"Blackwell's Memoirs of the Court of Augustus, 3 vol. l. p.",,3,,"First Day - Octavo[?]",Brunet[?],5-0
187,"Bligh's (Capt.) Voyage to the South Sea, charge, &c.",Bligh,,,"First Day - Octavo[?]",Bristly[?],5-0
188,"Narrative of the Mutiny on Board his Majesty's Ship Bounty, charts",Bligh,,,"First Day - Octavo[?]",Priestley[?],9-0
189,"Mutiny on Board his Majesty's Ship Bounty",,,,,"First Day - Octavo[?]",,
190,"Blount (Sir Tho.) Remarks upon Poetry",Blount,,1694[?],"First Day - Octavo[?]",W H Miller,1-6
191,"Boccaccio (G.) Decamerone, portrait",,,,1772,"First Day - Octavo[?]",,
192,"della Genealogia",,,1702[?],"First Day - Octavo[?]",,
193,"Bochart Geographia Sacra, maps",,,,,"First Day - Octavo[?]",Priestley[?],[?]
194,"Bossuet Histoire de la Declaration de l'Assemblie du Clerge de France 1682, 3 tom.",Bossuet,3,1740[?],"First Day - Octavo[?]",,
195,"Boswell's (J.) Life of Dr. Samuel Johnson, 2 v. part.",Boswell,2,1791[?],"First Day - Octavo[?]",Boswell[?],19-0
196,"Bacon (Roger) Opus Majus",Bacon,,1733,"First Day - Folio",M Davis,4-6
197,"Bacon's (Nath.) Discourses on the Laws and Government of England",Bacon,,1739,"First Day - Folio",Boone,3-0
198,"England History of the Reign of K. Henry VII. por.",,,1622,"First Day - Folio",Keep[?],7-6[?]
199,"(Lord) Historic of the Reigne of K. Henry VII. por.",,,,1622,"First Day - Folio",Ellsworth[?],7-6[?]
200,"trott, MS. notes",,,1625,"First Day - Folio",,
201,"Sylva Sylvarum, by Rawley",,,1639,"First Day - Folio",Priestley,5-0
202,"Bailey's (Nat.) Etymological English Dictionary",,,1736,"First Day - Folio",Priestley[?],[?]
203,"Baker's (Sir Rich.) Chronicle of the Kings of England",Baker,,1730,"First Day - Folio",Bridge[?],[?]
204,"Bale's (Bp.) de Scriptoribus Anglicis",Bale,,,"First Day - Folio",Priestley[?],[?]
205,"Ballo's House of Equity",,,,"First Day - Folio",Rodd,1-0
206,"Barnes (Joshua) History of K. Edward III.",Barnes,,1688[?],"First Day - Folio",D Burney,[?]
207,"Baroni (Card.) Annales Ecclesiastici, 12 t. Antv. 1589-1609",,12,1589-1609,"First Day - Folio",Guthrie[?],[?]
208,"Baron's (Isaac) Works, 2 vol.",Baron,2,1722,"First Day - Folio",Charles,1-0
209,"Bartoli (Pietro Santi) Colonna Trajana eretta dal Sanato, e Popolo Romano all' Imperatore Trajano Augusto nel suo Foro in Roma",Bartoli,,,"First Day - Folio",Charles,3-0
210,"Pitture Antiche del Sepolcro de Nasonii",,,,"First Day - Folio",Laing,9-0
211,"Bartozzi, con fig.",,,,,"First Day - Folio",D Haworth[?],1-13
212,"Baseggio, Crusca Provenzale",,,1680[?],"First Day - Folio",D Haworth[?],[?]
213,"Aesop's Fables, by l'Estrange",,,1692,"First Day - Folio",,
214,"Ammianus Marcellinus Valesii",,,,1681[?],"First Day - Folio",Syphon[?],2-0
215,"Ammianus Marcellinus, translated by Holland",,,,1609,"First Day - Folio",,6-0
216,"Appian traduit en Francois, par Philippe",,,,1603[?],"First Day - Folio",Fields[?],[?]
217,"Athenaeus, Gr. et Lat. Casauboni",,,1598,"First Day - Folio",Guthrie,9-6
218,"Augustini's (St.) Cite of God",,,,1620,"First Day - Folio",W H Miller,3-0
219,"Second Day - Octavo et Infra",,,,"Second Day - Octavo",,
220,"Blackwall's Inquiry into the Life and Writings of Homer",Blackwall,,1735,"Second Day - Octavo",Boone,3-0
221,,,,,1736,"Second Day - Octavo",Boone,3-6
222,",l. p.",,,,"Second Day - Octavo",,
223,"MS. note — for Laing",,,1735,"Second Day - Octavo",Laing,6-6
224,"Letters concerning Mythology",,,,1748,"Second Day - Octavo",,1-6
225,"Blair's (Hugh) Sermons, 4 v. 3 v. bound, v. 4 bds.",Blair,4,"1791, 94","Second Day - Octavo",Smith B,7-0
226,"Blanc (Mr. l'Abbe le) Lettres, 3 tom.",,3,1749,"Second Day - Octavo",Delakenne[?],6-0
227,"Blanchere Histoire d'un Jeune Homme pour servir d'Essais aux Peres et Meres, 3 tom.",,3,1775,"Second Day - Octavo",Falcherena[?],[?]
228,"Bleterie (Abbe de la) Vie de l'Empereur Julien",,,,1746,"Second Day - Octavo",Ogilvy[?],[?]
229,"Bletterie (Abbe) Miscellaneous Works",,,,1698[?],"First Day - Octavo",,
230,"Boccaccio Ancient Painters of Italy[?]",,,,1677[?],"Second Day - Octavo",,
231,"A. Marco [?], traduit en Francois, par M.",,,,,"Second Day - Octavo",Guthrie[?],[?]
232,"Boyle, Histoire de, 2 tom.",Boyle,2,1697,"Second Day - Octavo",,
233,"Boerhaave's Elements of Chymistry",Boerhaave,,1749,"Second Day - Octavo",,
234,"Boethii Consolationis Philosophia, cum notis Variorum",Boethius,,,"Second Day - Octavo",,
235,"Boileau's Oeuvres, 4 tomes",Boileau,4,,"Second Day - Octavo",,
236,"Bolingbroke's (Lord) Works and Life, 11 vol.",Bolingbroke,11,"1751, &c.","Second Day - Octavo",,
237,"Letters on Patriotism",,,,1749,"Second Day - Octavo",,
238,"Bologna, Le Pitture",,,,,"Second Day - Octavo",,
239,"Bolletti dell Origini dell Instituto delle Scienze di Bologna",,,,,"Second Day - Octavo",,
240,"Bonnycastle's Introduction to Astronomy, plates",Bonnycastle,,1786,"Second Day - Octavo",,
241,"Borghesi (Cav.) Nugarum Libri octo",,,,,"Second Day - Octavo",Stephens[?],5-0
242,"Borghesi Villa, Descrittione dei, con le Figure delle Statue",Borghesi,,1700,"Second Day - Octavo",,
243,"Bos (du) Reflexions sur la Poesie et sur la Peinture, 3 t.",du Bos,3,1733,"Second Day - Octavo",Sheldon[?],10-6[?]
244,"Bossu Traite du Poeme Epique, 2 tom. en 1",Bossu,2,1714[?],"Second Day - Octavo",,
245,"Bossut Recueil d'Oraisons Funebres",,,,,"Second Day - Octavo",Anderson[?],[?]
246,"Boswell's (Jas.) Account of Corsica, maps",Boswell,,1769,"Second Day - Octavo",,
247,"Life of Dr. Johnson, 4 vol. portrait",Boswell,4,1804,"Second Day - Octavo",,
248,"Bougard's Philosophical Amusement upon the Language of Beasts and Birds",Bougard,,,"Second Day - Octavo",,
249,"Burrus Poematta, Lat. et Eng.",,,,1749,"Second Day - Octavo",Guthrie[?],[?]
250,"Bowles' (Wm. Lisle) Spirit of Discovery, plates",Bowles,,1804,"Second Day - Octavo",,
251,"Boyse's (Saml.) Pantheon",,,,1704,"Second Day - Octavo",,
252,"Brandenbourg, Memoires de",,,,1750[?],"Second Day - Octavo",,
253,"Brantone (Pierre de) Oeuvres, 15 tom. (vol. 1 wanting)",Brantone,15,1740[?],"Second Day - Octavo",Delahenne[?],[?]
254,"Brognati (Pierre lo) Raccolta di Poesie di Excellenti Autori Toscani",,,,"Second Day - Octavo",,
255,"British Critic, from the Commencement in 1793 to January 1808-09 v. half bound, rest in Nos. (wanting April 1808)",,,1793-1808,"Second Day - Octavo",Shelldrake[?],5-6
256,"British Museum, Contents of",,,,,"Second Day - Octavo",,18-0
257,"British Empire in America, 2 vol. maps",,2,1741,"Second Day - Octavo",M Davis[?],[?]
258,"Brochures (Mr.) Melange, 2 tom.",,2,"1751, &c.","Second Day - Octavo",,
259,"Brown's (Sir Thos.) Christian Morals",Brown,,1716,"Second Day - Octavo",Combridge[?],[?]
260,"Browne's (T. G.) Hermes Unmasked, or the Art of Speech",Browne,,1795[?],"Second Day - Octavo",S Henderson[?],[?]
261,"Browne's (John) Estimate of the Manners and Principles of the Times, 2 vol.",Browne,2,1757,"Second Day - Octavo",,
262,"Brucier, du la Ville de",,,,1750,"Second Day - Octavo",Davies[?],[?]
263,"Bruzen (David de) Characters, 2 tom.",,2,1751,"Second Day - Octavo",,
264,"Bruckeri de Pedobaptismo Dorida",,,,,"Second Day - Octavo",,
265,"Burgess (Bp.) Christian Researches in Asia",Burgess,,,"1773, &c.","Second Day - Octavo",,
266,"Bourlay (Ed.) Extracts, 3 vol.",Bourlay,3,,"Second Day - Octavo",,
267,"Burke's (Ed.) Political Pamphlets and Speeches",Burke,,,"Second Day - Octavo",Parnoo[?],[?]
268,"Essay on the Sublime and Beautiful, 2 v.",Burke,2,1757,"Second Day - Octavo",,
269,"Page's Justice of the Peace, 4 vol.",Page,4,,"Second Day - Octavo",Charles[?],[?]
270,"Phillips (Hy.) History of his Own Time, 4 vol.",Phillips,4,1753[?],"Second Day - Octavo",,
271,"(Thos.) State of the Dead",,,,,"Second Day - Octavo",,
272,"Sacred Theory of the Earth, 2 vol. plates",,2,,"Second Day - Octavo",Ogilvie[?],[?]
273,"Burtkrit Archaeologiae Philosophica; sive Doctrina Antiquae de",,,,1729,"Second Day - Octavo",,
274,"Rerum Originibus",,,,,"Second Day - Octavo",Sheldon[?],[?]
275,"Butler's (Chas.) Horae Biblicae",Butler,,,"1797, 1809","Second Day - Octavo",,
276,"(Rev. Alban) Life",Butler,,1759,"Second Day - Octavo",Hodgson,[?]
277,"Analogy of Religion",Butler,,1791,"Second Day - Octavo",,
278,"(Saml.) Hudibras, with Notes by Grey, 2 vol. plates",Butler,2,,"Second Day - Octavo",Hodgson,[?]
279,"Hudibras, or Hudibrass, the 4th part",Butler,,1664[?],"Second Day - Octavo",,
280,"Byshe's Art of English Poetry, 4th edn",Byshe,,1710[?],"Second Day - Octavo",Ellis[?],[?]
281,"Caesaris Commentarius, translated by Duncan, 2 vol.",Caesar,2,,"Second Day - Octavo",Abel[?],[?]
282,"Cahusac sur la Danse Ancienne et Moderne, Haye",Cahusac,,,"Second Day - Octavo",Griffiths[?],[?]
283,"Caille (de la) Lecons Elementaires d'Astronomie",,,,,"Second Day - Octavo",,
284,"Callieres Histoire du Duc de Joyeuse Capuchin",,,,1759[?],"Second Day - Octavo",,
285,"Calmet, Natural and Civil History",,,,,"Second Day - Octavo",,
286,"Calmo (M. And.) Cherebizzi, Fenet. 1572 — Ambrosini",,,,,"Second Day - Octavo",,
287,"Lettere Amorose, Trieg. 1602 — Famigliarite delle Lettere",,,,"1572, 1602","Second Day - Octavo",Albert[?],6-0[?]
288,"Amorose, 1590 — Lettere, in 1 vol.",,,,,"Second Day - Octavo",,
289,"Colman's Plaisir de la France",Colman,,1788[?],"Second Day - Octavo",Charles[?],[?]
290,"Camillo (M.) Glories of Hope, plates",Camillo,,,"Second Day - Octavo",Sheldon[?],[?]
291,"Cambden & Freeholders, in Dialogues between an Englishman and a Frenchman, 2 vol.",,2,1777,"Second Day - Octavo",Dogwood[?],[?]
292,"Canal (Pierre) Dictionaire, Francois et Italien",Canal,,1611,"Second Day - Octavo",Heber[?],6-0[?]
293,"Cartier de Digrains, 2 tom.",,2,1702[?],"Second Day - Octavo",,
294,"Catii di Potentia Gloriosissi Ludmigirtin[?]",,,,1574[?],"Second Day - Octavo",,
295,"Casini Diversi pro festis et Dominicis Anni",,,,1702[?],"Second Day - Octavo",,
296,"Cartei's Professor, Select Pieces of Ancient Poetry",,,,1708[?],"Second Day - Octavo",,
297,"Capelli (Mart.) Satyricon",,,1599[?],"Second Day - Octavo",,6-2[?]
298,"Caplenas' History of the Belles Lettres, &c.",Caplenas,,,"Second Day - Octavo",,
299,"Cato (Annibali) Lettere Familiari",,,,,"Second Day - Octavo",,
300,"Cato (Geronima della) Rime Prime",,,,"Second Day - Octavo",,1-6
301,"Casati (Opiere) des Couleurs",,,,1610,"Second Day - Octavo",,
302,"Castigation (Baldi) de Conti",,,,,"Second Day - Octavo",,
303,"Connoisseurs sur Theologié de l'Empire passes",,,1638[?],"Second Day - Octavo",,
304,"Chai et Co.",,,,,"Second Day - Octavo",Davis[?],2-0
305,"Cav (Mr. Lat.) Traite de Toutes les [?]",,,,,"Second Day - Octavo",Green[?],[?]
306,"Catalogue of Michael Rysbrack's Prints, Drawings, Books of Prints, &c. bound",,,,,"Second Day - Octavo",,
307,"Catalogues, various, 3 vol. half bound",,3,1764,"Second Day - Octavo",,
308,"Catalogue of 500 Celebrated Living Authors",,,,1788,"Second Day - Octavo",Riddle[?],[?]
309,"by Richard Maitland, 2 parts",,2,,"Second Day - Octavo",Clarke[?],[?]
310,"Catalogue des Tableaux de la Galerie Electorale a Dresden, 2 tom.",,2,"1765, [?]","Second Day - Octavo",,
311,"Livres Graines Bibliotheca Dresden, Dresdae",,,,,"Second Day - Octavo",,
312,"Catalogues Librorum Juvenis-Marium Borgiani, England",,,,1738[?],"Second Day - Octavo",,
313,"Castiglione de la Fontaine",,,,,"Second Day - Octavo",,
314,"Casella Valleresam et Fortem, Gallia [?] et Fl.",,,,,"Second Day - Octavo",Guthrie,5-6
315,"Cattauldi Vegetariorum",,,,,"Second Day - Octavo",,
316,"Castelvetro Terminatori, traduite de Langue Francoise",,,,,"Second Day - Octavo",,
317,"Cancellaria, per Don Hieronimo de Acania, plates",,,,,"Second Day - Octavo",Silver[?],[?]
318,"Cellini's (Benvenuto) Life, a Florentine Artist, 2 vol.",Cellini,2,1771,"Second Day - Octavo",Priestly[?],[?]
319,"Censura Literaria, No. 1, 2, 3",,,,,"Second Day - Octavo",Shelldrake[?],[?]
320,"Conjures History of the Revolutions of Persia, 2 v.",,2,1740[?],"Second Day - Octavo",,
321,"Chalmer's Biographical Dictionary[?] of Great Britain",,,,,"Second Day - Octavo",London[?],[?]
322,"Chambers, Abridgment, Ragged des C.",,,,,"Second Day - Octavo",,
323,"Chapelle, Oeuvres, 3 tom.",,3,,"Second Day - Octavo",,
324,"Clarkson's Three Tracts on Bath Water",Clarkson,,,"Second Day - Octavo",,
325,"Claprona pour Livre de la Signora",,,,,"Second Day - Octavo",,
326,"Chambers on Weights, translated by Stanhope, 3 vol.",,3,1726[?],"Second Day - Octavo",Gorge[?],[?]
327,"Charters of the British Colonies in America",,,,,"Second Day - Octavo",Conacle[?],[?]
328,"Chen. Bank's (Lord) Letters de Mss, 4 v. port.",,,1774[?],"Second Day - Octavo",,
329,"Chaucer's Canterbury Tales, by Tyrwhitt, 5 vol.",Chaucer,5,,"Second Day - Octavo",Sandpike[?],[?]
330,"Chatel (Guid. Alt.) Ouvres, 2 tom.",,2,,"Second Day - Octavo",,
331,"Chatel de Genie Pastoral de Noel[?]",,,,,"Second Day - Octavo",Chaltiy[?],[?]
332,"Chubb's (Thos.) Tracts, 2 vol.",Chubb,2,,"Second Day - Octavo",,
333,"(Mr. Thos.) Posthumous Works, 2 vol.",,2,,"Second Day - Octavo",Priestley[?],[?]
334,"Cibber's (Colly.) Apology for his Life, port.",Cibber,,1740,"Second Day - Octavo",Priestly,4-7[?]
335,"Ciceronis Tusculanae Disputationes, Davisii",Cicero,,1709[?],"Second Day - Octavo",,
336,"Cicero de Officiis",,,,,"Second Day - Octavo",Boone,4-0[?]
337,"Lat. et Fr.",,,,"Second Day - Octavo",,
338,"Cicero's Offices, by Cockman",Cicero,,1769[?],"Second Day - Octavo",,
339,"Letters, by Melmoth, 3 vol.",Cicero,3,1768[?],"Second Day - Octavo",Davis,4-6[?]
340,"Cato and Laelius, by Melmoth, 2 vol.",Cicero,2,1773[?],"Second Day - Octavo",Charles,7-6
341,"Church (Nature of the Gods, by Francklin)",,,1775,"Second Day - Octavo",Davies[?],4-0[?]
342,"Cassandra, or the most Famous Orators, by Jones",,,,1777,"Second Day - Octavo",Guthrie[?],[?]
343,"Consonant Epistles, Fr. et Lat. 6 tom.",,6,,"Second Day - Octavo",Wyon[?],4-0[?]
344,"Coriella Lettere",,,1768[?],"Second Day - Octavo",Boone,6-0
345,"Goldsmith's (Oliver) Proceedings in the House of Commons",,,,1769[?],"Second Day - Octavo",,
346,"Craven (Lady Elizabeth)",,,,"Second Day - Octavo",Aglesto[?],2-6
347,"Scripture Doctrine of the Trinity",,,,1719[?],"Second Day - Octavo",Aglesto[?],2-6
348,"Discourse on the Rising and Affecting Religion",,,,1729,"Second Day - Octavo",,
349,"Clark[?]",,,,1728,"Second Day - Octavo",Bamet[?],[?]
350,"Goode (John) Essay upon Study",Goode,,,"1637, 1650","Second Day - Octavo",Ridser[?],3-6
351,"Gentleman",,,,1650[?],"Second Day - Octavo",,
352,"Christmas Poetic, Vita",,,,,"Second Day - Octavo",Lethbury[?],4-0[?]
353,"Clayton's Vindication of the Histories of the Old and New Testaments",Clayton,,1759[?],"Second Day - Octavo",,
354,"Clery Journal pendant la Captivite de Louis XVI, 2 v.",Clery,2,1798,"Second Day - Octavo",Babett[?],2-0
355,"Confinement of Louis XVII[?]",,,,,"Second Day - Octavo",,
356,"Collier's (Jeremy) View of the Immortality, &c. of the Stage",Collier,,,"Second Day - Octavo",Vomole[?],[?]
357,"Cleland's (Geo.) Dramatic Works, 4 v. (e. 1 wanting)",Cleland,4,1777,"Second Day - Octavo",Martin[?],9-0[?]
358,"Corneille Francaises, 3 tom.",Corneille,3,"1694, 1700","Second Day - Octavo",,
359,"Boyer's French and English Dictionary",Boyer,,1748,"Second Day - Quarto",Davis[?],[?]
360,"Bradley's Philosophical Account of the Works of Nature",Bradley,,1721,"Second Day - Quarto",Martin[?],6-6[?]
361,"Bret (Janes de) Theatre des Antiquites de Paris",Bret,,1639,"Second Day - Quarto",Ames[?],[?]
362,"Briscoux Traite sur l'Architecture, planches",,,,1733,"Second Day - Quarto",Martin[?],[?]
363,"Bruce's (Jas.) Travels to discover the Source of the Nile",Bruce,,,"Second Day - Quarto",Guthrie,5-0[?]
364,"Bruno Teatro de gli Universiti di Tutte le Cose, Napoli",,,,1693[?],"Second Day - Quarto",Traforth[?],[?]
365,"Buckingham's (Duke of) Works, 2 v. MS. additions",Buckingham,2,1753[?],"Second Day - Quarto",Taylor[?],4-6
366,"Buffon (Comte de) Histoire Naturelle, 18 t. planches, vol.",Buffon,18,1750[?],"Second Day - Quarto",Davis,5-0[?]
367,"Buonconseri (Reggio) Diario dall Anno 1498 all Anno 1512",,,1512[?],"Second Day - Quarto",Traforth[?],[?]
368,"Burgh's (J.) Dignity of Human Nature",Burgh,,1754,"Second Day - Quarto",Ogilvie,1-6[?]
369,"Burgoyne's State of the Expedition from Canada, maps",Burgoyne,,1780,"Second Day - Quarto",Priestley,4-0
370,"Burney's (Jas.) History of the Discoveries in the South Seas",Burney,,,"Second Day - Quarto",Payne,4-0
371,"3 vol. charts and plates",Burney,3,"1803, 6, 13","Second Day - Quarto",,
372,"Memoir of a Chart of the Coast of China",,,,,"Second Day - Quarto",Burney,6-0[?]
373,"&c. map",,,,1811,"Second Day - Quarto",D Haworth[?],9-6
374,"Buommattei della Lingua Toscana (o te[?] Piace)",,,1760[?],"Second Day - Quarto",Guthrie[?],[?]
375,"Bythneri Lyra Prophetica",,,,,"Second Day - Quarto",,
376,"Callis Ephemerides des Mouvemens Celestes depuis Annes 1755, jusqu'en [?]",,,,,[?],"Second Day - Quarto",,
377,"Cashiola de Libris Scientis Minorum et Tenniglioni [?]",,,,,"Second Day - Quarto",Hobbes[?],8-0[?]
378,"Communion Hymns, translated by Dodd",,,,1755,"Second Day - Quarto",Priestley[?],[?]
379,"Campbell's Lexiphanes, translated by Mickle",,,,1765,"Second Day - Octavo",Priestley[?],[?]
380,"Campbell's (Thos.) Pleasures of Hope, plates",Campbell,,1806[?],"Second Day - Octavo",Griffiths[?],[?]
381,"Camoens d'Ornela",,,,,"Second Day - Octavo",,
382,"Carli (S.) Miscellanea, port.",,,,1543[?],"Second Day - Octavo",,
383,"Carli (Count) (D.) Poems, plates; calf extra, marble leaves",,,,,"Second Day - Octavo",,
384,"Carte's (Thos.) Dissertation of [?] Welsh, letters",,,,,"Second Day - Octavo",Forster[?],7-6[?]
385,"Carte (H.) Persons, portrait",,,,,"Second Day - Octavo",,
386,"Cassiodori (M. Aurel.) Opera",,,,1017[?],"Second Day - Octavo",,
387,"Castiglione Cortegiano or the Courtier, Italian and English",,,,1562[?],"Second Day - Octavo",,
388,"Catalogue of the Portland Museum",,,,1786,"Second Day - Octavo",,
389,"Catalogue of the Earl of Oxford's Collection of Pictures, Greek and Roman Antiquities, Coins, Medallions, &c.",,,,,"Second Day - Octavo",Dobbin[?],[?]
390,"Catalogue of A. West's Collection of Medals, Medallions and Coins, in 1 vol.",,,,,"Second Day - Octavo",,
391,"Collection of King Charles the First's Capital Medals, also of Pictures, Limnings, Statues, Bronzes and other Curiosities, with Catalogue of King James's Pictures, &c. &c. and Catalogue of George Villiers, Duke of Buckingham's Pictures, &c. &c. in 1 vol.",,,,,"Second Day - Quarto",Dodd[?],3-[?]
392,"Catullus, Tibullus et Propertius, Delphini, 2 vol.",,2,"1741, 58","Second Day - Quarto",Charles,3-4[?]
393,"Cato (M.) de Re Rustica, Colon",Cato,,,"Second Day - Quarto",Traforth[?],[?]
394,"Chambers' (Sir Wm.) Dissertation on Oriental Gardening, plates by Bartolozzi",Chambers,,1772,"Second Day - Quarto",,
395,"plates by Bartolozzi — Walpole's Essay on Modern Gardening, Strawberry Hill, Fr. and Eng. — Sir W. Jones on the Arts — Observations on Warton's English Poetry — Turnbull's Three Dissertations on the Characters of Augustus, Homer, and Agrippa, plates",,,,,"Second Day - Quarto",Waller[?],4-0
396,"Chappelou's Commentary on the Book of Job, vol. 2",Chappelou,,1752,"Second Day - Quarto",Charles,2-6
397,"Charron on Wisdom",Charron,,1658[?],"Second Day - Quarto",Priestley,3-0
398,"Chartier (Alain) Oeuvres",Chartier,,1617,"Second Day - Quarto",Taylor[?],10-0[?]
399,"Chubb's Collection of Tracts",Chubb,,1730,"Second Day - Quarto",Ayrton[?][?],16-0[?]
400,"Churchill's (Charles) Poems",Churchill,,,"Second Day - Quarto",Boone,[?]
401,"2 vol. in 1",,2,1763,"Second Day - Quarto",,
402,"Clarendon's (Earl of) Brief View and Survey of Hobbes's Leviathan",Clarendon,,,"Second Day - Quarto",Boone,[?]
403,"Clarke's (Wm.) Connexion of the Roman, Saxon, and English Coins",,,,1772,"Second Day - Quarto",Guthrie[?],19-0
427,"Chronicles of the Roman, Saxon, and English Nations",,,,Second Day's Sale - Folio,[?],[?]
428,Authority of the Hebrew Bible Vindicated,,,1734,Second Day's Sale - Folio,White[?],0.6.0
429,Mosaic at Whitehall in the Jerusalem Chamber,,,1753,Second Day's Sale - Folio,M'Caulley[?],[?]
430,"Drunken Night, the Irish Fortunatus",,,1664,Second Day's Sale - Folio,James[?],[?]
431,Yearly Bills of Mortality from 1657 to 1749,,,1749,Second Day's Sale - Folio,Booker,0.5.0
432,"Comparison, by Calderon/ Lope de Vega, &c.",,,,Second Day's Sale - Folio,Charles,0.5.0
433,"Complete Holy Bible, in 1 vol.",,,1663,Second Day's Sale - Folio,[?],[?]
434,"(M.) Memoires pour Trois premieres Degrees",,,1781,Second Day's Sale - Folio,Walter[?],0.6.0
435,"Second Annual or a Frequency survey, containing Second and Third Voyages, &c.",,,1726,Second Day's Sale - Folio,Wallace[?],[?]
436,"a separate vol. for Antarctica, half bound",,,1810,Second Day's Sale - Folio,Anthell[?],[?]
437,"Second Voyage towards the South Pole, and round the World in 1772, 3, 4, 5; 2 vol. plates",,,1777,Second Day's Sale - Folio,Batchelor,0.7.6
438,Third Voyage to the Pacific Ocean; 3 vol.,,,1784,Second Day's Sale - Folio,Anthell,0.6.0 [?]
439,Casa illustrata di Milano,,,1836,Second Day's Sale - Folio,A.B.[?] Criger[?],[?]
446,"Bayle (Mr.) Oeuvres Diverses, 4 tom.",,,Haye 1727,Second Day's Sale - Folio,D.Y. Edwards[?],0.0.5
447,"Dictionnaire Historique et Critique, 5 tom.",,,1734,Second Day's Sale - Folio,Anthell,0.3.0 [?]
448,"Bede (S. Ven.) Historiae Ecclesiasticae Gentis Anglorum",,,Cant. 1644,Second Day's Sale - Folio,Christie,0.3.0
449,Bembo (Peri) Historia Veneta,,,Venet. 1551,Second Day's Sale - Folio,O[?]d[?]n,0.15.0 [?]
450,"Bergantini Dizionari di Tutte in Voci Scompra and Vocabilarii",,,1760,Second Day's Sale - Folio,Wilbraham[?],[?]
451,"se Unione della Croce",,,Firenz. 1700,Second Day's Sale - Folio,[?],[?]
452,"Bible (The Holy), with a Preface by Archbishop Cranmer, and the Genealogies, black letter",,,Barker Lond. 1578,Second Day's Sale - Folio,M'Caulley[?],[?]
453,"Biographia Britannica; or the Lives of the most Eminent Persons who have flourished in Great Britain and Ireland, 5 vol.",,,1778,Second Day's Sale - Folio,[?],[?]
443,"Blount's (Sir Francis) History of the Civil Warres of England between the two Houses of Lancaster and Yorke, 2 vol. in 1",,,1641,Second Day's Sale - Folio,Anthell,0.14.0 [?]
444,"Black (John) Chronology",,,1754,Second Day's Sale - Folio,Boswell[?],0.3.0
445,"Blomefield's (Fr.) History of Norfolk, by Parkin, vols. 1, 2, 3, and 5",,,1769,Second Day's Sale - Folio,James,0.2.0 [?]
446,Blount's Law Dictionary,,,1717,Second Day's Sale - Folio,Martin[?],0.1.0
447,Bocalini's Advertisements from Parnassus,,,1669,Second Day's Sale - Folio (p.14),[?],[?]
448,"Boccaccio's (John) Novels and Tales, portrait",,,1684,Second Day's Sale - Folio (p.14),M'Brydley[?],0.5.0 [?]
449,"Borlasse's (Wm.) Natural History of Cornwall, plates",,,1758,Second Day's Sale - Folio (p.14),A. Davis,0.6.0
450,"Brahe (Tycho) Astronomiae Instauratae Mechanica, plates, et Vitruvius de Architectura, in 1 vol.",,,1602-19,Second Day's Sale - Folio (p.14),Fonceton[?],[?]
451,Brown's (Sir Thos.) Works,,,1686,Second Day's Sale - Folio (p.14),[?],0.4.6 [?]
452,Enquiries into Vulgar and Common Errors,,,1686,Second Day's Sale - Folio (p.14),Bognell[?],[?]
453,"(Ed.) Travels in divers Parts of Europe, plates",,,1685,Second Day's Sale - Folio (p.14),Powell,0.10.6
454,"Buchanan's (David) History of the Reformation of the Church of Scotland",,,,[?],Second Day's Sale - Folio (p.14),Longton[?],0.3.6
455,"Buck's History of the Life and Reign of King Richard III, portrait",,,1647,Second Day's Sale - Folio (p.14),A. Priestley,0.1.6
456,"Burnett's (Bp.) History of the Reformation of the Church of England, 2 vol. portraits",,,1679,Second Day's Sale - Folio (p.14),Ogle [?],0.1.0 [?]
457,"COMPENDIO de l'Histoire Citate de Lodovico Ariosto",,,1555,Third Day's Sale - Octavo et Infra,Triphook,0.8.0
458,"Comte (Lewis Le) History of China, old morocco, gilt leaves, ruled with red lines",,,1738,Third Day's Sale - Octavo et Infra,Ellis,0.12.0
459,"Condamine Voyage fait dans l'Interieur de l'Amerique Meridionale",,,1745,Third Day's Sale - Octavo et Infra,Powell,0.3.0
460,Condorcet's Life of M. Turget,,,1787,Third Day's Sale - Octavo et Infra,[?],0.2.0
461,"Congreve's (Wm.) Works, 2 vol.",,,1730,Third Day's Sale - Octavo et Infra,Charles,0.2.0
462,"Amendments of Collier's False Citations, &c.",,,1698,Third Day's Sale - Octavo et Infra,Field,0.1.0
463,"Constantini Lettere Critiche, Giocose, Morali Scientifiche et Erudite, 8 tom. in 4",,,1737,Third Day's Sale - Octavo et Infra,[?],0.6.0 [?]
464,"Cornaro's Discourses on a Sober and Temperate Life",,,1768,Third Day's Sale - Octavo et Infra,Hoggard[?],0.4.6
465,"Cotta (Geo. Batista) Dio Sonetti, ed Inni",,,1719,Third Day's Sale - Octavo et Infra,Maltby,0.1.0
466,Cotes's Hydrostatical and Pneumatical Lectures,,,1747,Third Day's Sale - Octavo et Infra,Priestley,0.2.0
467,"Cotteu's (Chas.) Poetical Works, plates",,,1703,Third Day's Sale - Octavo et Infra,Field,0.2.6
468,"Cowper's (Wm.) Iliad and Odyssey, 5 vol. plates",,,1791,Third Day's Sale - Octavo et Infra,Coppelly[?],[?]
469,"Condamine, 3 vol. plates",,,1790,Third Day's Sale - Octavo et Infra,[?],[?]
470,"Crabb's, a Translation, 5 vol.",,,1810,Third Day's Sale - Octavo et Infra,[?],[?]
471,Poems,,,1813,Third Day's Sale - Octavo et Infra,[?],[?]
472,"and Modern History of the Brothers, 1790",,,1790,Third Day's Sale - Octavo et Infra,[?],[?]
473,"called the Green Gentlemen, Petrarch",,,1742,Third Day's Sale - Octavo et Infra,Boone,0.6.0
474,"Novelleros, Historie Japonaises",,,1770,Third Day's Sale - Octavo et Infra,[?],[?]
475,"Collection Nouvelle degli Arcadi, 3 tom.",,,1721,Third Day's Sale - Octavo et Infra,Priestley,0.5.0 [?]
476,"Compendium of its Commerce in 1786, to 1804",,,1804,Third Day's Sale - Octavo et Infra,Priestley[?],0.3.0 [?]
477,"Catalogue of Books Ancient and Modern, 2 v.",,,1779,Third Day's Sale - Octavo et Infra,Strude[?],[?]
478,"(G.) Observer, 4 vol.",,,1790,Third Day's Sale - Octavo et Infra,Priestdale[?],[?]
479,"(Anthony) a Gentleman Antiquarian",,,1754,Third Day's Sale - Octavo et Infra,[?],[?]
480,Adoration below en Militaire,,,1739,Third Day's Sale - Octavo et Infra,Bamford[?],[?]
481,[?],,,1749,Third Day's Sale - Octavo et Infra,[?],[?]
482,"added by Royal, 3 vol.",,,Dublin 1789,Third Day's Sale - Octavo et Infra,Brimidge[?],[?]
483,"(formerly) Sketch of the Lives and Writings of (1792) Four Causes which",,,1792,Third Day's Sale - Octavo et Infra,[?],[?]
484,"(James) Life of Garrick, 3 vol. portrait",,,1801,Third Day's Sale - Octavo et Infra,Bowdler[?],0.6.0
485,"Miscellaneous and Fugitive Pieces, 2 vol.",,,,[?],Third Day's Sale - Octavo et Infra,[?],[?]
486,"(D.) Various Subjects of Literature",,,1705,Third Day's Sale - Octavo et Infra,[?],[?]
487,"D'Elise (Edm.) Letters, Memoires et Negotiations",,,1743,Third Day's Sale - Octavo et Infra,Shield[?],0.8.0
488,Davison Caxton Electrique,,,1785,Third Day's Sale - Octavo et Infra,[?],[?]
489,des Cultes Religieuses,,,,[?],Third Day's Sale - Octavo et Infra,Shalldsale[?],0.11.0 [?]
490,De Las Lettres Philosophes et Morales,,,1778,Third Day's Sale - Octavo et Infra,Williams,0.2.0 [?]
491,"Peuples, Roi et etc. Loix et des Coutumes des differens Peuples, 3 tom.",,,1770,Third Day's Sale - Octavo et Infra,[?],[?]
492,"Deshaye's Atlas, for Sale",,,1719,Third Day's Sale - Octavo et Infra,Owen[?],0.6.0
493,"Deslands' Anges and Prussian Theology, 2 vol.",,,1749,Third Day's Sale - Octavo et Infra,M'Priestley[?],[?]
494,"Desolation Voyages pittoresque de la Flandrie et du Brabant",,,,[?],Third Day's Sale - Octavo et Infra,[?],[?]
495,"Dizionario (Rege.) Parnasso",,,1706,Third Day's Sale - Octavo et Infra,Cliff[?],0.3.0 [?]
496,"Dialogues on the Uses of Foreign Travel, 1764, and Baretti's",,,1764,Third Day's Sale - Octavo et Infra,[?],[?]
497,"Arcaundra de gli Arconi of Italy, in 1 vol.",,,,[?],Third Day's Sale - Octavo et Infra,Dalton[?],0.7.0
498,"Dictionnaire d'Anecdotes, &c. 2 tom.",,,1767,Third Day's Sale - Octavo et Infra,[?],[?]
499,"Allemand-Francais et Francois-Allemand, &c. l'Usage des Deux Nations 2 tom.",,,1774,Third Day's Sale - Octavo et Infra,Boone,0.4.6
500,Philosophique Portatif,,,,[?],Third Day's Sale - Octavo et Infra,Boone,0.6.0
501,"des Antiquites Romaines, 2 tom.",,,1766,Third Day's Sale - Octavo et Infra,Anthell,0.7.6
508,"Diderot (Mle.) Oeuvres, 6 tom. planches",,,Amst. 1772,Third Day's Sale - Octavo et Infra,Charles,0.1.6 [?]
509,"Diodore de Sicile, traduit par Terrasson, 6 tom.",,,,[?],Third Day's Sale - Octavo et Infra,[?],[?]
510,"Dion Cassius",,,,[?],Third Day's Sale - Octavo et Infra,[?],[?]
511,"Disputatio Illustrated by Manning, 2 vol.",,,1764,Third Day's Sale - Octavo et Infra,[?],[?]
512,"Dissertations and Miscellaneous Pieces on Asiatic Literature",,,,[?],Third Day's Sale - Octavo et Infra,Christie,0.5.0 [?]
513,"Sir Wm. Jones and others, 3 vol.",,,1793-96,Third Day's Sale - Octavo et Infra,[?],[?]
514,"Dodsley and Pearce's Collection of Poems, 10 vol.",,,1783,Third Day's Sale - Octavo et Infra,[?],[?]
515,"Dulce, le Poelme, le Crescuitate, &c.",,,Firen. 1553,Third Day's Sale - Octavo et Infra,[?],[?]
516,[?],,,Firenz. 1532,Third Day's Sale - Octavo et Infra,[?],[?]
517,"Doni (Bad.) Giornale delle Histori del Mundo",,,1572,Third Day's Sale - Octavo et Infra,Triphook[?],[?]
518,I Librarie,,,1557,Third Day's Sale - Octavo et Infra,[?],[?]
519,"(Antonio) Tear Elie[?]",,,Firen. 1561,Third Day's Sale - Octavo et Infra,[?],[?]
520,"Donne-Disegno dove il Regismo della Bella",,,Firem. 1548,Third Day's Sale - Octavo et Infra,[?],[?]
521,"Dorat (M.) Oeuvres, 4 part. en 1",,,1764,Third Day's Sale - Octavo et Infra,[?],[?]
522,"Dossiers abreges de l'Histoire Romaine et Greque, 2 vol.",,,1763,Third Day's Sale - Octavo et Infra,Priestley[?],[?]
523,Dryden's Concordance to the Bible,,,,[?],Third Day's Sale - Octavo et Infra,[?],[?]
524,"Dryden's (John) Prose Works, 4 vol.",,,1701,Third Day's Sale - Octavo et Infra,[?],[?]
525,"Dramatick Works, 6 vol.",,,1735,Third Day's Sale - Octavo et Infra,Charles,0.9.0 [?]
526,"Miscellanies, 6 vol.",,,,[?],Third Day's Sale - Octavo et Infra,[?],[?]
527,"Fables, Ancient and Modern",,,,[?],Third Day's Sale - Octavo et Infra,[?],[?]
528,"Dubois (Cardinal) Vie",,,,[?],Third Day's Sale - Octavo et Infra,[?],[?]
529,"Duclos Histoire de Louis XI, 3 tom.",,,,[?],Third Day's Sale - Octavo et Infra,Priestley,0.3.0 [?]
530,"Memoires Secrets sur les Regnes de Louis XIV, et de Louis XV",,,,[?],Third Day's Sale - Octavo et Infra,[?],0.3.0 [?]
531,,,,,Third Day's Sale - Octavo et Infra,Triphook[?],[?]
532,"Du Fresnoy's Art of Painting, by Dryden",,,1791,Third Day's Sale - Octavo et Infra,M' Priestley[?],[?]
533,Chronological Tables of Universal History,,,,[?],Third Day's Sale - Octavo et Infra,[?],[?]
534,"Dugdale's (Sir Wm.) Antient Usage of bearing Arms",,,1682,Third Day's Sale - Octavo et Infra,Anthell[?],0.3.0
535,Dalrymple's Answer to Grattan's Address,,,1693,Third Day's Sale - Octavo et Infra,Priestley,0.3.0
536,"Dunbar's Essay on the History of Mankind in rude and cultivated Ages",,,1780,Third Day's Sale - Octavo et Infra,Anthell,0.2.6
537,"Du Pas (Mallet) Mercure Brittanique, 4 tom. and 4 Nos.",,,,[?],Third Day's Sale - Octavo et Infra,[?] Theldon[?],[?]
538,"Du Pin's History of the Church, 4 vol.",,,1798-99,Third Day's Sale - Octavo et Infra,Priestley,0.3.0
539,"Universal Library of Historians, 2 vol.",,,1704,Third Day's Sale - Octavo et Infra,Priestley[?],[?]
540,"Duppa's Account of the Subversion of the Papal Government, plates, large paper",,,1807,Third Day's Sale - Octavo et Infra,Lowe [?],0.6.0
541,"D'Urfey's Wit and Mirth; or Pills to purge Melancholy, 6 vol.",,,,[?],Third Day's Sale - Octavo et Infra,M' Priestley[?],[?]
542,"Dutens' Origin of the Discoveries attributed to the Moderns",,,,[?],Third Day's Sale - Octavo et Infra,Ellis,0.5.0 [?]
543,Dyer's (John) Poems,,,1769,Third Day's Sale - Octavo et Infra,Anthell[?],0.4.0
544,"Echard's Ecclesiastical History, 2 vol.",,,1710,Third Day's Sale - Octavo et Infra,[?],[?]
545,"Ecole du Bonheur, ou Tableau des Vertus Sociales",,,1791,Third Day's Sale - Octavo et Infra,Worthley[?],[?]
546,"Edmondson's (Jos.) Proceedings",,,,[?],Third Day's Sale - Octavo et Infra,Boone,[?]
547,"Edinburgh Review, No. 27—Quarterly Review, Nos. 4 and 5",,,1809,Third Day's Sale - Octavo et Infra,Mason[?],0.6.0 [?]
548,EIKON BASILIKH The Pourtraicture of King Charles I,,,1649,Third Day's Sale - Octavo et Infra (p.17),Anthell,0.2.6
549,"his Majesties Sufferings, portrait",,,Oxon. 1799,Third Day's Sale - Octavo et Infra (p.17),Boone,0.6.0
550,[?],,,1721,Third Day's Sale - Octavo et Infra (p.17),Bewdley[?],[?]
551,"English Parnassus, of the Early English Poets, 3 v.",,,1804,Third Day's Sale - Octavo et Infra (p.17),[?],[?]
552,of the Early English Metrical Romances,,,,[?],Third Day's Sale - Octavo et Infra (p.17),[?],[?]
553,"Epictetus, 1 vol.",,,Worces. 1758,Third Day's Sale - Octavo et Infra (p.17),Bewdly[?],[?]
554,"Entick's History of London, Westminster and Southwark",,,1766,Third Day's Sale - Octavo et Infra (p.17),M' Priestley[?],[?]
555,"Erythraeus, Gr. et Lat. Simplicii et Arriani",,,1600,Third Day's Sale - Octavo et Infra (p.17),Boone,[?]
556,"(Dean) Collected by Bond",,,1731,Third Day's Sale - Octavo et Infra (p.17),Anthell[?],[?]
557,"Morise Epocuvion, or a Panegyrick upon",,,1759,Third Day's Sale - Octavo et Infra (p.17),C.B. Bromfield[?],[?]
558,"Reply, plates",,,Birmingham [?],Third Day's Sale - Octavo et Infra (p.17),Charles,0.18.0
559,"Essay/ Fable des Phantres, a tom.",,,1708,Third Day's Sale - Octavo et Infra (p.17),Boone,0.2.6
560,Essais sur les Superstitions,,,1743,Third Day's Sale - Octavo et Infra (p.17),Priestley[?],[?]
561,"Euler (M.) Histoire de l'Astronomie, 3 tom.",,,1755,Third Day's Sale - Octavo et Infra (p.17),C.C.[?],[?]
562,Ere de l'Hommes dans le Peche Original,,,1784,Third Day's Sale - Octavo et Infra (p.17),Christie[?],0.6.0
563,"European Magazine, from its Commencement in 1782, 8 vols.",,,1801,Third Day's Sale - Octavo et Infra (p.17),Christie[?],0.6.0
564,"M.S. and bound",,,1777,Third Day's Sale - Octavo et Infra (p.17),M' Priestley[?],[?]
565,"Eusby's Old Ballads, 2 vol.",,,,[?],Third Day's Sale - Octavo et Infra (p.17),M' Priestley,0.8.0
566,"(Joseph) Small Sculpture, portrait",,,Auo [?] 1755,Third Day's Sale - Octavo et Infra (p.17),[?],[?]
567,"Excellence of the Pen and Pencil, Franst's Perspective",,,,[?],Third Day's Sale - Octavo et Infra (p.17),[?],0.7.6 [?]
568,"Essay of Painting, by Evelyn, in 1 vol.",,,,[?],Third Day's Sale - Octavo et Infra (p.17),[?],[?]
569,"(H.) Works, 2 vol. in 1",,,1703,Third Day's Sale - Octavo et Infra (p.17),Boone,0.3.0
570,"Expilly (Abbe) Geographie Manuel, over cartes",,,,[?],Third Day's Sale - Octavo et Infra (p.17),M.G.[?] Priestley[?],[?]
571,"Extracts and of Pausanias the Statues, Pictures and Temples in Greece",,,1738,Third Day's Sale - Octavo et Infra (p.17),M' Priestley[?],0.6.0
572,"Bubla, Trois Cris, en Musiques dans le gout de M. le [?]",,,,[?],Third Day's Sale - Octavo et Infra (p.17),[?],[?]
573,"Fabliaux et Contes du XII, et du XIII. Siecle, 3 tom.",,,1779,Third Day's Sale - Octavo et Infra (p.17),Priestley[?],0.9.0 [?]
574,"et Contes des Poetes Francois XII, XIII, XIV, XV, Siecles, 3 tom.",,,,[?],Third Day's Sale - Octavo et Infra (p.17),Boone,[?]
575,"Fabretti Dictionnaire Portatif, Francoise et Italien",,,1757,Third Day's Sale - Octavo et Infra (p.17),M' Priestley[?],[?]
576,Patricii Bibliotheca Latina,,,,[?],Third Day's Sale - Octavo et Infra (p.17),[?],[?]
577,3 tom.,,,,[?],Third Day's Sale - Octavo et Infra (p.17),[?],[?]
578,"(G.) Medius et Infimia Aetatis, 6 v.",,,1733,Third Day's Sale - Octavo et Infra (p.17),[?],0.8.0 [?]
579,"Fagnani (G.o. Bat.) Commentaries, 7 tom.",,,Baren. [?],Third Day's Sale - Octavo et Infra (p.17),Anthell,0.3.6 [?]
580,"Fagner's Essay on the Learning of Shakespeare",,,1789,Third Day's Sale - Octavo et Infra (p.17),Charles,0.4.6
581,"Faulkner's Historical and Topographical Description of Chelsea, plates",,,1762,Third Day's Sale - Octavo et Infra (p.17),M' Priestley,[?]
582,"Feart (M.) Theatre, 5 tom.",,,,[?],Third Day's Sale - Octavo et Infra (p.17),[?],[?]
586,"Fawkes and Woty's Poetical Calendar, 12 vol. (vol. 8 and 9 wanting)",,,1763,Third Day's Sale - Octavo et Infra (p.18),Price[?],0.7.6
587,"(Francis) Original Elegisms and Translations",,,1769,Third Day's Sale - Octavo et Infra (p.18),M'Martin[?],[?]
588,"Fenelon's Review of the Proceedings at Paris",,,,[?],Third Day's Sale - Octavo et Infra (p.18),M'Gwillam[?],[?]
589,Fenelon's Morte de Telemaque,,,,[?],Third Day's Sale - Octavo et Infra (p.18),[?],[?]
590,Fielding's Prejudice,,,,[?],Third Day's Sale - Octavo et Infra (p.18),Soffonce[?],[?]
591,"Fielding's (Henry) Works",,,1784,Third Day's Sale - Octavo et Infra (p.18),Anthell[?],0.3.0 [?]
592,"Florentio (Mary) Works, 8 vol. and some gilt leaves",,,,[?],Third Day's Sale - Octavo et Infra (p.18),Priestley,0.6.0 [?]
593,Fitzherbert's (Sir Thos.) Letters,,,,[?],Third Day's Sale - Octavo et Infra (p.18),[?],[?]
594,Fletcher Beaumont,,,,[?],Third Day's Sale - Octavo et Infra (p.18),[?],[?]
595,"Fleetwood's Chronicon Preciosum, plates",,,1745,Third Day's Sale - Octavo et Infra (p.18),Snaffly[?],[?]
596,"Florian, l'Estelle, Nouvelles en Vers",,,1796,Third Day's Sale - Octavo et Infra (p.18),[?],[?]
597,"Fontaine, Fables Choisies, mises en Vers, 3 tom.",,,,[?],Third Day's Sale - Octavo et Infra (p.18),Priestley,0.5.0
598,"Fontenelle (Mons. de) Oeuvres, 10 tom.",,,1752,Third Day's Sale - Octavo et Infra (p.18),[?],[?]
599,"Trublet (Mr. de) Memoires sur la Vie, par l'Abbe",,,,[?],Third Day's Sale - Octavo et Infra (p.18),[?],[?]
600,"Forestero Illuminato intorno la Citta di Venezia, plates",,,,[?],Third Day's Sale - Octavo et Infra (p.18),Triphook[?],[?]
601,Fourcroy on Assent and Quantity,,,,[?],Third Day's Sale - Octavo et Infra (p.18),Thane[?],[?]
602,A founding Hospital for Wit,,,,[?],Third Day's Sale - Octavo et Infra (p.18),[?],[?]
603,"Fragment sur of the Sixth Book of Polybius, Great Britain",,,,[?],Third Day's Sale - Octavo et Infra (p.18),[?],[?]
604,"Francklin's Tour from Bengal to Persia",,,1798,Third Day's Sale - Octavo et Infra (p.18),[?],0.3.0 [?]
605,"Portfolial Miscellaneous and Philosophical Poems",,,,[?],Third Day's Sale - Octavo et Infra (p.18),Boadley[?],[?]
606,French Constitution Authentic Copy,,,1791,Third Day's Sale - Octavo et Infra (p.18),[?],[?]
607,"Freron Lettres sur quelques ecrite ce Tems, 13 tom.",,,1754,Third Day's Sale - Octavo et Infra (p.18),Boone,[?]
608,"Priestgartmer's Abstract of the Whole Doctrine of the Christian Religion",,,,[?],Third Day's Sale - Octavo et Infra (p.18),Anthell[?],0.2.6
609,Fuller's Medicina Gymnastica,,,1718,Third Day's Sale - Octavo et Infra (p.18),[?],[?]
612,"Corpus Omnium Veterum Poetarum Latinorum, Lat. ed.",,,1731,Third Day's Sale - Quarto,Priestley,0.5.5
613,Corticelli della Toscana Eloquenza,,,1755,Third Day's Sale - Quarto,Maltby[?],[?]
614,"Cox's (Wm.) Memoirs of the Life and Administration of Sir Robert Walpole, 3 vol. part.",,,1798,Third Day's Sale - Quarto,[?],[?]
615,"Abstract of the Russian Discoveries between Asia and America, maps",,,1780,Third Day's Sale - Quarto,Capell[?],[?]
616,"Crescimbeni (Gio. Mar. de) Commentarii della Volgar Poesia, 6 vol.",,,Roma 1702,Third Day's Sale - Quarto,[?],0.6.0
617,Istoria dell'Volgar Poesia,,,1714,Third Day's Sale - Quarto,Lane[?],[?]
618,"Cruden's (Alex.) Concordance to the Holy Bible, porte.",,,1761,Third Day's Sale - Quarto,[?],[?]
619,"Cudworth's (R.) Intellectual System, by Birch, 2 v. front.",,,1743,Third Day's Sale - Quarto,[?],0.3.0
620,"Cumberland's (Richd.) Calvary, or the Death of Christ",,,1792,Third Day's Sale - Quarto,[?],[?]
621,Catesby (Bp.) Treatise of the Laws of Nature,,,1727,Third Day's Sale - Quarto,[?],[?]
622,"D'Alembert (J. le R. Rond) Recherches sur differens points Importans du Systeme du Monde, 2 tom.",,,1754,Third Day's Sale - Quarto,Priestley[?],0.3.0
623,"Daniello (Ber.) Poetica",,,Venet. 1536,Third Day's Sale - Quarto (p.20),Christie,0.6.0
624,"Daguesseau, Francois et Lat. 2 vol.",,,1757,Third Day's Sale - Quarto (p.20),[?],[?]
625,"Deposito Dichiarizioni, Linnean et collections",,,,[?],Third Day's Sale - Quarto (p.20),Ellis[?],[?]
626,"(John) Comes",,,Engl. 1326,Third Day's Sale - Quarto (p.20),[?],[?]
627,"Davies (John's) Coll. Antidiot.",,,N.Y. 1602,Third Day's Sale - Quarto (p.20),Triphook,[?]
628,"Davila (H. C.) Istoria delle Guerre Civili di Francia",,,1615,Third Day's Sale - Quarto (p.20),Anthell,0.11.0 [?]
629,"History of the Civil Wars of France, by Farnsworth, 3v.",,,1758,Third Day's Sale - Quarto (p.20),Priestley,0.8.0
630,Lords on the [?] astrem Hamburg,,,1797,Third Day's Sale - Quarto (p.20),Benedict[?],[?]
631,"particulars for l'Histoire et en Properties",,,1719,Third Day's Sale - Quarto (p.20),Smith,[?]
632,"(Chanois) Letters, Memoirs, Negociations partieuses",,,1770,Third Day's Sale - Quarto (p.20),Christie,0.12.0
633,"Dissertation on Orations, translated by Leland, Francis",,,1771,Third Day's Sale - Quarto (p.20),Shirdee[?],0.6.0
634,Dyn[?],,,,[?],Third Day's Sale - Quarto (p.20),[?],[?]
635,"Historia Ecclesiasticum, translated by Spelman, 4 v.",,,1729,Third Day's Sale - Quarto (p.20),Enfield[?],0.3.6
636,"Ducarel de Souns Regalis Societatis Londonii Acta",,,,[?],Third Day's Sale - Quarto (p.20),[?],[?]
637,"Gale's Opuscula, manuscripts, Juvenis, 2 vol. illustrated",,,,[?],Third Day's Sale - Quarto (p.20),Hauss[?],0.1.6 [?]
638,"a plates, Geographics, Clinques, 2 vol.",,,1618,Third Day's Sale - Quarto (p.20),[?],[?]
639,"Denon's (A.) Nummos and Aquiline Coins of the Antients",,,1793,Third Day's Sale - Quarto (p.20),Priestley,0.2.0 [?]
640,"Lond, Legends, portraits and plates",,,Mus. 1744,Third Day's Sale - Quarto (p.20),C.B.[?] Sheel[?],0.6.0
641,"De la Ralle (J.B.) Exactions Comique de l'Empire de la Chine et de",,,,[?],Third Day's Sale - Quarto (p.20),[?],[?]
642,"Du Rosseaux, 4 tom. figures et engravure",,,,[?],Third Day's Sale - Quarto (p.20),Trephook[?],0.6.0
643,"Dupre (D.) Illustrations of the Latin of Antiquities",,,,[?],Third Day's Sale - Quarto (p.20),Boone,[?]
644,Oeuvres Melees,,,1715,Third Day's Sale - Quarto (p.20),[?],[?]
645,Elmes's English Saxon Grammar,,,1712,Third Day's Sale - Quarto (p.20),Ellis[?],0.5.0
646,"Enciclopedi (Sir Henry) Determination of the Orbits of Comets",,,1793,Third Day's Sale - Quarto (p.20),Davenport[?],[?]
647,"Euripides, translated by Potter, 2 vol.",,,1781,Third Day's Sale - Quarto (p.20),M'Martins[?],0.5.0 [?]
648,"Esteins des Assertions Dangereuses et Pernicieuses en tout, Cours serieux-enseignes par les Soi-disant Jesuites 1753",,,1753,Third Day's Sale - Quarto (p.20),Priestley,0.18.0 [?]
649,"Fabricii (J.A.) Bibliotheca Graeca, et Lat.",,,Hamb. 1718,Third Day's Sale - Quarto (p.20),M' Leasing[?],0.4.6 [?]
650,"Fauchet (A.) Oeuvres",,,1610,Third Day's Sale - Quarto (p.20),Loag[?],0.12.6
651,"Feltham (Owen) Historical and Topographical Account of Feltham, plates",,,,[?],Third Day's Sale - Quarto (p.20),Priestley,0.8.0
652,"Felbien (And.) Entretiens sur les Vies et Ouvrages des",,,,[?],Third Day's Sale - Quarto (p.20),Smith[?],0.5.0
653,"Ancients et Modernes, 2 tom.",,,1696,Third Day's Sale - Quarto (p.20),Smith[?],0.5.0 [?]
654,"Feneleon's (Fr.) Adventures of Telemachus, by Hawkesworth",,,1708,Third Day's Sale - Quarto (p.20),Smith [?],0.2.6
655,"Ferguson's (Jas.) Astronomy, plates",,,1764,Third Day's Sale - Quarto (p.20),Ellis,0.2.0
656,"Ferreira de Veterum Acclamationibus et Plausu, Mediol.",,,1737,Third Day's Sale - Quarto (p.20),[?],0.2.0
660,"Ficoroni Maschere Sceniche e le Figure Comiche d'Antichi Romani, figure",,,1746,Third Day's Sale - Folio,Locarno[?],[?]
661,"Fleetwood (Jnos.) Veterum Graecorum Poetarum Fragmentarium, Gr. et Lat. Labbei",,,,[?],Third Day's Sale - Folio,Anthell,[?]
662,"Field (Martin) Tables of English Silver and Gold Coins, and his Table of English Gold Coins, in 1 vol.",,,,[?],Third Day's Sale - Folio,Anthell[?],0.9.0 [?]
663,Portraits (Coll.),,,,[?],Third Day's Sale - Folio,[?],[?]
664,"Forster's (J.R.) Voyages and Discoveries made in the North",,,1786,Third Day's Sale - Folio,Anthell[?],[?]
665,France,,,,[?],Third Day's Sale - Folio,[?],[?]
666,"Franklin, Histoire Literaire de la, 12 tom.",,,1733,Third Day's Sale - Folio,Triphook,0.3.0
667,"Franklin's (Benjn) Experiments and Observations on Electricity",,,1769,Third Day's Sale - Folio,Violet[?],[?]
668,"Calepini (Amb.) Dictionarium Undecim Linguarum",,,1616,Third Day's Sale - Folio,Halden[?],0.5.6
669,"Cameron's (Lewis de) Land, by Fanbury, portraits",,,1628,Third Day's Sale - Folio,M' Priestley,0.14.0 [?]
670,"Camden's (Wm.) Annals, or the History of Queen Elizabeth",,,,[?],Third Day's Sale - Folio,[?],[?]
671,"Cassandra, a Romance, translated by Sir C. Cotterell",,,1667,Third Day's Sale - Folio,Priestley[?],[?]
672,"Catalogus Bibliothecae Musei Britannici, 2 vol.",,,Land. 1787,Third Day's Sale - Folio,James[?],0.4.0
673,"Catalogus Librorum Manuscriptorum Angliae, et Hiberniae cum Indice Alphabetico",,,Oxon. 1697,Third Day's Sale - Folio,[?],[?]
674,"Chambers' Dictionary of Arts and Sciences, by Rees, Nos. 1 to 30, plates",,,1778,Third Day's Sale - Folio,Loauth[?],[?]
675,"with the plates separate, 5 vol.",,,1786,Third Day's Sale - Folio,[?],[?]
676,"Chaucer, (Geoffrey) Works, black letter",,,1602,Third Day's Sale - Folio,Christie[?],0.4.0 [?]
677,"by Urry, port. and plates",,,1721,Third Day's Sale - Folio,C.B. Barney,0.12.0 [?]
678,"Chillingworth's (Wm.) Works",,,1742,Third Day's Sale - Folio,[?],0.5.0 [?]
679,"Churchill's (Sir Winston) Divi Britannici; being a Remark upon the Lives of all the Kings of the Isles",,,1675,Third Day's Sale - Folio,[?],0.6.0
680,"Ciceronis Opera, Lambini, 4 vol. in 2",,,Paris 1566,Third Day's Sale - Folio,C.B. Christie[?],[?]
681,"Clarendon's (Earl of) History of the Rebellion and Civil War in England, ports.",,,1702,Third Day's Sale - Folio,Gledsty[?],[?]
682,"Collier's Ecclesiastical History of Great Britain, 2 vol.",,,1708,Third Day's Sale - Folio,Bingley[?],0.2.0
683,"(Jer.) Historical, Geographical, Genealogical, and Poetical Dictionary, 4 vol. portrait",,,1701,Third Day's Sale - Folio,[?],[?]
684,Comines (Philip de) History of,,,1674,Third Day's Sale - Folio,Anthell,0.6.0
685,"Cooperi (Thos.) Thesaurus Linguae Romanae et Britannicae",,,Lond. 1578,Third Day's Sale - Folio,Anthell,0.10.0
686,"Copy of the Establishment commencing the first Day of July, 1702, together with all the Extraordinary Dyets and Charges which have since happened and been directed, and allowed of by her Majesty Queen Anne's particular Warrants, MS.",,,,[?],Third Day's Sale - Folio,A.B. Playford[?],[?]
687,"Cotgrave and Howell's French and English Dictionary",,,1650,Third Day's Sale - Folio,Priestley,[?]
688,"Crasso (Ler.) Istoria de Poeti Greci",,,Nap. 1678,Third Day's Sale - Folio,Triphook,[?]
688,"Gaffarel's (Jas.) Unheard of Curiosities, Englished by Edward Chilmead",,,1650,Fourth Day's Sale - Octavo et Infra,Boamster[?],0.4.6
689,"Garimberto (Hieron.) et altri degni Autori Concetti",,,Venet. 1585,Fourth Day's Sale - Octavo et Infra,Mattley[?],0.3.0
690,"Garrick's (David) Poetical Works, 2 vol.",,,1785,Fourth Day's Sale - Octavo et Infra,Charles,0.16.0 [?]
691,"Garth's Dispensary, a Poem",,,1741,Fourth Day's Sale - Octavo et Infra,[?],[?]
692,Gassendi Institutio Astronomica,,,1653,Fourth Day's Sale - Octavo et Infra,Blunt[?],0.6.0 [?]
693,"Gay's (John) Poems, 2 vol.",,,1775,Fourth Day's Sale - Octavo et Infra,Charles,0.2.6
694,"Geddes' Miscellaneous Tracts, 3 vol. 1702, &c.—Council of Trent, 1714—Tracts against Popery, 1715—Church History of Ethiopia, 1696, 6 vol. uniform",,,,[?],Fourth Day's Sale - Octavo et Infra,Triphook,0.1.5
695,"Genlis (Madame) Veillees du Chateau, 3 tom.",,,1784,Fourth Day's Sale - Octavo et Infra,Fogg,0.8.6 [?]
696,"Gentleman's Magazine, from 1741 to 1749, 9 vol. half bound, uncut",,,,[?],Fourth Day's Sale - Octavo et Infra,Priestley,0.1.6 [?]
697,"Index to, from 1731 to 1786, 2 vol.",,,,[?],Fourth Day's Sale - Octavo et Infra,Priestley[?],0.4.0 [?]
698,Gentleman's Library,,,1715,Fourth Day's Sale - Octavo et Infra,Howe [?],0.6.0
699,Geoffroy's Treatise on Foreign Vegetables,,,1749,Fourth Day's Sale - Octavo et Infra,W.H. Miller[?],[?]
700,German and English Grammar,,,1758,Fourth Day's Sale - Octavo et Infra,Boone,0.6.0
701,"Gesner Mort d'Abel, par Huber",,,1760,Fourth Day's Sale - Octavo et Infra,[?],[?]
702,"Gherardi Theatre Italien, 6 tom. planches",,,1721,Fourth Day's Sale - Octavo et Infra,Sheldon[?],0.1.0
703,"Gibbon's (E.) Decline and Fall of the Roman Empire, 6 vol. portrait",,,1783,Fourth Day's Sale - Octavo et Infra,Boone,0.15.0 [?]
704,Essai sur l'Etude de la Litterature,,,1761,Fourth Day's Sale - Octavo et Infra,Boone,0.6.0
705,[?],,,1701,Fourth Day's Sale - Octavo et Infra,[?],[?]
706,Gillies' View of the Reign of Frederick II. of Prussia,,,1789,Fourth Day's Sale - Octavo et Infra,Pearce[?],0.6.0
707,Gilpin's Essay on Prints,,,1781,Fourth Day's Sale - Octavo et Infra,W.H. Miller,0.6.0 [?]
708,"Observations on the River Wye, plates",,,1782,Fourth Day's Sale - Octavo et Infra,[?],0.6.0 [?]
709,"Giornale de Letterati d'Italia a Anno 1710 ab Anno 1722, 37 vol.",,,1710-22,Fourth Day's Sale - Octavo et Infra,Triphook,0.1.13.0
711,"Girard Principes de la Langue Francoise, 2 tom.",,,,[?],Fourth Day's Sale - Octavo et Infra,[?],0.1.0 [?]
712,Grammaire Principes Francois,,,,[?],Fourth Day's Sale - Octavo et Infra,Blunt[?],0.6.0
713,2 tom.,,,,[?],Fourth Day's Sale - Octavo et Infra,[?],[?]
714,"Goguet's Origin of Laws, Arts, and Sciences, 3 vol.",,,1761,Fourth Day's Sale - Octavo et Infra,[?],[?]
715,"Golden (Lieut.) Opera, 10 tom. plates",,,Firen. [?],Fourth Day's Sale - Octavo et Infra,Stakhouse[?],[?]
716,Extemporaneous Diss. vol 1-2 wanting,,,,[?],Fourth Day's Sale - Octavo et Infra,[?],[?]
717,"Goldsmith's Poetical and Dramatic Works, 2 vol. part.",,,1780,Fourth Day's Sale - Octavo et Infra,[?],[?]
718,"and a Walk in and about the City of Canterbury",,,,[?],Fourth Day's Sale - Octavo et Infra,[?],[?]
719,Gombelli (Pierre) Obras,,,1793,Fourth Day's Sale - Octavo et Infra,[?],[?]
720,"Gozzi (Gasp.) Opera, 6 tom.",,,Firenz. 1785,Fourth Day's Sale - Octavo et Infra,[?],[?]
721,"Gravesande's Explanation of the Newtonian Philosophy, plates",,,,[?],Fourth Day's Sale - Octavo et Infra,[?],[?]
722,"Gravina (Vincenzio) Tragedia",,,,[?],Fourth Day's Sale - Octavo et Infra,[?],[?]
723,della Region Poetica,,,,[?],Fourth Day's Sale - Octavo et Infra,[?],[?]
724,"Greaves (John) Miscellaneous Works, 2 vol. plates and portraits",,,,[?],Fourth Day's Sale - Octavo et Infra,[?],[?]
725,Gregorio Papa Istoria del,,,Flagin. [?],Fourth Day's Sale - Octavo et Infra,[?],[?]
726,"Gregory's Elements of Astronomy, 2 vol.",,,1715,Fourth Day's Sale - Octavo et Infra,[?],[?]
727,"Gregory's View of the State and Faculties of Man",,,1785,Fourth Day's Sale - Octavo et Infra,Priestley[?],[?]
728,"Greville's Maxims, Characters, and Reflections",,,1757,Fourth Day's Sale - Octavo et Infra,[?],[?]
729,"Gros Recuil de Poesies Provencoales[?] Glossary[?]",,,1789,Fourth Day's Sale - Octavo et Infra,[?],[?]
730,"Groty (Et.) Premiere Oeuv[?]",,,,[?],Fourth Day's Sale - Octavo et Infra,Malhay[?],[?]
731,"Grosier's Description of China, 3 vol.",,,1788,Fourth Day's Sale - Octavo et Infra,[?],[?]
732,Grotius de Veritate Religionis Christianae,,,,[?],Fourth Day's Sale - Octavo et Infra,[?],[?]
733,Truths of the Christian Religion,,,,[?],Fourth Day's Sale - Octavo et Infra,[?],[?]
734,"on the Christian Religion, by Clarke",,,,[?],Fourth Day's Sale - Octavo et Infra,[?],[?]
735,"on the Rights of War and Peace, 3 vol.",,,,[?],Fourth Day's Sale - Octavo et Infra,[?],[?]
736,Gualberto de Soria Dialogos,,,,[?],Fourth Day's Sale - Octavo et Infra,[?],[?]
737,"Guerin Description de l'Academie Royale des Arts, de Peinture et de Sculpture",,,,[?],Fourth Day's Sale - Octavo et Infra,Blathde[?],0.6.0
738,"Guicciardini's History of Italy, 10 vol.",,,,[?],Fourth Day's Sale - Octavo et Infra,Clarke[?],[?]
739,"Guida de Forestieri di Napoli, fig.",,,,[?],Fourth Day's Sale - Octavo et Infra,[?],[?]
740,"della Curiosita di Foresien et altri Lugg.",,,1785,Fourth Day's Sale - Octavo et Infra,[?],[?]
741,"Guides to different Towns, &c. a parcel",,,,[?],Fourth Day's Sale - Octavo et Infra,Spano[?],0.6.0
742,"Giudicio sopra la Tragedia di Canace et Macareo—Speroni Canace Tragedia",,,,[?],Fourth Day's Sale - Octavo et Infra,[?],[?]
743,"Guthrie Dissertations sur les Antiquites de Russie, planches",,,,[?],Fourth Day's Sale - Octavo et Infra,Scholoner[?],[?]
744,"Hackett's Select and Remarkable Epitaphs, 2 vol. with MS. additions",,,1757,Fourth Day's Sale - Octavo et Infra,Torllston[?],0.2.0
745,"Hale's (Mrs.) Poetical Attempts",,,1757,Fourth Day's Sale - Octavo et Infra,[?],[?]
746,"Halhed's Code of Gentoo Laws, plates",,,1777,Fourth Day's Sale - Octavo et Infra,Priestley,0.6.6 [?]
747,"Haller (M.) Poesies",,,Berne 1760,Fourth Day's Sale - Octavo et Infra,[?],[?]
748,"(Dr. Albert) Physiology, 2 vol.",,,1754,Fourth Day's Sale - Octavo et Infra,[?],[?]
749,"Hall's Court of Vertue, black letter",,,,[?],Fourth Day's Sale - Octavo et Infra,Anthell,0.3.6
750,Hamilton Memoires du Comte de Grammont,,,1749,Fourth Day's Sale - Octavo et Infra,[?],[?]
751,"Halliday, on the Ascent of Vapours, Formation of 1760",,,,Fourth Day's Sale - Octavo et Infra (p.23),Anthell,0.1.0 [?]
752,"Varney's Treatise on the Ear, plates",,,1748,Fourth Day's Sale - Octavo et Infra (p.23),[?],[?]
753,"Volre Entier, vol. in 1",,,Amst. 1738,Fourth Day's Sale - Octavo et Infra (p.23),M'Fisher[?],0.7.6 [?]
754,Volre Foires and Coxes,,,1757,Fourth Day's Sale - Octavo et Infra (p.23),[?],[?]
755,"Church of Confield, I and II. James I. and Charles",,,1723,Fourth Day's Sale - Octavo et Infra (p.23),Reid[?],0.5.0
756,Fleet Treatises,,,1768,Fourth Day's Sale - Octavo et Infra (p.23),Bland[?],[?]
757,Heraldical Arrangements,,,1774,Fourth Day's Sale - Octavo et Infra (p.23),Head[?],0.3.6
758,"Philosophical Inquiries, 3 vol. portraits",,,1790,Fourth Day's Sale - Octavo et Infra (p.23),Alexandrova[?],0.4.0
759,"Description and Use of the Globes, plates",,,1731,Fourth Day's Sale - Octavo et Infra (p.23),Anthell,0.3.0 [?]
760,"(John's.) Grecian Antiquities",,,1710,Fourth Day's Sale - Octavo et Infra (p.23),Charles,0.6.0
761,"or on the Various Editions of the Classics",,,,[?],Fourth Day's Sale - Octavo et Infra (p.23),[?],[?]
762,"Roman Classick",,,,[?],Fourth Day's Sale - Octavo et Infra (p.23),[?],[?]
763,"Voyages and Travels in the Levant, in 1749",,,1764,Fourth Day's Sale - Octavo et Infra (p.23),Belt[?],0.8.0 [?]
764,"(N.H. Z) Answer to the Articles of Impeachment",,,,[?],Fourth Day's Sale - Octavo et Infra (p.23),Smith[?],0.6.0 [?]
765,"History of India, 3 vol.",,,1806,Fourth Day's Sale - Octavo et Infra (p.23),[?],[?]
766,"(Charles) or a Particular Chinese History, 6 vol.",,,,[?],Fourth Day's Sale - Octavo et Infra (p.23),M.C. Chipfield[?],[?]
767,"Harris's Origin of the English Drama, 3 vol.",,,1773,Fourth Day's Sale - Octavo et Infra (p.23),Bewdley[?],[?]
768,Antient Pedigrees,,,,[?],Fourth Day's Sale - Octavo et Infra (p.23),[?],[?]
769,"Harvey's Collection of Curious Discourses, 2 v.",,,1771-75,Fourth Day's Sale - Octavo et Infra (p.23),Goon[?],0.6.0
770,"Liber Niger Scaccarii, 2 v.",,,1774,Fourth Day's Sale - Octavo et Infra (p.23),Triphook,0.5.6 [?]
771,[?],,,,[?],Fourth Day's Sale - Octavo et Infra (p.23),James[?],[?]
772,"Daniel Histories, or a Short System of Universal History, 2 vol. MS. additions",,,1703,Fourth Day's Sale - Octavo et Infra (p.23),Bramston,0.5.0 [?]
773,"Historiale d'Elogio, 1 tom.",,,,[?],Fourth Day's Sale - Octavo et Infra (p.23),[?],[?]
774,"(James) or a Discourse between Jest and Earnest, 2 vol.",,,,[?],Fourth Day's Sale - Octavo et Infra (p.23),Anthee[?],0.2.6
775,"Hemonsont, Recueil de ce qui a ete public de plus Part le Ville—Recherches sur les Ruines d'Herculanum",,,1753-79,Fourth Day's Sale - Octavo et Infra (p.23),[?],[?]
776,"Herbert (Lord) of Cherbury's Antient Religion of Gentiles",,,1705,Fourth Day's Sale - Octavo et Infra (p.23),Brackley[?],0.4.6
777,Henrie's Account of the Charterhouse,,,1677,Fourth Day's Sale - Octavo et Infra (p.23),Bramton[?],[?]
778,Herodiano's History of the Roman Emperors,,,,[?],Fourth Day's Sale - Octavo et Infra (p.23),Lautlee[?],0.5.0
779,"Herodotus, translated by Littlebury, 2 vol.",,,1747,Fourth Day's Sale - Octavo et Infra (p.23),C.B. [?] Leather[?],0.13.0 [?]
780,"Hesiod's Works, translated by Cooke",,,1769,Fourth Day's Sale - Octavo et Infra (p.23),Leather[?],0.3.0
781,"Hewit's Treatise upon Money, Coins, and Exchange",,,1755,Fourth Day's Sale - Octavo et Infra (p.23),[?],[?]
782,Hickey Gentleman Instructed,,,1798,Fourth Day's Sale - Octavo et Infra (p.23),C.B. Barney[?],0.6.0 [?]
783,"Hill's (Aaron) Miscellaneous and Dramatic Works, 6 vol.",,,1753-95,Fourth Day's Sale - Octavo et Infra (p.23),Charles,0.4.0
784,"Histoire et Memoires de l'Academie Royale des Inscriptions et Belles Lettres, 102 tom.",,,,[?],Fourth Day's Sale - Octavo et Infra (p.23),Riles[?],0.5.4.0
785,Histoire du Siecle d'Alexandre,,,1702,Fourth Day's Sale - Octavo et Infra (p.24),Maltby[?],0.6.0
786,"Historie Academie Scriptorum Latinorum Minerum, 4 vol.",,,,[?],Fourth Day's Sale - Octavo et Infra (p.24),Hurst[?],[?]
787,"J.P. Macon",,,,[?],Fourth Day's Sale - Octavo et Infra (p.24),[?],[?]
788,History of Glazing,,,,[?],Fourth Day's Sale - Octavo et Infra (p.24),[?],[?]
789,"of Glazing Parliament of Great Britain, from the Dutch Invasion",,,,[?],Fourth Day's Sale - Octavo et Infra (p.24),M' [?] Hall[?],[?]
790,"Amelia in the Depths of Guilt",,,,[?],Fourth Day's Sale - Octavo et Infra (p.24),[?],[?]
791,of the Foundation of the Four Inns of Court,,,1780,Fourth Day's Sale - Octavo et Infra (p.24),Antholt[?],[?]
792,"After first Inventions and Entusions of the most famous Arts, Mysteryes, Laws, &c. in the whole World",,,1686,Fourth Day's Sale - Octavo et Infra (p.24),[?],[?]
793,"of the late Revolution in the Dutch Republick",,,,[?],Fourth Day's Sale - Octavo et Infra (p.24),Pearce[?],0.4.0
794,"Original and Institution of Civil Government Discussed",,,,[?],Fourth Day's Sale - Octavo et Infra (p.24),M'Dalton[?],[?]
795,Hoadly,,,1759,Fourth Day's Sale - Octavo et Infra (p.24),[?],[?]
796,"Hobbes (Thos.) History of the Civil Wars in England, 1664",,,1664,Fourth Day's Sale - Octavo et Infra (p.24),Holbert[?],[?]
797,"Hogarth Illustrated, by J. Ireland, 2 vol. extra large",,,1793,Fourth Day's Sale - Octavo et Infra (p.24),[?],[?]
798,Holder's Elements of Speech,,,,[?],Fourth Day's Sale - Octavo et Infra (p.24),[?],[?]
799,"Full (Lord) Account of the Life and Writings of Lope de Vega Carpio, portrait",,,,[?],Fourth Day's Sale - Octavo et Infra (p.24),[?],[?]
800,Art of Rhetorick,,,,[?],Fourth Day's Sale - Octavo et Infra (p.24),[?],[?]
801,"Henry Long Kames's Elements of Criticism, 3 vol.",,,1772,Fourth Day's Sale - Octavo et Infra (p.24),Anthett[?],[?]
802,"Homeri Ilias, Gr. et Lat.",,,1708,Fourth Day's Sale - Octavo et Infra (p.24),Priestley[?],[?]
803,"Odyss. Gr. et Lat.",,,Cant. 1604,Fourth Day's Sale - Octavo et Infra (p.24),[?],0.2.0
804,"Omero, Tradotto in Toscano, dal A. M. Salvini, 2 tom.",,,,[?],Fourth Day's Sale - Octavo et Infra (p.24),Ruthell[?],[?]
805,"Homer Translated, 2 vol.",,,,[?],Fourth Day's Sale - Octavo et Infra (p.24),[?],[?]
806,"Hooke's (Jos.) Addresses to Parents",,,1768,Fourth Day's Sale - Octavo et Infra (p.24),M'Blackleton[?],[?]
807,Horatius Heinii,,,op. Poetis Glasg. 1730,Fourth Day's Sale - Octavo et Infra (p.24),[?],[?]
808,a Bentlii,,,Amst. 1728,Fourth Day's Sale - Octavo et Infra (p.24),Priestley[?],0.6.0
809,"Latin and English, by Smart, 3 vol.",,,1750,Fourth Day's Sale - Octavo et Infra (p.24),[?],[?]
810,"Lat. and Eng. by Stuart, 4 vol. in 3",,,,[?],Fourth Day's Sale - Octavo et Infra (p.24),[?],[?]
811,[?],,,,[?],Fourth Day's Sale - Octavo et Infra (p.24),[?],[?]
812,Hurd 2 vol.,,,1707,Fourth Day's Sale - Octavo et Infra (p.24),Boone[?],0.6.0
813,[?],,,,[?],Fourth Day's Sale - Octavo et Infra (p.24),[?],[?]
814,"Horne's Commentary on the Book of Psalms, 2 vol.",,,1776,Fourth Day's Sale - Octavo et Infra (p.24),Priestley[?],0.2.0
815,Horneck's Great Law of Consideration,,,,[?],Fourth Day's Sale - Octavo et Infra (p.24),[?],[?]
816,"Nature, End, Design, and Benefit of the Sacrament, frontispiece by Faithorne",,,1695,Fourth Day's Sale - Octavo et Infra (p.24),A.B. Budney[?],[?]
817,"Horsley's (Bp.) Tracts, in Controversy with Dr. Priestley",,,,[?],Fourth Day's Sale - Octavo et Infra (p.24),Bonne[?],0.12.6
818,"Howard (Henry) Earl of Surrey's Poems",,,1717,Fourth Day's Sale - Octavo et Infra (p.24),Priestley,0.9.6
819,"Howell's (Jas.) Familiar Letters",,,1754,Fourth Day's Sale - Octavo et Infra (p.24),Anthell[?],0.6.0 [?]
820,"Huddesford's Salmagundi—Topsy Turvy—and Bubble and Squeak, in 1 vol.",,,1793,Fourth Day's Sale - Octavo et Infra (p.24),[?],[?]
821,Hudson Flora Anglica,,,1798,Fourth Day's Sale - Octavo et Infra (p.24),[?],0.9.0 [?]
822,"Humane Prudence; or the Art by which a Man may raise Himself and his Fortune to Grandeur",,,1692,Fourth Day's Sale - Octavo et Infra (p.24),W.R. James[?],0.3.0
823,"Hume's Philosophical Essays concerning Human Understanding",,,1748,Fourth Day's Sale - Octavo et Infra (p.24),[?],[?]
824,"Essays, Moral and Political",,,1748,Fourth Day's Sale - Octavo et Infra (p.24),[?],[?]
826,"Four Dissertations",,,1723,Third Day's Sale [contd] - Octavo et Infra (p.25),Pearce[?],0.1.0 [?]
827,"(John's) Select Poems",,,1809,Third Day's Sale [contd] - Octavo et Infra (p.25),M'Martin,0.4.0 [?]
828,"and John Ford Dialogues",,,,[?],Third Day's Sale [contd] - Octavo et Infra (p.25),M'Gwillim[?],[?]
829,"Inquiry into the Original of our Ideas of Beauty",,,,[?],Third Day's Sale [contd] - Octavo et Infra (p.25),[?],[?]
830,"on the Nature and Conduct of the Passions and",,,1720,Third Day's Sale [contd] - Octavo et Infra (p.25),[?],[?]
831,"Historical Essay concerning Witchcraft",,,1720,Third Day's Sale [contd] - Octavo et Infra (p.25),Anthell[?],0.3.0 [?]
832,Horace Voyage a Genes,,,1787,Third Day's Sale [contd] - Octavo et Infra (p.25),[?],[?]
833,"Warton's, or Collections concerning the",,,1727,Third Day's Sale [contd] - Octavo et Infra (p.25),Shalldsale[?],[?]
834,"Hutton Description of the Casmander",,,,[?],Third Day's Sale [contd] - Octavo et Infra (p.25),[?],[?]
835,"History of Art in the Known World",,,1765,Third Day's Sale [contd] - Octavo et Infra (p.25),[?],[?]
836,"of the English Poets and Dramatick Poets",,,1719-20,Third Day's Sale [contd] - Octavo et Infra (p.25),Anthelle[?],0.6.0 [?]
837,"as Mysteria Aegyptiorum",,,,[?],Third Day's Sale [contd] - Octavo et Infra (p.25),Boone[?],0.3.6
838,"Econ. Fever, 1761—Trad on Fevers, 1776—Fothergill's",,,,[?],Third Day's Sale [contd] - Octavo et Infra (p.25),Priestley[?],[?]
839,"Essay on the Preservation of Health, in 1 vol.",,,1793,Third Day's Sale [contd] - Octavo et Infra (p.25),[?],[?]
840,"Sonnets Works, 4 vol. portrait",,,1792,Third Day's Sale [contd] - Octavo et Infra (p.25),Anthell[?],[?]
841,"Names and Order of all the Monarchs, and the Evidences of the Christian Religion",,,,[?],Third Day's Sale [contd] - Octavo et Infra (p.25),Buttes[?],[?]
842,"Disquisitions, 1782—Madon on Executive Justice, and Appendix",,,1785,Third Day's Sale [contd] - Octavo et Infra (p.25),Lowe[?],0.4.0
843,"Gallei (Gal.) Opere, 2 tom.",,,Fior. 1655,Third Day's Sale [contd] - Quarto,C.B.[?],0.3.0
844,"Mathematical Discourses relating to Mechanicks and Local Motion",,,1730,Third Day's Sale [contd] - Quarto,M'Dawes[?],0.2.0
845,"Condley's Glory of Queen Anne in the Royal Navy",,,1703,Third Day's Sale [contd] - Quarto,Blunt[?],0.2.6
846,"Garnier Flora Universale di Tutte le Professioni del Mondo",,,Fir. 1651,Third Day's Sale [contd] - Quarto,Pearce[?],0.4.0
847,"Gay's (John) Poems, 2 vol. in 1",,,1729,Third Day's Sale [contd] - Quarto,Reedd[?],0.6.0 [?]
848,"Fables, 2 vol. in 1, fine plates",,,1727,Third Day's Sale [contd] - Quarto,M' Willington[?],[?]
849,"Gemma Phrysius da Principiis Astronomie et Cosmographia",,,1530,Third Day's Sale [contd] - Quarto,Buthersa[?],0.4.6
850,"Ghislieri Predizione della Cometa dell Anno 1735, plates",,,,[?],Third Day's Sale [contd] - Quarto,Blunt,0.6.0
851,"Giannone (Pietro) Istoria Civile del Regno di Napoli, 4 tom.",,,1757,Third Day's Sale [contd] - Quarto,Blunt[?],[?]
852,"Opere Posthume, 2 tom.",,,Firenz. 1768,Third Day's Sale [contd] - Quarto,Payne,0.1.6 [?]
853,"Gibbon's (Ed.) Decline and Fall of the Roman Empire, 6 vols, vol. 2 found, rest boards",,,1776,Third Day's Sale [contd] - Quarto,Priestley,0.5.12.6 [?]
854,"Miscellaneous Works, 2 vol. portrait",,,1796,Third Day's Sale [contd] - Quarto,Priestley,0.1.13.0
855,"Gibson (Edm.) Chronicum Saxonicum, Lat. et Sax.",,,Oxon. 1692,Fourth Day's Sale [contd] - Quarto (p.26),Hood[?],[?]
856,[?],,,,[?],Fourth Day's Sale [contd] - Quarto (p.26),[?],[?]
857,"Gilles's (John) History of Ancient Greece, 2 v. port.",,,1786,Fourth Day's Sale [contd] - Quarto (p.26),[?],[?]
858,Glanville's Essays in Philosophy and Religion,,,1676,Fourth Day's Sale [contd] - Quarto (p.26),[?],[?]
859,"Glover's Leonidas, a Poem",,,1770,Fourth Day's Sale [contd] - Quarto (p.26),[?],[?]
860,"Godwin's Enquiry concerning Political Justice, 2 vol.",,,1793,Fourth Day's Sale [contd] - Quarto (p.26),M' Willdes[?],[?]
861,Gravina della Ragion Poetica,,,,[?],Fourth Day's Sale [contd] - Quarto (p.26),[?],[?]
862,"Gray's (Thos.) Poems and Letters, with his Life by Mason, portrait",,,,[?],Fourth Day's Sale [contd] - Quarto (p.26),[?],[?]
863,"Grew's History of Kamschatka, maps and plates—Muller's Voyages from Asia to America, in 1 v.",,,1764-1761,Fourth Day's Sale [contd] - Quarto (p.26),Locock[?],[?]
864,"Guiccerdale Commetarii della Furia Clodiana, Abacoste",,,1703,Fourth Day's Sale [contd] - Quarto (p.26),Pearce,0.6.0
865,"Hale's a New System of Geography, maps",,,1769,Fourth Day's Sale [contd] - Quarto (p.26),Pearce[?],[?]
866,Hall's Poetical Words,,,,[?],Fourth Day's Sale [contd] - Quarto (p.26),[?],[?]
867,Hall's Wide Miscellany, 8 vol.,,,1768,Fourth Day's Sale [contd] - Quarto (p.26),[?],[?]
868,"Hawkesworth's Account of the Voyages of Byron, Wallis, Carteret, and Cook, 3 vol. plates",,,,[?],Fourth Day's Sale [contd] - Quarto (p.26),Pearce,0.3.6
869,"Hayley's (Wm.) Essay on History",,,1780,Fourth Day's Sale [contd] - Quarto (p.26),[?],[?]
870,Plays for a Private Theatre,,,1784,Fourth Day's Sale [contd] - Quarto (p.26),[?],[?]
871,"Triumphs of Temper, a Poem",,,1781,Fourth Day's Sale [contd] - Quarto (p.26),Pearce,0.3.6
872,"Essay on Epic Poetry—Poetical Epistles on an Eminent Persons",,,,[?],Fourth Day's Sale [contd] - Quarto (p.26),[?],[?]
873,(N. F.) Biblioteca Italiana,,,1752,Fourth Day's Sale [contd] - Quarto (p.26),Payne[?],0.4.6
874,"(Ital. Italian), 2 tom. in 1, o sia Notizia de Libri",,,,[?],Fourth Day's Sale [contd] - Quarto (p.26),[?],[?]
875,"del Tesoro Brittannico, 2 vol.",,,Lond. 1771,Fourth Day's Sale [contd] - Quarto (p.26),Priestley,0.6.6 [?]
876,"2 tom. in 1, plus",,,1719,Fourth Day's Sale [contd] - Quarto (p.26),[?],[?]
877,"Hayward's Life and Rayne of King Edward the Sixth, uncut",,,1630,Fourth Day's Sale [contd] - Quarto (p.26),Pearce[?],[?]
878,Rhetorical Lexicon Gr. et Lat. ex Patrick,,,1737,Fourth Day's Sale [contd] - Quarto (p.26),Priestley[?],[?]
879,"Venturra's (P.) Journey into England in 1598, reprinted at the private Press of T. C. Williams, Reading",,,1807,Fourth Day's Sale [contd] - Quarto (p.26),Forster[?],0.6.0
880,"Hephaistionis Alexandri Encheiridion de Metris et Poemate Gr. cum Annotai J. C. de Paaw",,,Traj. ed. Rh. 1726,Fourth Day's Sale [contd] - Quarto (p.26),Anthell,0.2.6
881,"Herbert of Cherbury's (Lord) Life, front.",,,1770,Fourth Day's Sale [contd] - Quarto (p.26),Triphese[?],[?]
882,"his Pupil Primer, Dialogue between a Tutor and",,,,[?],Fourth Day's Sale [contd] - Quarto (p.26),Dawes[?],0.5.0
883,"Herschel (Wm.) Four Tracts on Astronomical Subjects",,,1793,Fourth Day's Sale [contd] - Quarto (p.26),[?],[?]
884,"Hesiod, translated by Cooke, 2 vol.",,,1728,Fourth Day's Sale [contd] - Quarto (p.26),Blunt[?],0.6.0
885,Heylin's History of the Sabbath,,,1636,Fourth Day's Sale [contd] - Quarto (p.26),Fenfield[?],0.7.0
886,"Heyolin Lexicon, Screvelli",,,1604,Fourth Day's Sale [contd] - Quarto (p.26),[?],[?]
887,"Hickesii Institutiones Grammaticae Anglo Saxonicae et Moeso-Gothicae—Jonas Grammaticae Islandicae Rudimentaria",,,,[?],Fourth Day's Sale [contd] - Quarto (p.26),Collier[?],0.2.6
888,[?],,,,[?],Fourth Day's Sale [contd] - Quarto (p.26),Bolling[?],[?]
889,"Hildani (Guil. Fab.) Opera Chirurgica",,,Ozon. 1689-83,Fourth Day's Sale [contd] - Quarto (p.26),Normandy[?],0.2.0 [?]
895,Review of the Works of the Royal Society of London,,,,Fourth Day's Sale — Folio,M'Davis,2.0.6
896,"Litteraire de S. Bernard Abbe de Clairvaux et des Auteurs Ecclesiastiques du Douzieme Siecle, &c.",,,,Fourth Day's Sale — Folio,Payne,6.6
897,"Memoires de l'Academie Royale des Inscriptions et Belles Lettres, &c., plates",,,,Fourth Day's Sale — Folio,Poore[?],
898,History of Persia,,2 vol.,1715,Fourth Day's Sale — Folio,Bland[?],
899,History of Persia,,,,Fourth Day's Sale — Folio,,
900,"Homer's Lord Kames's Sketches of the History of Man",,2 vol.,1774,Fourth Day's Sale — Folio,Field,
901,"Dapper's (Dr. W.) Works",,,,Folio,Colling[?],
902,Darbius Dictionarium Linguae Britannicae et Latinae,Darbius,,1633,Folio,Hick[?],
903,"De Foe (Guill.) Atlas Nouveau",,,,1728,Folio,Chalpee[?],
904,"Diodorus Siculus, translated by Booth, maps",,,,1700,Folio,,
905,"Dictionnaire de l'Academie Francoise, 4 t. en 2",,,Amst. 1786,Folio,Dering[?],
906,"Dugdale's (W.) Monasticon, 3 vols",,3 vol.,,Folio,,
907,"Du Cange Glossarium ad Scriptores Mediae et Infimae Lati-nitatis cum Supplemento Carpenteriano, 10 v.",,,Par. 1733,Folio,O'Brion[?],
908,"Eddystone Light House, Plans, &c. of, 23 plates, and Description",,,,Folio,Anstey[?],
909,"Encyclopedie, ou Dictionnaire Raisonne des Sciences des Arts et des Metiers avec Supplement, planches, 33 t.",,33 vol.,1751,Folio,,
910,"Erasmi (Desid.) Adagia",,,,Franc. 1659,Folio,M'Philler[?],
911,Brodgen's Ecclesiastical History,,,,Camb. 1693,Folio,Coupelle[?],
912,"Evelyn's (John) Sylva et Terra, MS additions",,,,1729,Folio,,
913,"Fabricii Bibliotheca Graeca, plates",,,,1708,Folio,Davis,
914,"Fibri Thesauri Linguae Latinae, Gesner!, 2 vol.",,,Lips. 1749,Folio,Charles[?],
915,Flaxman's Designs for Homer's Iliad,,,,1805,Folio,,
916,"Frid. Urispreg.Chronic.Imperat.collect et Minoris Monachia",,,,Folio,M'Gavin[?],
917,"Physica Elegan Technica Historia, 3 v.",,,Oppenh. 1507,Folio,,
918,"Fortescue de Laudibus Legum Angliae, front.",,,1616,Folio,Priestley[?],
919,Foscarini della Litteratura Veneziana,,vol 1,,Folio,,
917[sic],Fuller's (Thos.) History of the Worthies of England,Fuller (Thos.),,,Folio,Priestley,6.7.6
918[sic],Church History of Britain,,"2 vol.",1655,Folio,Priestley,3.3
919,Independent Whig,,2 vol.,1732,Fifth Day's Sale — Octavo et Infra,Williams,
920,Italian Vocabulary,,,,Fifth Day's Sale — Octavo et Infra,,
921,"Jodrell's Illustrations of Euripides, 3 vol.",Jodrell,3 vol.,1781,Fifth Day's Sale — Octavo et Infra,Pearson[?],
922,"Johnson's (Dr. Sam.) English Dictionary, 2 vol.",Johnson (Dr. Sam.),2 vol.,,Fifth Day's Sale — Octavo et Infra,,
923,Johnson's (Dr. Sam.) English Dictionary,,,,Fifth Day's Sale — Octavo et Infra,,
924,"Dictionary, 2 vol. in 1",,,,Fifth Day's Sale — Octavo et Infra,Shelton[?],
925,"Rambler, 6 vol.",,6 vol.,,Fifth Day's Sale — Octavo et Infra,,
926,"Idler, 2 vol.",,2 vol.,1761,Fifth Day's Sale — Octavo et Infra,Morone[?],
926a,Journey to the Western Islands of Scotland,,,,Fifth Day's Sale — Octavo et Infra,,
927,Prefaces to the Works of the English Poets,,10 vol.,,Fifth Day's Sale — Octavo et Infra,Williams,10.6
928,"Early Life",,,,Fifth Day's Sale — Octavo et Infra,,
929,"Joli (Mr.) Memoires, 3 tom.",Joli,3 vol.,Amst. 1718,Fifth Day's Sale — Octavo et Infra,,
930,"Jones (Rown.) Origin of Language and Nations defined",Jones (Rown.),,1764,Fifth Day's Sale — Octavo et Infra,Stork[?],
931,"(Gul.) Poeseos Asiaticae, Poesin et Latini, t. fo.",Jones (Gul.),,1774,Fifth Day's Sale — Octavo et Infra,Cuthell,
932,"Poems, consisting chiefly of Translations from the Asiatick Languages, MS. notes",,,,Fifth Day's Sale — Octavo et Infra,Cuthell,
933,History of the Life of Nadir Shah,,,,1777,Fifth Day's Sale — Octavo et Infra,,
934,Welsh and English Dictionary,,,,1688,Fifth Day's Sale — Octavo et Infra,,
935,"Journal de Politique et de Literature, 3 tom.",,3 vol.,1777,Fifth Day's Sale — Octavo et Infra,,
936,"Irwin's Voyage up the Red Sea, 2 vol. maps and plates",Irwin,2 vol.,1787,Fifth Day's Sale — Octavo et Infra,Cuthell,
937,"Julien (Empereur) Defense du Paganisme, Gr. et Fr.",,,,1764,Fifth Day's Sale — Octavo et Infra,,
938,"Junius (Woodfall), 2 vol.",,,Gronovii,Fifth Day's Sale — Octavo et Infra,,
939,"Justinus, traduit en Francois, par Colomby",,,,Fifth Day's Sale — Octavo et Infra,,
940,"Juvenal, Lat. et Fr.",,,,1770,Fifth Day's Sale — Octavo et Infra,Couthall[?],
941,"translated by Dryden, plates",,,,1709,Fifth Day's Sale — Octavo et Infra,Spilon[?],
942,Kearsley's Traveller's Guide through Great Britain,,,,1803,Fifth Day's Sale — Octavo et Infra,Cuthell,
943,Keill's Introduction to Natural Philosophy,,,,1733,Fifth Day's Sale — Octavo et Infra,,
944,Kennedy's Scripture Chronology,,,,1751,Fifth Day's Sale — Octavo et Infra,Blunt,
945,Kennet's Lives and Characters of the Ancient Grecian Poets,,,,1697,Fifth Day's Sale — Octavo et Infra,Charles,
946,"Kennett's Antiquities of Rome, plates",,,,1743,Fifth Day's Sale — Octavo et Infra,Owen,3
947,"Long Eloges de la Ville de Mandolem et de ses Ravisseurs",,,,1770,Fifth Day's Sale — Octavo et Infra,Cuthell[?],
948,"Kippis's History of England, portraits",,,,Fifth Day's Sale — Octavo et Infra,Archer[?],
949,"King's Political and Literary Anecdotes of his Own Times, portrait and plates",,,,Fifth Day's Sale — Octavo et Infra,Boone,
950,"La Croze, vie portrait and plainsg[?]",,,,1729,Fifth Day's Sale — Octavo et Infra,Priestley[?],
951,Portrait des Jeunes Artistes[?],,,,1798,Fifth Day's Sale — Octavo et Infra,,
952,"Grammaire de Cinq Langues Francois",,,,Fifth Day's Sale — Octavo et Infra,Cuthell[?],
953,Histoire de Christine Reine de Suede,,,,1760,Fifth Day's Sale — Octavo et Infra,,
954,"Histoire de Christine Queen of Sweden",,,,1761,Fifth Day's Sale — Octavo et Infra,Blount[?],
955,"Stanino Portale transportee dell. A.",,,,Fifth Day's Sale — Octavo et Infra,,
956,"d'Astronomie, planches",,,,1756,Fifth Day's Sale — Octavo et Infra,,
957,"(Vin.) Enumeratio, or the Office of Justice of Peace, with Duties of Constables, black let.",,,"1620, MS",Fifth Day's Sale — Octavo et Infra,Smith,
958,"Land's (R.) Improvements in Education",,,,Fifth Day's Sale — Octavo et Infra,Blunt,
959,Langbaine's Account of the English Dramatic Poetry,Langbaine,,1691,Fifth Day's Sale — Octavo et Infra,Laughmony[?],
960,"Langles (J.) Works, with his Life by Kippis, 11 v.",Langles (J.),11 vol.,1774,Fifth Day's Sale — Octavo et Infra,Blume[?],
961,Larcher's History of Ancient Egypt,,,,Fifth Day's Sale — Octavo et Infra,,
962,"Launoy, Vaillant et Galland l'Histoire de France",,,,,Fifth Day's Sale — Octavo et Infra,,
963,"Laval (P.A.) Confessions, a M.[?] Rousseau",,,,1739,Fifth Day's Sale — Octavo et Infra,Byrne[?],
964,Lea's Historical Account of English Money,Lea,,1729,Fifth Day's Sale — Octavo et Infra,Priestley,9
965,"Lea's Account of English Money, plates",,,,1745,Fifth Day's Sale — Octavo et Infra,,
966,"Lee (Noah) Plan to Botany, 12 plates",,,,1788,Fifth Day's Sale — Octavo et Infra,,
967,"Leland's Itinerary, Hearne, 9 vol. in 3, LARGE PAPER",Leland,9 vol. in 3,1769,Fifth Day's Sale — Octavo et Infra,Ellis,18
968,Le Grain's Treatie of Foods,,,,1705,Fifth Day's Sale — Octavo et Infra,,
969,"Le Noir's (Mrs.) Village Anecdotes, 3 vol.",Le Noir (Mrs.),3 vol.,,Fifth Day's Sale — Octavo et Infra,Cuthell,
970,Enquiry into the Origin of Honour &c.,,,,Fifth Day's Sale — Octavo et Infra,,
971,"Clara de Montfier, a Moral Tale, 3 vol.",,3 vol.,mor. elegt 1807,Fifth Day's Sale — Octavo et Infra,Burney[?],
972,Clara de Montfier,,3 vol.,1808,Fifth Day's Sale — Octavo et Infra,Cuthell[?],
973,"Lemonnier (Abb.) Free Thoughts on Religion",,,,Fifth Day's Sale — Octavo et Infra,,
974,"Mandeville, translated by Creech &c.",,,,1697,Fifth Day's Sale — Octavo et Infra,,
975,Mort's (Hul.) Poems,,,,Fifth Day's Sale — Octavo et Infra,Bird[?],
976,Norfolk and Shropshire,,,,Fifth Day's Sale — Octavo et Infra,,
977,"Mignot's Memoires de la Regence",Mignot,,Fifth Day's Sale — Octavo et Infra,Little[?],
978,"Memoires (Abbe de) History of the Arabians, 4 vol.",,4 vol.,1758,Fifth Day's Sale — Octavo et Infra,Cuthell[?],
979,"Marius Daunois Portail, Francois et Hollandois, 2 t.",,2 vol.,1770,Fifth Day's Sale — Octavo et Infra,,
980,"Marmontel (Mons. de) Oeuvres, 4 tom.",Marmontel,4 vol.,1763,Fifth Day's Sale — Octavo et Infra,Griffith[?],
981,"Paysan Parvenu, 4 tom. in 1",,4 vol. in 1,,Fifth Day's Sale — Octavo et Infra,,
982,"Vie de Marianne, 2 tom.",,2 vol.,,Fifth Day's Sale — Octavo et Infra,Blunt[?],
983,"ou Pensees Philosophiques,",,,,Fifth Day's Sale — Octavo et Infra,,
984,Marmontel (M.) Belisaire,,,,1767,Fifth Day's Sale — Octavo et Infra,,
985,"Contes et Nouveau Contes Mor.",,,Par. 1765,Fifth Day's Sale — Octavo et Infra,Barnilly[?],
985a,"Memoires, 4 tom.",,4 vol.,1806,Fifth Day's Sale — Octavo et Infra,Charles,
986,rout 5 tom.,,5 vol.,,Fifth Day's Sale — Octavo et Infra,Derry[?],
987,"Ment (Clement) Oeuvres",,,Lyra 1741,Fifth Day's Sale — Octavo et Infra,,
988,"Marpurg's (Frid.) Historical and Critical Essay on Music, in German, 3 tom.",Marpurg (Frid.),3 vol.,Berlin 1754,Fifth Day's Sale — Octavo et Infra,Smith,
989,"Martin (Benjamin) Philosophy, 2 vol — History of England, 2 vol — Miscellaneous Correspondence, 4 vol — Biographia Philosophica Philology, 2 vol — Mathematica, 2 vol. in all 13 vol. plates",Martin (Benjamin),13 vol.,"1735, 64",Fifth Day's Sale — Octavo et Infra,Blunt,
990,Martial's Epigrams,,,,1695,Fifth Day's Sale — Octavo et Infra,Pillisdale[?],7
991,"Martial's Epigrames, by Hay",,,,1793,Fifth Day's Sale — Octavo et Infra,,
992,"Martinelli's (Dottore) English to Politiche",,,,Fifth Day's Sale — Octavo et Infra,Payne[?],
993,"Moore's (John) Essay on the Power of Numbers",,,,Fifth Day's Sale — Octavo et Infra,Byrone[?],
994,Missinger's Catalogues et Avioncity[?],,,,Fifth Day's Sale — Octavo et Infra,,
995,"Messenger's (Philip) Dramatical Works, 4 vol. port.",Messenger (Philip),4 vol.,1779,Fifth Day's Sale — Octavo et Infra,Burtly[?],
996,"Mattias (T.J.) Odes, English and Latin, not published",,,,1798,Fifth Day's Sale — Octavo et Infra,Anscelly[?],
997,"Homer Burlesqued, translations of Iliad",,,,Quarto,Christian[?],
998,"Hooke's (N.) Roman History, 3 vol.",,3 vol.,,Quarto,Harg[?],
999,"Horrebow, Basis",,,,Quarto,,
1000,"Hornitius, Basilii, 4 vol. maps and plates",,4 vol.,,Quarto,Prichet[?],
1001,"Hume (David), Eng. by Francis, 2 vol. 8vo MS additions",,2 vol.,,Quarto,Charles,
1002,"Horatii Flacci omnia Ohi. Vari",,,Ante. 1619,Quarto,Gerthel[?],
1003,"Horace's Art of Poetry, by Colman",,,1783,Quarto,,
1004,"Hupees (China) Consequences",,,,1693,Quarto,J. Innouz[?],
1005,"Hume's (David) Essays",,,,Quarto,,
1006,"Hunt's (Jonathan) History of England, 6 vol. in 4",,6 vol. in 4,,Quarto,,
1007,"Hunt's Observations on several Passages in the Book of Proverbs, &c. &c.",,,,1775,Quarto,,
1008,"History of the Pest; a pleasant Discourse between the Alderman and Frid Citizen; wherein is declared the Nature of the Disease, how it came, and how it may be cured, a Poem, by J.F., Westminster",,,Lond. 1619,Quarto,Tophook[?],
1009,"Hyde (Thom.) Veterum Persarum et Parthorum et Medorum Religionis Historia",Hyde (Thom.),,Oxon. 1703,Quarto,Ellis,
1010,"1087 Ida (E.) Alternativa vera Tracks from Moscow over",,,,Fifth Day's Sale — Quarto,,
1011,"Land to China, plates, fine copy",,,,1798,Quarto,Bells[?],
1012,"Innes' Essay on the Ancient Inhabitants of the Northern parts of Britain or Scotland, 2 vol. t. p.",,2 vol.,,Quarto,Cuthell,
1013,"Jackson's (John) Chronological Antiquities, 2 vol. MS.",,2 vol.,,Quarto,Gerthel[?],
1014,"Jamblichus, Gr. et Lat. Theodoretii",,,,1754,Quarto,,
1015,"Jephson's Roman Portraits, a Poem, portraits",Jephson,,1788,Quarto,,
1016,"Johnson's (Dr. Sam.) English Dictionary, 2 vol.",Johnson (Dr. Sam.),2 vol.,1788,Quarto,Yolking[?],5.6
1017,Physiological Disquisitions,,,,1779,Quarto,Cooper,
1018,"(Sir Win.) Works, 8 vol. plates",,8 vol.,1785,Quarto,Priestley[?],
1019,"Justin's (J.) Life of Erasmus, vol. 1, portrait",,vol. 1,,Quarto,Cambell[?],
1020,Justin's Life of Erasmus,,2 vol.,,Quarto,,
1021,"Journal from Grand Cairo to Mount Sinai and back again",,,,1753,Quarto,Willis[?],
1022,Jean's Christian Policier,,,,Quarto,,
1023,"Junius (Franc.) Painting of the Ancients",,,,1638,Quarto,Beaumont[?],
1024,,,,1638,Quarto,Charles,10.6
1025,"System of a Astronomical Chronology",,,,1798,Quarto,Davis,3
1026,"Love and Misfortunes at Richmond after taken by the Scots, Prince Charles, &c.",,,,Oxf. 1764,Quarto,Clodey[?],
1027,"of Criticism",,,,1798,Quarto,Oiler[?],
1028,"Lempriere's Universal Biography[?] Hosp. for Pity Dublin",,,,1798,Quarto,,
1029,"Process of Civil Legislature",,,,1745,Quarto,,
1030,Issued by Rawlinson,,,,Fifth Day's Sale — Quarto,Oisenille[?],
1031,"Noris Bibliotheca MSS. Librorum, Latin",,,,1653,Quarto,,
1032,"MS. additions, Biographical and Historical Dictionary",,,,Fifth Day's Sale — Quarto,,
1033,"Works, portrait",,,,Fifth Day's Sale — Quarto,,
1034,"Epitome of Chronicles, continued by Cooper",,,,Fifth Day's Sale — Quarto,Cuthell,3
1035,"de Mounceaux Calendrier Somali[?]",,,,1709,Fifth Day's Sale — Quarto,Davis,
1036,Essais du Systeme du Monde,,,,1790,Fifth Day's Sale — Quarto,,
1037,"(W.) Marriage by the Moral Law of God vin.",,,,1695,Fifth Day's Sale — Quarto,Gold,
1038,Lassel Duty of a Steward to his Lord,,,,1727,Fifth Day's Sale — Quarto,Groone,
1039,"Island's (Thomas) Life of Philip King of Macedon, 2 vol.",,2 vol.,1758,Fifth Day's Sale — Quarto,,
1040,,,,1791,Fifth Day's Sale — Quarto,Showster[?],1.1
1041,"Locke's (G. W.) English Etymology, or a Derivative Dictionary of the English Language",,,,1783,Fifth Day's Sale — Quarto,Danotelly[?],
1042,"Long Traictee sopra la Grammatique, et Eloguence",,,,Fifth Day's Sale — Quarto,,
1043,"Le Dante, Petrarcha et Boccaccio, Figura",,,,1526,Fifth Day's Sale — Quarto,Mattley[?],
1044,"Lipsius de Gladiatorio et di Amphitheatro, cum figuris, s.",,,,1584,Fifth Day's Sale — Quarto,,
1045,Liston's Essay on Perfect Intonation,,,,1812,Fifth Day's Sale — Quarto,M'Manus[?],
1046,"Libi's (Lindcomb) Consort of Tune",,,,1590,Fifth Day's Sale — Quarto,Oylee,
1047,"Libi's (Don.) English, French, Spanish and German Nomenclature",,,,Fifth Day's Sale — Quarto,Peter[?],
1048,"Lesmonds (Vis.) Memoir of the Reign of James II",,,,1808,Fifth Day's Sale — Quarto,Gondy[?],
1049,York,,,,Fifth Day's Sale — Quarto,,
1050,"Lowth's (Bp.) Translation of Isaiah, MS. notes",Lowth (Bp.),,1778,Fifth Day's Sale — Quarto,Oylee,
1051,"Lucian's Works, by Francklin, 2 vol.",Lucian,2 vol.,1780,Fifth Day's Sale — Quarto,Priestley,
1052,by Francklin,,2 vol.,1780,Fifth Day's Sale — Quarto,,
1053,"Goodwin's History of the Reign of King Henry V, portrait",,,,1704,Fifth Day's Sale — Folio,White[?],
1131,"Gray's Poems, with Bentley's Designs",Gray,,1753,Sixth Day's Sale — Folio,,
1132,"Grew's Anatomy of Plants, LARGE PAPER, plates",Grew,,1682,Sixth Day's Sale — Folio,Simco[?],
1133,"Guicciardini Descrittione di tutti i Paesi Bassi, figura",,,,Anvers. 1588,Sixth Day's Sale — Folio,Cuthell,
1134,"Guicciardine's Aphorismes, Civil and Military",,,,1613,Sixth Day's Sale — Folio,Cuthell,2.5
1135,Habington's History of King Edward the Fourth,,,,1640,Sixth Day's Sale — Folio,Cormana[?],
1136,"Harrington's (Jas.) Oceana and other Works, with his Life by Toland",,,,Sixth Day's Sale — Folio,M'Kean[?],3.6
1137,"Harris's Collection of Voyages and Travels, 2 vol. pts.",Harris,2 vol.,1744,Sixth Day's Sale — Folio,Christie,
1138,"Herbert (Lord) of Cherbury's Life and Reign of King Henry VIII, portrait",,,,Sixth Day's Sale — Folio,Powell,14
1139,Herschel's Catalogue of Stars,Herschel,,1672,Sixth Day's Sale — Folio,Shess[?],11
1140,"Hevelii (Joh.) Selenographia, sive Lunae Descriptio, plates",,,,1798,Sixth Day's Sale — Folio,Ellis,7.6
1141,"Hickesii Linguarum Veterum Septentrionalium Thesaurus, 90/1 2 tom. Charl. Max. portrait and plates",,,Gedan. 1647,Sixth Day's Sale — Folio,Blunt,7
1142,"Hobbes' (Tho.) Leviathan",Hobbes (Tho.),,Oxon. 1703,Sixth Day's Sale — Folio,Cuthell,
1143,"Hofmanni (Jo. Jac.) Lexicon Universale, 4 tom.",Hofmanni (Jo. Jac.),4 vol.,1651,Sixth Day's Sale — Folio,Payne,4.8
1144,"Inett's Origines Anglicanae, or a History of the English Church",,,,Lug. Bat. 1698,Sixth Day's Sale — Folio,,
1145,"Isidori Originum Libri Viginti ex Antiquitate Eruti et Capella de Nuptiis Philologiae et Mercurii, in 1 vol.",,,,1704,Sixth Day's Sale — Folio,Christie,6.6
1146,"Johnson's (Dr. Sam.) English Dictionary, 2 vol.",Johnson (Dr. Sam.),2 vol.,Basil. 1577,Sixth Day's Sale — Folio,Smyth B[?],1.6
1147,"Jonson's (Benj.) Works, portrait",Jonson (Benj.),,1755,Sixth Day's Sale — Folio,Holdor[?],2
1148,"Josephus' Works, translated by J. Court, plates",,,,1640,Sixth Day's Sale — Folio,Rodds,15.6[?]
1149,"Junius (Fr.) de Pictura Veterum, MS. additions",Junius (Fr.),,1733,Sixth Day's Sale — Folio,Smith,1
1150,"Junii (Fr.) Etymologicum Anglicanum, portrait, Or.",Junii (Fr.),,1743,Sixth Day's Sale — Folio,Ogles,2.12
1151,,,,,Sixth Day's Sale — Folio,,
1152,"Juvenal, translated by Holyday",,,,ib. 1673,Sixth Day's Sale — Folio,Priestley,2.7
1153,"Mattei (Sterio) Opere, 13 tom.",Mattei (Sterio),13 vol.,"Napoli, 1779",Sixth Day's Sale — Octavo et Infra,Tiphook[?],5
1154,"May's New Review, 9 vol.",,9 vol.,"1783, 86",Sixth Day's Sale — Octavo et Infra,Leuthley[?],
1155,"Maubet, Histoire Politique du Siecle, depuis la Paix de Westphalie jusqu'a la derniere Paix d'Aix la Chapelle, 2 tom.",,2 vol.,1754,Sixth Day's Sale — Octavo et Infra,Delabivier[?],
1156,"Maupertuis (Mr. de) Oeuvres, 4 tom.",,4 vol.,1756,Sixth Day's Sale — Octavo et Infra,Ellis,6.6
1157,"Maxime de Tyr, Discours Philosophique, trad. par Formey",,,,1764,Sixth Day's Sale — Octavo et Infra,Helda[?],6
1158,Mazarin (Cardinal) Lettres,Mazarin (Cardinal),,1690,Sixth Day's Sale — Octavo et Infra,Delatinore[?],
1159,"Mazzinghi's History of London and Westminster, Eng. and French",Mazzinghi,,1703,Sixth Day's Sale — Octavo et Infra,Pearce,6.6
1160,"Meads (Rd.) Mechanical Account of Poisons",Meads (Rd.),,1747,Sixth Day's Sale — Octavo et Infra,Sheldon,
1161,Discourse concerning Pestilential Contagion,,,,1725,Sixth Day's Sale — Octavo et Infra,Byron,6
1162,"Medina, the Knowledge of",,,,1715,Sixth Day's Sale — Octavo et Infra,,
1163,"Melanges, 2 tom.",,2 vol.,,Sixth Day's Sale — Octavo et Infra,Pearce,
1164,"de Literature, d'Histoire et de Philosophie, 5 tom.",,5 vol.,1767,Sixth Day's Sale — Octavo et Infra,Cuthyle[?],
1165,"Melville (Sir Jas.) Memoirs, by Scott",Melville (Sir Jas.),,1735,Sixth Day's Sale — Octavo et Infra,Cuthell,4
1166,"Memoires Litteraires Contenant des Reflexions sur l'Origine des Nations, &c. &c.",,,,1760,Sixth Day's Sale — Octavo et Infra,Chalmor[?],
1167,"Menagiana, ou les Bon Mots, 4 tom.",,4 vol.,1762,Sixth Day's Sale — Octavo et Infra,Chalmor[?],
1168,Menestrier de la Chevalerie Ancienne et Moderne,,,,1683,Sixth Day's Sale — Octavo et Infra,,
1169,Menagio (Egidio) Mescolanzee,,,,Venet.,Sixth Day's Sale — Octavo et Infra,Camplurk[?],
1170,"Mercure de France, depuis Octre. 1755 jusqu'au Decre. 1777 (several wanting)",,,,1777,Sixth Day's Sale — Octavo et Infra,Delabivre[?],1.1
1171,"Litteraire et Politique, tom. 11, 12, 13, 14, 15, 17, 18, 19, 20, 21, 22, 23, 24, part in Nos. and part bound",,,,1804,Sixth Day's Sale — Octavo et Infra,Pearce,9.6
1172,"Memoria Italian, 12 Nos.",,,,1790,Sixth Day's Sale — Octavo et Infra,,
1173,"Memoire Trait Historiques des Traites relatifs au Magicienne Ancien",,,,Fifth Day's Sale — Octavo et Infra,Beveridge[?],
1174,"Metastasio Opere, varias odd volumes, different editions",Metastasio,,,Sixth Day's Sale — Octavo et Infra,Hall,
1175,"Lion, Poetique, 4 tom.",,4 vol.,1749,Sixth Day's Sale — Octavo et Infra,,
1176,"Leti, Works",,,,Fifth Day's Sale — Octavo et Infra,Pelfrey[?],
1177,"Lion, translated by Diox[?], 3 vol.",,3 vol.,1800,Sixth Day's Sale — Octavo et Infra,,
1178,"Mezaray's Abrege de l'Histoire de France, 4 tom.",,4 vol.,,Sixth Day's Sale — Octavo et Infra,Jephson[?],
1179,"Michaelis, or Old W[?] Merryn Magazine, 3 vol.",,3 vol.,,Sixth Day's Sale — Octavo et Infra,,
1180,Miller's History of England under Queen Anne,Miller,,,Sixth Day's Sale — Octavo et Infra,,
1181,Miller's Gardener's Dictionary,,,,Sixth Day's Sale — Octavo et Infra,,
1182,"Dictionary, 3 vol.",,3 vol.,,Sixth Day's Sale — Octavo et Infra,,
1183,Milton's Paradise Lost,Milton,,,Sixth Day's Sale — Octavo et Infra,,
1184,"Poems, by Warton, first edition",,,,Sixth Day's Sale — Octavo et Infra,,
1185,,,,,,Sixth Day's Sale — Octavo et Infra,,
1186,"Paradiso Perduta, da Mariottini, portrait",,,,1796,Sixth Day's Sale — Octavo et Infra,,
1187,"Francis Merope, Translations — Sentimental Original",,,,Fifth Day's Sale — Octavo et Infra,,
1188,"Poema Commedia — Dialoghi del Dottor L. Letters",,,,Fifth Day's Sale — Octavo et Infra,Tophook[?],
1189,Teatro alle Moda,,,,Fifth Day's Sale — Octavo et Infra,,
1190,"Misson's Voyage to Italy, 4 vol. plates",,4 vol.,"1714, 10, Reg.",Sixth Day's Sale — Octavo et Infra,Priestley,
1191,"Mirabeau's History[?]",,,,Fifth Day's Sale — Octavo et Infra,Kinsella[?],
1192,"Modeles de Lettres Secretes de la Cour de Berlin, 2 t.",,2 vol.,,Sixth Day's Sale — Octavo et Infra,,
1193,"Modeles Plastiques sur Differens Genres",,,,1795,Sixth Day's Sale — Octavo et Infra,,
1194,"Modeles, or Universal Biography, 2 v. portrait. Manners, or the Concert Cavalier",,2 vol.,"1723, and Novels",Sixth Day's Sale — Octavo et Infra,,
1195,"Bath Guide, and vol.",,,,1794,Sixth Day's Sale — Octavo et Infra,,
1196,"Molloy de Jure Maritimo et Navali",,,,1707,Sixth Day's Sale — Octavo et Infra,,
1197,"Monboddo on the Origin and Progress of Language, 6 vol.",Monboddo,6 vol.,,Sixth Day's Sale — Octavo et Infra,Child[?],6
1198,Monnet Theorie des Cometes,Monnet,,1774,Sixth Day's Sale — Octavo et Infra,,
1199,Histoire des Arts qui ont rapport au dessin,,,,Fifth Day's Sale — Octavo et Infra,Shawkes[?],
1200,"Monnet (Jean) Memoires, 2 tom. en 1",Monnet (Jean),2 vol. in 1,,Sixth Day's Sale — Octavo et Infra,Shawkes[?],
1201,"Mont's (Du) Voyage to the Levant, Plates",,,,Sixth Day's Sale — Octavo et Infra,,
1202,"Montague's (Lady M. Wortley) Letters, 4 vol. in 2",Montague (Lady M. Wortley),4 vol. in 2,,Sixth Day's Sale — Octavo et Infra,Humeley[?],
1203,"(Ed. W.) Rise and Fall of Antient Republics",,,,Sixth Day's Sale — Octavo et Infra,M'Goursley[?],2
1204,"MS. notes, &c.",,,,Sixth Day's Sale — Octavo et Infra,,
1205,"Montagu's (Mrs.) Essay on the Writings and Genius of Shakespeare",Montagu (Mrs.),,1769,Sixth Day's Sale — Octavo et Infra,,
1206,"Ex. Shakespeare, Aspin[?]",,,,1777,Sixth Day's Sale — Octavo et Infra,,
1207,"Montaigne's (Michael de) Essays, 3 vol.",Montaigne (Michael de),3 vol.,1700,Sixth Day's Sale — Octavo et Infra,Cuthell,4.6
1208,"Montaigne's (Michael de)",,,,1703,Sixth Day's Sale — Octavo et Infra,Burney,
1209,"Montain (Louis de) Lettres Provinciales",,,,1733,Sixth Day's Sale — Octavo et Infra,Mittleda[?],3
1210,"Montesquieu l'Esprit des Lois, 3 tom.",Montesquieu,3 vol.,Genev. 1749,Sixth Day's Sale — Octavo et Infra,Brashley,
1211,"sur les Causes de la Grandeur des Romains",,,,1734,Sixth Day's Sale — Octavo et Infra,Parliamond[?],
1212,"Montesquieu Lettres Persanes, 2 tom.",,2 vol.,1730,Sixth Day's Sale — Octavo et Infra,Williams,
1213,"Lettres Persanes, 2 tom. in 1",,,,1747,Sixth Day's Sale — Octavo et Infra,Dolce[?],
1214,"Persian Letters, by Ozell, 2 vol.",,2 vol.,1730,Sixth Day's Sale — Octavo et Infra,,
1215,"Miscellanies, Pieces",,,,Sixth Day's Sale — Octavo et Infra,Middletown[?],
1216,"Reflexions on the Rise and Fall of the Roman Empire",,,,Sixth Day's Sale — Octavo et Infra,,
1217,"Spirit of Laws, 2 vol.",,2 vol.,,Sixth Day's Sale — Octavo et Infra,Cuthell,
1218,"Moore, from the Commencement to 17... and to 30[?], with Ayscouge's Indexes to 1799, 115 vols.",Moore,115 vol.,,Sixth Day's Sale — Octavo et Infra,Priestley,
1219,"Mor's (Sir Tho.) read to a Literary Society at Glasgow",,,,Sixth Day's Sale — Octavo et Infra,,
1220,"More's (Sir Tho.) Commonwealth of Utopia",More (Sir Tho.),,1719,Sixth Day's Sale — Octavo et Infra,,
1221,"Morell (Andr.) Stricturannum Historia, 2 v.",Morell (Andr.),2 vol.,,Sixth Day's Sale — Octavo et Infra,Rope[?],
1222,"(T.) Life of Sir Thomas More, portrait",,,,1726,Sixth Day's Sale — Octavo et Infra,Belly[?],
1223,"Morus Amenita dell'Automata degli Aradi[?]",,,,1784,Sixth Day's Sale — Octavo et Infra,Fredin[?] ittm[?],
1224,"Morabin de Ropiss de l'Ecosse, Douvrier de France",,,,1784,Sixth Day's Sale — Octavo et Infra,,
1225,"More's (Honore de l'Observ.) 11 tom.",,11 vol.,1706,Sixth Day's Sale — Octavo et Infra,,
1226,"Murphy's Life of Garrick, 2 vol. plates",Murphy,2 vol.,1801,Sixth Day's Sale — Octavo et Infra,Cheere[?],
1227,Dr. Samuel Johnson,,,1792,Sixth Day's Sale — Octavo et Infra,,
1228,"Museums; or the Literary and Historical Register, 4 v.",,4 vol.,1746,Sixth Day's Sale — Octavo et Infra,,
1229,"Musgrave's (Sam.) Two Dissertations on Grecian Mythology",,,,1783,Sixth Day's Sale — Octavo et Infra,Simco,
1230,"ingr. &c. t. p.",,,,Fifth Day's Sale — Octavo et Infra,,
1231,"Mythographi Latini, ed. T. Munckero",,,,Amst. 1681,Sixth Day's Sale — Octavo et Infra,Brockley[?],
1232,"Nature Displayed, 4 vol. plates",,4 vol.,1740,Sixth Day's Sale — Octavo et Infra,,
1233,,,,,Sixth Day's Sale — Octavo et Infra,,
1234,"Navagero (And. de) Poesies, 2 tom.",,2 vol.,1754,Sixth Day's Sale — Octavo et Infra,Tophook,
1235,"Necker v l'Administration des Finances de la France",Necker,,1701,Sixth Day's Sale — Octavo et Infra,,
1236,,,,,Sixth Day's Sale — Octavo et Infra,,
1237,Necrologe des Hommes Celebres de France,,,,1785,Sixth Day's Sale — Octavo et Infra,Vener[?],
1238,"New Annual Register, from 1780 to 1797, 18 vol.",,18 vol.,1798,Sixth Day's Sale — Octavo et Infra,M'Priestley,1.18
1239,and 1760,,,,Sixth Day's Sale — Octavo et Infra,,
1240,"New Foundling Hospital for Wit, 6 vol.",,6 vol.,1784,Sixth Day's Sale — Octavo et Infra,Poulgrena[?],
1241,Nichols Biographical Anecdotes of Hogarth,Nichols,,1781,Sixth Day's Sale — Octavo et Infra,Cuthell,
1242,Nimtz's View of Professor Kant's Principles,,,,1796,Sixth Day's Sale — Octavo et Infra,Walley[?],
1243,"Norden's Travels in Egypt and Nubia, plates",Norden,,1757,Sixth Day's Sale — Octavo et Infra,Cuthell,
1244,"Northumberland's (Earl of) Household Book; at his Castles of Wresill and Lekinfield, fine copy",,,,1770,Sixth Day's Sale — Octavo et Infra,Chreste[?],
1245,"Nort's Bampton Lecture Sermons, with MS. Opinions thereon, extra",,,,1803,Sixth Day's Sale — Octavo et Infra,Cuthell,
1246,"Nugent's Grand Tour, 4 vol.",Nugent,4 vol.,1756,Sixth Day's Sale — Octavo et Infra,Golden[?],
1247,Oeuvres l'Philosophie de Sans Soucci,,,,1703,Sixth Day's Sale — Octavo et Infra,Filice[?],
1248,"Oldys's British Librarian; or an Abstract of our most scarce and good valuable Books",Oldys,,,,Sixth Day's Sale — Octavo et Infra,Moyart[?],3
1249,"Olifaunte (N.) Traite des Estropiques[?]",,,,1700,Sixth Day's Sale — Octavo et Infra,,
1250,"Olao Magno, Suecia de Gentium Populi Septent.",,,,1601,Sixth Day's Sale — Octavo et Infra,Cuthell,3.6
1251,"Greves per M. Romigs[?]",,,,1607,Sixth Day's Sale — Octavo et Infra,,
1252,"D'Olivera's (Cliev.) Memoires Historiques de Portugal, 2 tom.",,2 vol.,,Sixth Day's Sale — Octavo et Infra,Boone,
1253,"Opera, Italiane, 3 tom.",,3 vol.,,Sixth Day's Sale — Octavo et Infra,,
1254,"Orrery's Remarks on the Life and Writings of Swift",,,,1752,Sixth Day's Sale — Octavo et Infra,Chasee[?],2
1255,,,,,,Sixth Day's Sale — Octavo et Infra,,
1256,"Orme's Historical Fragments of the Mogul Empire, maps",,,,1782,Sixth Day's Sale — Octavo et Infra,Cuthell,
1257,"Orphans, Gr. et Lat. Gesneri",,,,1784,Sixth Day's Sale — Octavo et Infra,,
1258,"Origin of Printing, and Supplement",,,"1774-81, 86",Sixth Day's Sale — Octavo et Infra,Gold,
1259,and Progress of Dissection,,,,Sixth Day's Sale — Octavo et Infra,,
1260,Original Thought of the Primitive Church,,,,Sixth Day's Sale — Octavo et Infra,Pearce[?],
1261,Origines des Premieres Societes des Peuples des Sciences,,,,Sixth Day's Sale — Octavo et Infra,Chalmers,
1262,"Osbeck's Voyage to China and the East Indies, 2 vol.",Osbeck,2 vol.,1771,Sixth Day's Sale — Octavo et Infra,Eckerson[?],
1263,"Osborne (Fr.) Works",Osborne (Fr.),,1689,Sixth Day's Sale — Octavo et Infra,,
1264,"Ossian Poesie, trasportate in Verso Italiano, del Melchiore Cesarotti, 2 tom.",,2 vol.,,Sixth Day's Sale — Octavo et Infra,,
1265,"Other Side of the Question; or an Attempt to rescue the Characters of Q. Mary and Q. Anne",,,,1742,Sixth Day's Sale — Octavo et Infra,Cuthell,
1266,Character of Q. Mary and Q. Anne,,,,Sixth Day's Sale — Octavo et Infra,Cuthell,
1267,"Otway's (Mr. Thos.) Works, 3 vol.",Otway (Mr. Thos.),3 vol.,1742,Sixth Day's Sale — Octavo et Infra,Cuthell,6
1268,"Ovidius, Lat. et Fr. trad. par Martigues, 3 tom.",,3 vol.,1697,Sixth Day's Sale — Octavo et Infra,Cuthell,
1269,"Ovide Oeuvres Galantes et Amoureuses, 2 tom en 1",,2 vol. in 1,,Sixth Day's Sale — Octavo et Infra,,
1270,"Ovid's Metamorphoses, with his Amours, plates",,,,Sixth Day's Sale — Octavo et Infra,,
1271,"Metamorphoses, by Garth, 2 vol.",,2 vol.,,Sixth Day's Sale — Octavo et Infra,Charles,
1272,"Art of Love, plates",,,,Sixth Day's Sale — Octavo et Infra,,
1273,"Fasti, translated by Wm. Massey",,,,1710,Sixth Day's Sale — Octavo et Infra,Charles,
1274,"Padova, Descrizione delle Pitture, Sculture et Architetture di",,,,Sixth Day's Sale — Octavo et Infra,Pearce,
1275,"Page's (Mons. de) Travels Round the World in 1767, 8v., 70, 71, 2 vol.",Page (Mons. de),2 vol.,,Sixth Day's Sale — Octavo et Infra,Colman M[?],
1276,"Pains Esprit, Description des Tableaux du",,,,1727,Sixth Day's Sale — Octavo et Infra,,
1277,"Palayo (Curio de St.) Memoires sur l'Ancienne Chevalerie, 2 tom.",,2 vol.,1759,Sixth Day's Sale — Octavo et Infra,Boond[?],6
1278,,,,,1730,Sixth Day's Sale — Octavo et Infra,Spon[?],
1279,"(St.) Histoire Literaire des Troubadours, 3 t.",,3 vol.,1774,Sixth Day's Sale — Octavo et Infra,Sproden[?],9.6
1280,Palladio de Teatro Olympico,Palladio,,1733,Sixth Day's Sale — Octavo et Infra,,
1281,"Palmer's English, Scotch, and Foreign Proverbs",Palmer,,1710,Sixth Day's Sale — Octavo et Infra,Bob[?],
1282,"Palmieri (Matt.) della Vita Civile",Palmieri (Matt.),,Firenz.,Sixth Day's Sale — Octavo et Infra,Chrysle[?],
1283,"(P. A.) Origine e progressi della Stampa dall Anno 1457 sino, all'Anno 1500",,,,Basil. 1723,Sixth Day's Sale — Octavo et Infra,Tophook,5.6
1284,"Pamphlets (various) 14 vol. half bound, uniform",,14 vol.,,Sixth Day's Sale — Octavo et Infra,Cuthell,3.6[?]
1285,"Pancirole's History of many Memorable Things Lost, 2 v.",,2 vol.,,Sixth Day's Sale — Octavo et Infra,Berliandman[?],
1286,"3 tom.",,3 vol.,1718,Sixth Day's Sale — Octavo et Infra,,
1287,"2 tom., 3 Feh.",,2 vol.,1800,Sixth Day's Sale — Octavo et Infra,Schiltons[?],2.6
1288,"d'Expo[?] Dipole[?]",,,,Flug.,Sixth Day's Sale — Octavo et Infra,Waroser[?],6
1289,History of Hungary[?],,,,Sixth Day's Sale — Octavo et Infra,,
1290,"Parnell's (Thos.) Poems and Letters, 2 vol. t. p.",,2 vol.,1743,Sixth Day's Sale — Octavo et Infra,,
1291,"Parr's (Dr.) Life and Letters, 2 vol. t. p.",,2 vol.,1743,Sixth Day's Sale — Octavo et Infra,Christie,
1292,Parson's for the Religion,,,,1743,Sixth Day's Sale — Octavo et Infra,,
1293,"Percy's (Bp.) Reliques of English and Wales",,,,1757,Sixth Day's Sale — Octavo et Infra,Dellitivant,
1294,"Perrot Tablettes de Paris, 2 tom.",,2 vol.,1793,Sixth Day's Sale — Octavo et Infra,Shotthoeler[?],
1295,"Petits Pedans, from 1793 to 1803, 55, plates (Amerique, Y. 100 to 210)",,,,1807,Sixth Day's Sale — Octavo et Infra,,1.6
1296,"Petit Pomme Pratique des Anciens et des Modernes",,,,Sixth Day's Sale — Octavo et Infra,,
1297,"Percy (Thos.) Key to the New Testament",Percy (Thos.),,1773,Sixth Day's Sale — Octavo et Infra,,
1298,"Lucretius, translated by Dr. Busby, 2 v. large paper",,2 vol.,1813,Sixth Day's Sale — Quarto,Smolly[?],5
1299,"Lumsden's (And.) Remarks on the Antiquities of Rome",Lumsden (And.),,1797,Sixth Day's Sale — Quarto,Cuthell,5
1300,"Lysias and Isocrates, translated by Gillies",,,,1778,Sixth Day's Sale — Quarto,Priestley,6
1301,,,,1808,Sixth Day's Sale — Quarto,,
1302,"Macartney's (Earl of) Embassy to China, by Sir G. Staunton, 2 vol. with an Atlas folio volume of plates, fine copy",Macartney (Earl of),2 vol.,1807,Sixth Day's Sale — Quarto,Bossie[?],
1303,"Life, by Barrow, 2 vol. port.",,,1807,Sixth Day's Sale — Quarto,,
1304,"Machiavel's (Nicholas) Works, by Farnsworth, 2 vol.",Machiavel (Nicholas),2 vol.,1708,Sixth Day's Sale — Quarto,Cuthell,3.14.6[?]
1305,"Macklin's Man of the World, portrait",Macklin,,Sixth Day's Sale — Quarto,,
1306,Maclauren's Account of Sir Isaac Newton's Philosophical Discoveries,,,,1748,Sixth Day's Sale — Quarto,Ellis,4
1307,"Madox's (Thos.) History and Antiquities of the Exchequer, 2 vol. t. r. MS additions",Madox (Thos.),2 vol.,1769,Sixth Day's Sale — Quarto,,3.9
1308,"Maffei (Scip.) Istoria Diplomatica che serve d'Introduzione all'Arta Critica",Maffei (Scip.),,Mant. 1727,Sixth Day's Sale — Quarto,Pearce,
1309,"Magna Britannia — the Part containing London and Middlesex",,,,1720,Sixth Day's Sale — Quarto,Pearce,6.6
1310,"Maillet, Description de l'Egypte, par Mascrier, cartes et figures",,,,1735,Sixth Day's Sale — Quarto,Cuthell,10.6
1311,"Maire and Boscovich, Voyage Astronomique et Geographique, dans l'Etat de l'Eglise, planches",,,,1770,Sixth Day's Sale — Quarto,Cuthell,4.6
1312,"Manni Illustrazione Istorica del Decamerone di Boccaccio, No1. 79 Braisci[?] cop.",,,,Firenz. 1742,Sixth Day's Sale — Quarto,Tophook,10
1313,"Marinelli Istoria d'Inghilterra, tom.",,,,1770,Sixth Day's Sale — Quarto,Sheldon,1
1314,"Martin's (Jos.) New Epigrames, and a Satire in Verse",,,,Sixth Day's Sale — Quarto,,
1315,"Martyr's (Peter) History of the West Indies",Martyr (Peter),,1612,Sixth Day's Sale — Quarto,Hodgson[?],3.6
1316,"Maaseries of Money, a Poem, by A[?] Ingleand",,,,Sixth Day's Sale — Quarto,Burtley[?],
1317,"Maurice's (Thos.) a Short History of Literature, 2 vol. in 1",,2 vol. in 1,,Sixth Day's Sale — Quarto,Nesselly[?],
1318,"Meibom, Jerold.",,,,Sixth Day's Sale — Quarto,,6
1319,"Meursius (Thos. Hall,) 3 vols by M. Bernshire",,,1769,Sixth Day's Sale — Quarto,,
1320,"Merick's Italians, verse into English Verse",,,,1795,Sixth Day's Sale — Quarto,,
1321,"Miscellanea (Distrsi) 60 Oei Espanol, Compositions",,,,Sixth Day's Sale — Quarto,,6
1322,Middleton's (Conyers) Miscellaneous Tracts,Middleton (Conyers),,1741,Sixth Day's Sale — Quarto,,
1323,Life of Cicero,,3 vol.,Lond. 1741,Sixth Day's Sale — Quarto,Gossset[?],
1324,"Miscellaneous Works, 4 vol. Portrait, t. r. MS. Notes",,,1752,Sixth Day's Sale — Quarto,,
1325,"A Free Inquiry into the Miraculous Powers which are supposed to have subsisted in the Christian Church",,,,1747,Sixth Day's Sale — Quarto,Leech,
1326,"Miller's Observations concerning the Distinction of Ranks in Society",,,,Sixth Day's Sale — Quarto,,
1327,"Miscellaneous Poems, 3 vol.",,3 vol.,"1778, 83",Sixth Day's Sale — Quarto,,
1328,"Montucla (J. C.) Histoire des Mathematiques, 2 tom.",Montucla (J.C.),2 vol.,,Sixth Day's Sale — Quarto,Rods[?],
1329,"Morgan's Phoenix Britannicus; being a Miscellaneous Collection of Scarce and Curious Tracts",,,,Sixth Day's Sale — Quarto,Davis,
1330,"Morritt's (J. B. S.) Vindication of Homer",Morritt (J.B.S.),,1798,Sixth Day's Sale — Quarto,Crossley[?],
1331,"Muratori (L. A.) della Perfetta Poesia Italiana, 2 tom.",Muratori (L.A.),2 vol.,,Sixth Day's Sale — Quarto,,
1332,"Dissertazioni sopra le Antichita Italiane, 3 tom.",,3 vol.,,Sixth Day's Sale — Quarto,Priestley,
1333,"Mumenta Italicum, seu Collectio Veterum Scriptorum, Bibliotheca Italica, 2 tom.",,2 vol.,Par. 1692,Sixth Day's Sale — Quarto,Bintelle[?],4.6
1334,Neri Arte Vetraria,Neri,,,Firenz. 1612,Sixth Day's Sale — Quarto,Mortham[?],
1335,"Newton's (Sir I.) Chronology abridged",Newton (Sir I.),,,,Sixth Day's Sale — Quarto,,6
1336,"del. t. r., of Ancient Kingdoms",,,,1728,Sixth Day's Sale — Quarto,M'Davis,
1337,,,,,,Sixth Day's Sale — Quarto,,
1338,del MS. Additions,,,,1729,Sixth Day's Sale — Quarto,,
1339,"Opticks, plates",,,,1729,Sixth Day's Sale — Quarto,Davis,
1340,"Niebuhr (Car.) Voyage et Description de l'Arabie, 4 tom. en 3, cartes et planches",Niebuhr (Car.),4 vol. in 3,1776,Sixth Day's Sale — Quarto,Boone,
1341,"Noris's (Gr.F.) Description of Middlesex and Hertfordshire, maps",,,,Sixth Day's Sale — Quarto,Charles,10
1342,Oda Italiana Varia,,,,1723,Sixth Day's Sale — Quarto,Priestley,1.1
1343,"Orland's (Earl of) Works, 5 vol. plates, fine impressions",Orland (Earl of),5 vol.,1798,Sixth Day's Sale — Quarto,Hodgson,5.7.6
1344,"Orlandi (Fil. Ant.) Abecedario Pittorico",Orlandi (Fil. Ant.),,Nap. 1763,Sixth Day's Sale — Quarto,Cothlit [?],
1345,"(P.A.) Origine e progressi della Stampa dall Anno",,,,Basil. 1723,Sixth Day's Sale — Quarto,Tophook,5.6
1346,Orphei Organatica Gr. et Lat.,,,,Bal. 1523,Sixth Day's Sale — Quarto,Cuthell,3.6[?]
1358,"Ossian's Poems and other Poems, translated by Macpherson",,,,Sixth Day's Sale — Octavo et Infra,Smith,0/6/0
1359,"Ovid, Metamorphoses, de Marolles",,,1660,Sixth Day's Sale — Octavo et Infra,Harding [?],0/5/0
1360,"Orlandi, History of Printing",,,,Sixth Day's Sale — Octavo et Infra,[?],[?]
1361,"Park's (Mungo) Travels in Africa, first Edition, 4to",,,1799,Sixth Day's Sale — Octavo et Infra,Smith,2/10/0
1362,"Parr (S.) of the plates",,,,Sixth Day's Sale — Octavo et Infra,[?],[?]
1363,Patrick's Parable of the Pilgrim,,,1698,Sixth Day's Sale — Octavo et Infra,[?],[?]
1364,"Kaempfer's (Eng.) History of Japan, 2 vol. in 1, plates",,,1727,Sixth Day's Sale — Folio,Canthill [?],4/0/0
1365,"Kempis (Addit.) Trial — Horse Congratulations to Admiral Keppel",,,,Sixth Day's Sale — Folio,Nelson,1/0/0
1366,"Knolles (R.) General History of the Turks, portr.",,,1638,Sixth Day's Sale — Folio,Priestley,5/0/0
1367,Konigii Bibliotheca Vetus et Nova,,,1678,Sixth Day's Sale — Folio,[?],[?]
1368,"L'Estrange (R.) (Hammond) Alliance of Divine Offices",,,1699,Sixth Day's Sale — Folio,Guthrie [?],3/0/0
1369,"Lloyd (Ed.) Archaeologia Britannica, Oxford",,,1707,Sixth Day's Sale — Folio,Sheldon,4/0/0
1370,"Leti, Historia",,,Attr. Allob. 1609,Sixth Day's Sale — Folio,Winne [?],[?]
1371,"Livy's Roman History, with Freinsheim's Supplement",,,1659,Sixth Day's Sale — Folio,ob. Davies [?],4/0/0
1372,"Lozano's (S. de la) Historical Relations of the Kingdom of Siam, 2 vol. in 1, plates",,,1718,Sixth Day's Sale — Folio,ob. Smith,0/6/0
1373,"Lucas (Edmd.) by Rowe",,,,Sixth Day's Sale — Folio,[?],[?]
1374,"Lucian's (Edmd.) Memoirs, portrait, l.p.",,,1731,Sixth Day's Sale — Folio,Ince [?],1/0/0
1375,"Mariana (Juan de) Historia General de Espana",,,"1601,1608",Sixth Day's Sale — Folio,Priestley,1/1/0
1376,"Memoires des Sages et Royalles Oeconomies d'Estat Domestiques, Politiques et Militaires de Henry le Grand, 2 tom. in 1",,,Amst.,Sixth Day's Sale — Folio,DelaRiviere [?],[?]
1377,"Menage (Egid.) Dictionnaire Etymologique de la Langue Francoise, 2 tom.",,,Paris 1750,Sixth Day's Sale — Folio,Forsyth,2/2/0
1378,"Moresini Origini della Lingua Italiana",,,Genev. 1685,Sixth Day's Sale — Folio,[?],[?]
1379,"Menestrier Histoire du Roy Louis le Grand par les Medailles, Emblemes, Devises, &c. planches",,,Paris 1691,Sixth Day's Sale — Folio,ob. Romeo [?],8/8/0
1380,"Mersenii Questiones Celeberrimae in Genesim, cum accurata Textus Explicatione, cum Observationibus Venetii",,,Paris 1623,Sixth Day's Sale — Folio,Smith,2/0/0
1381,"Milton (Jno.) Paradiso Perduto, trad. di Rolli, portrait",,,Lond. 1736,Sixth Day's Sale — Folio,Pearce,2/0/0
1382,"Montfaucon's Antiquities of Italy, by Henley, cuts",,,1725,Sixth Day's Sale — Folio,Smith,2/0/0
1383,"Moreri (Louis) Grand Dictionnaire Historique, avec Supplement, 6 tom.",,,Amst. 1702,Sixth Day's Sale — Folio,Sheloe [?],1/1/0
1384,"Muccardo Note Overo Memorie del Museo, plates",,,1656,Sixth Day's Sale — Folio,Pearce,3/0/0
1385,"Newman's Concordance to the Holy Bible",,,1643,Seventh Day's Sale — Folio,Sheldon,5/0/0
1386,"Olaus Magnus's History of the Goths, Swedes and Vandals",,,1658,Seventh Day's Sale — Folio,Ames,5/0/0
1387,"Old Poems, first editions",,,,Seventh Day's Sale — Folio,Ames [?],1/0/0
1388,"Ovid's Metamorphoses, translated by Sandys, plts.","","","1681,1733 &c",Seventh Day's Sale — Folio,Sheldon,9/0/0
1389,"Parkinson's Paradisi in Sole Paradisus Terrestris, plts.",,,1656,Seventh Day's Sale — Folio,Nott-Miller [?],[?]
1390,"Pasquier Recherches de la France",,,1633,Seventh Day's Sale — Folio,DelaRiviere [?],[?]
1391,"Pausanias, Gr. et Lat. Kuhnii",,,Leipzig 1696,Seventh Day's Sale — Folio,Christie [?],[?]
1392,"Peltier Correspondance Francoise au Tableau de la France, 2d Novre. 1793, jusquen, 24 Aout 1794",,,Paris 1033[?],Seventh Day's Sale — Folio,DelaRiviere [?],[?]
1393,Pergamini Memoriale della Lingua Italiana,,,Venet. 1688,Seventh Day's Sale — Folio,Guthrie [?],2/0/0
1394,"Philostratus, translated by Blount",,,,Seventh Day's Sale — Folio,DelaRiviere [?],1/0/0
1395,"Placentinus de Vocis, Auditisque Organis, Historia Anatomica, plates",,,Venet. 1688,Seventh Day's Sale — Folio,Guthrie [?],2/0/0
1396,"Pliny's Natural History, by Holland, 2 vol. in 1",,,1601,Seventh Day's Sale — Folio,Priestley,3/6/0
1397,"Plutarchi Opera, Gr. et Lat. 2 vol.",,,Francf. 1620,Seventh Day's Sale — Folio,Boone,2/0/0
1398,"Pococke's (R.) Description of the East, 2 vol. plates, fine copy",,,1743,Seventh Day's Sale — Folio,Mortimer [?],2/12/6
1399,"Poetae Veteres Graeci, Gr. et Lat.",,,Aur. 1743,Seventh Day's Sale — Folio,Sheldon [?],[?]
1400,"Postlethwayt's Dictionary of Trade and Commerce, 2 vol.",,,1600[?],Seventh Day's Sale — Folio,Guthrie [?],0/5/0
1401,"Pownall's (T.) Topographical Description of North America, maps",,,1776,Seventh Day's Sale — Folio,Hillman [?],10/0/0
1402,"Preface and Index to the Harleian Collection of MSS.",,,1763,Seventh Day's Sale — Folio,W. H. Miller [?],1/0/0
1403,"Prideaux's (Humph.) Connection of the Old and New Testament, 2 vol. port. and maps",,,1718,Seventh Day's Sale — Folio,Ames,2/0/0
1404,Marmora Oxoniepsia,,,Oxon. 1676,Seventh Day's Sale — Folio,Ogle [?],13/0/0[?]
1405,"Prior's (Matthew) Poems, L.P.",,,1718,Seventh Day's Sale — Folio,Guthrie [?],1/0/0
1406,"Priscianus de partibus Orationis et Constructione — Boetius de Arithmetica, de Musica et de Geometria — Gaffori Practica Musicae, bl. letter",,,1495.99.1502,Seventh Day's Sale — Folio,Child,2/18/0
1407,"Quinctiliani de Oratoria Institutione, Capperonnerii",,,Paris 1725,Seventh Day's Sale — Folio,Christie,1/7/0
1408,"Rousseau du Contrat Social",,,Amst. 1762,Eighth Day's Sale — Octavo et Infra,Whalley [?],2/0/0
1409,"Rousseau, Lettres ecrites de la Montagne",,,1764,Eighth Day's Sale — Octavo et Infra,[?],[?]
1410,"Rousseau, Julie ou Nouveau Heloise, 6 tom. en 7",,,1761,Eighth Day's Sale — Octavo et Infra,Sheldon,6/0/0
1411,"Rousseau, vol 1 wanting, in Nouvelle Heloise, 5 tom.",,,1761,Eighth Day's Sale — Octavo et Infra,Sheldon [?],6/0/0
1412,"Rousseau, Oeuvres, 24 tom. (12 wanting)",,,Genev. 1782,Eighth Day's Sale — Octavo et Infra,Chisee [?],4/0/0
1413,"Rousseau, Emile, ou de l'Education, 4 tom.",,,,Eighth Day's Sale — Octavo et Infra,Moore [?],6/0/0
1414,"Rousseau, Discours sur l'Origine, et les fondemens de l'Inegalite Parmi les Hommes",,,1755,Eighth Day's Sale — Octavo et Infra,Boone,6/0/0
1415,"Rousseau, Discourse upon the Origin and Foundation of the Inequality among Mankind",,,1761,Eighth Day's Sale — Octavo et Infra,Boone [?],0/6/0
1416,"Rousseau, Emilius; or an Essay on Education, 2 vol.",,,1763,Eighth Day's Sale — Octavo et Infra,Gee [?],6/0/0
1417,"Rousseau, Eloisa, 4 vol. — Miscellaneous Works, 5 vol.",,,,"1764,7",Eighth Day's Sale — Octavo et Infra,Mason [?],10/0/0
1418,"Rousseau, 9 vol. melangee",,,,Eighth Day's Sale — Octavo et Infra,[?],[?]
1419,"Rousseau, Letters to Chr. de Beaumont, Alesc. of [?], Treatise on Social Compact, in 1 vol.",,,1763/4,Eighth Day's Sale — Octavo et Infra,Whalley,5/0/0
1420,"Roux (Jos. le) Dictionnaire Comique, Satyrique, &c. 2 tom.",,,1735,Eighth Day's Sale — Octavo et Infra,Brodrick [?],1/0/0
1421,Ro-ley's (Thos.) Poems,,,1777,Eighth Day's Sale — Octavo et Infra,Sheldon,3/0/0
1422,"Rumford's (Count) Essays, Nos. 1 to 7",,,,Eighth Day's Sale — Octavo et Infra,Shuffley [?],1/6/0
1423,"Ruggle Ignoramus Comoedia",,,,Eighth Day's Sale — Octavo et Infra,Triphook,1/8/0
1424,"Ruscelli (Girola.) Commentarij della Lingua Italiana",,,Venet. 1581,Eighth Day's Sale — Octavo et Infra,[?],[?]
1425,"Ruscelli, Fiori delle Rime de Poeti Illustri",,,Vinet. 1558,Eighth Day's Sale — Octavo et Infra,Brodrick [?],5/0/0
1426,"Russell's Young Painter's Letters, 2 vol. l.p. plates",,,1750,Eighth Day's Sale — Octavo et Infra,Logan [?],4/0/0
1427,"Ruzante, Prose et Comedie",,,Ven. 1551/52,Eighth Day's Sale — Octavo et Infra,Triphook,6/0/0
1428,"Rymer's Essay concerning Critical and Curious Learning",,,1698,Eighth Day's Sale — Octavo et Infra,W. H. Orde [?],[?]
1429,"Sabatier Journal Politique National des Etats Generaux, 2 tom.",,,1790,Eighth Day's Sale — Octavo et Infra,Brodrick,1/0/0
1430,"Sacchini (Dr.) Musces [?], 2 parts in 1",,,1704,Eighth Day's Sale — Octavo et Infra,Ive [?],5/0/0
1431,"Sacy 12mo Variorum, Ausilius completus",,,,Eighth Day's Sale — Octavo et Infra,[?],[?]
1432,"Sagittarii (Johannis de) Isphaer [?]",,,,Eighth Day's Sale — Octavo et Infra,Triphook,1/0/0
1433,"La Sage le meme, and des Pieces unies au Theater Francais, 3 tom.",,,,Eighth Day's Sale — Octavo et Infra,Brodrick [?],6/0/0
1434,Saint-Fond [?],,,,Eighth Day's Sale — Octavo et Infra,[?],[?]
1435,"Sautellis (De) Magicus des Experiences de la Machine Pneumatique",,,,Eighth Day's Sale — Octavo et Infra,[?],[?]
1436,"Sauvelle (M.) ou Essais Historiques sur Paris, 3 tom.",,,1763,Eighth Day's Sale — Octavo et Infra,Boone,3/0/0
1437,"Saint-Pierre, Project pour perfectionner l'Education",,,,Eighth Day's Sale — Octavo et Infra,Battler [?],[?]
1438,"Salmon's Geographical Grammar, maps",,,1728,Eighth Day's Sale — Octavo et Infra,Boone,6/0/0
1439,"Sarmiento's Treatise concerning Revolutions in Kings",,,,Eighth Day's Sale — Octavo et Infra,[?],[?]
1440,Sanchoniathon's Phoenician History [?] by Cumberland,,,1720,Eighth Day's Sale — Octavo et Infra,Malden [?],[?]
1441,Sandoval's History of Charles V,,,,Eighth Day's Sale — Octavo et Infra,[?],[?]
1442,Sanson's Geographie,,,,Eighth Day's Sale — Octavo et Infra,[?],[?]
1443,"Sansovinos (Joannis) Folicraticus, sive de nugis Curialium et vestigiis Philosophorum",,,,Eighth Day's Sale — Octavo et Infra,[?],[?]
1444,"Saxe (Marechal) Reveries or Memoires sur l'Art de la Guerre, 2 tom. planches",,,,Eighth Day's Sale — Octavo et Infra,Boone,1/0/0
1445,"Memoires sur l'Infanterie",,,1750,Eighth Day's Sale — Octavo et Infra,[?],[?]
1446,"Sborzo del Commercio di Amsterdam",,,,Eighth Day's Sale — Octavo et Infra,Guthrie [?],2/0/0
1447,"Scaligeriana, Thuana, Perroniana, Pithoeana et Colomesiana",,,,Eighth Day's Sale — Octavo et Infra,[?],[?]
1448,ditto,,,1740[?],Eighth Day's Sale — Octavo et Infra,[?],[?]
1449,"Scelta di Sonetti, con varii critiche Feni [?]",,,,Eighth Day's Sale — Octavo et Infra,Shuttledale [?],[?]
1450,"Schrevelli Lexicon, Graeco Latinum",,,Ven. 1731[?],Eighth Day's Sale — Octavo et Infra,Brodrick,2/0/0
1451,"Schiletck on History, Geography and Chronology",,,,Eighth Day's Sale — Octavo et Infra,[?],1/0/0
1452,"Scott's Epigrammata [?] of Martial, Motions from Horace, &c.",,,1773,Eighth Day's Sale — Octavo et Infra,Forster,1/0/0
1453,"Scott (Thos.) Book of Job, in English Verse",,,1773,Eighth Day's Sale — Octavo et Infra,[?],[?]
1454,"Sedley's (Walter) Minstrelsy of the Scottish Border, 3 vol.",,,1803,Eighth Day's Sale — Octavo et Infra,[?],[?]
1455,"Sedley (Sir Ch.) Poetical Works",,,,Eighth Day's Sale — Octavo et Infra,Holmes [?],3/0/0
1456,"Sejour (Dionis du) Essai sur les Cometes en General",,,,Eighth Day's Sale — Octavo et Infra,[?],[?]
1457,"Seldenus (Joan.) de Dis Syris",,,,Eighth Day's Sale — Octavo et Infra,Puddell [?],[?]
1458,"Selden (John) Table Talk",,,,Eighth Day's Sale — Octavo et Infra,[?],[?]
1459,"Seiden's Duello, or Single Comfort [?]",,,,Eighth Day's Sale — Octavo et Infra,[?],[?]
1460,"Seneca's Morals, by L'Estrange, plates",,,,Eighth Day's Sale — Octavo et Infra,[?],[?]
1461,"Seneca, Epistolae, ridotte nella Lingua toscana, per il Doni",,,1729,Eighth Day's Sale — Octavo et Infra,Guthrie [?],1/0/0
1462,"Senecae, Vie de",,,"Venet. 1649",Eighth Day's Sale — Octavo et Infra,Triphook,1/0/0
1463,"Sentimental Effusion, degli Amori, di Abisocomo e d'Anthia",,,,Eighth Day's Sale — Octavo et Infra,[?],2/0/0
1464,"Sevigne (Madame de) Lettres, 7 tom.",,,1763/38,Eighth Day's Sale — Octavo et Infra,[?],1/0/0
1465,"Seward, Biographiana, 2 vol.",,,Adntn[?],Eighth Day's Sale — Octavo et Infra,Powell,6/0/0
1466,"Seward, Anecdotes of Distinguished Persons, 5 vol.",,,1795,Eighth Day's Sale — Octavo et Infra,Maty [?],[?]
1467,"Shaftesbury's (Earl of) Characteristics, 3 vol.",,,1732,Eighth Day's Sale — Octavo et Infra,Guthrie [?],4/0/0
1468,"Shakespeare (Stockdale Edition) with Ayscough's Index, 2 vol.",,,1790,Eighth Day's Sale — Octavo et Infra,Raston [?],19/6/0
1469,"Shakespeare, by Stevens, 4 maps [?]",,,,Eighth Day's Sale — Octavo et Infra,Shuttledale [?],15/0/0
1470,"Shakespeare, by Hanwell [?], 7 vol. 8vo, latest edit.",,,1793[?],Eighth Day's Sale — Octavo et Infra,Pawley [?],7/0/0
1471,"Shakespeare, Plays, fine paper",,,,Eighth Day's Sale — Octavo et Infra,Brodrick [?],[?]
1472,"Johnson and Steevens, 15 vol.",,,,Eighth Day's Sale — Octavo et Infra,[?],[?]
1473,"Plays, the genuine, 10 Minutes [?], of Daddy [?], 3 v.",,,,Eighth Day's Sale — Octavo et Infra,[?],[?]
1474,"Sharp (Lord) on the Commerce of the America [?]",,,,Eighth Day's Sale — Octavo et Infra,Charles,6/0/0
1475,"Sheares' (Wm.) Works, 3 vol.",,,1726,Eighth Day's Sale — Octavo et Infra,[?],[?]
1476,"Shenstone (Wm. Senr.) Works, 2 vol.",,,Dick. 1769,Eighth Day's Sale — Octavo et Infra,Hodson [?],10/0/0
1477,"Shebbey, Account of the Ancient and Present State",,,,Eighth Day's Sale — Octavo et Infra,[?],[?]
1478,"Shee's (Sir Martin) Rhymes",,,,Eighth Day's Sale — Octavo et Infra,[?],[?]
1479,"Shobert Rudolphs, 2 vol in 1, plates Additions",,,,Eighth Day's Sale — Octavo et Infra,Grist [?],3/0/0
1480,"Sidney (Algernon) Discourses concerning Government",,,1750,Eighth Day's Sale — Octavo et Infra,[?],[?]
1481,"Siecle Literaire de Louis XV, ou Lettres sur les Hommes Celebres, 2 tom.",,,,Eighth Day's Sale — Octavo et Infra,ob. Matley [?],2/6/0
1482,"Sigaud le Fons Traité de l'Electricité",,,,Eighth Day's Sale — Octavo et Infra,Boone,6/0/0
1483,"Signorelli Vicende della Coltura nelle due Sicilie, 5 tom.",,,Nap. 1784,Eighth Day's Sale — Octavo et Infra,Triphook,[?]
1484,"Sophia's Letters upon the Trial of Warren Hastings",,,1796,Eighth Day's Sale — Octavo et Infra,[?],[?]
1485,"Skelton's (Mastery) Works",,,,Eighth Day's Sale — Octavo et Infra,Triphook [?] Malden [?],[?]
1486,"Smart's (Christopher) Poems, 2 vol.",,,1791,Eighth Day's Sale — Octavo et Infra,[?],[?]
1487,Smellie Presoria [?],,,,Eighth Day's Sale — Octavo et Infra,[?],[?]
1488,"Smith's Essay on the Causes of the Variety of Complexion, &c. in the Human Species",,,,Eighth Day's Sale — Octavo et Infra,Burne [?],[?]
1489,"Smith (Sir Thos.) Life, portrait",,,,Eighth Day's Sale — Octavo et Infra,[?],[?]
1490,"Smith (Adam) Wealth of Nations, 3 vol.",,,1784,Eighth Day's Sale — Octavo et Infra,D'Henderse [?],[?]
1491,"Smith, Theory of Moral Sentiments, 2 vol.",,,1790[?],Eighth Day's Sale — Octavo et Infra,[?],[?]
1492,"Smith in the Great Defence of Ditto — Five Discourses [?], Author et Ditto, 3 vol.",,,,Eighth Day's Sale — Octavo et Infra,Clegram [?],2/0/0
1493,Sobrino's Spanish and French Grammar,,,1738,Eighth Day's Sale — Octavo et Infra,Phelps [?],6/0/0
1494,"Solis' History of the Conquest of Mexico, 2 vol. plts.",,,,Eighth Day's Sale — Octavo et Infra,Ames,2/0/0
1495,"Somner's Treatise of the Roman Ports and Forts in Kent",,,1693,Eighth Day's Sale — Octavo et Infra,[?],[?]
1496,"Songs, Collection of",,,,Eighth Day's Sale — Octavo et Infra,Forster,1/0/0
1497,"Sopia (Le) Conte Moral, 7 tom. en 1",,,1758,Eighth Day's Sale — Octavo et Infra,Boone,7/0/0
1498,Sorbiere's Voyage to England,,,1709,Eighth Day's Sale — Octavo et Infra,Sims [?],6/0/0
1499,"South's (Robt.) Sermons, 11 vol.",,,1727,Eighth Day's Sale — Octavo et Infra,Priestley,2/12/0
1500,"Spectateur du Nord, Journal Politique, Litteraire et Moral, 1797 to 1801, 19 vol. fasciculi 1 part",,,1800[?],Eighth Day's Sale — Octavo et Infra,Brodrick [?],10/0/0
1501,"Spectator, Tatler, and Guardian, 14 vol. calf extra, marble",,,,Eighth Day's Sale — Octavo et Infra,Leach,10/0/0
1502,"Spence's, uniform",,,,Eighth Day's Sale — Octavo et Infra,[?],[?]
1503,"Spence's Essay on Pope's Odyssey",,,,Eighth Day's Sale — Octavo et Infra,Priestley,1/6/0
1504,"Spenser's (Edmd.) Works, 6 vol.",,,,Eighth Day's Sale — Octavo et Infra,Guthrie [?],10/0/0
1505,"Spenser, by Hughes, 6 vol. Tonson",,,1750,Eighth Day's Sale — Octavo et Infra,Keith [?],[?]
1506,Speroni Dialoghi,,,Ap. Aldum. Vianq. 1542,Eighth Day's Sale — Octavo et Infra,Payne,2/0/0
1507,"Spinoza (B. de) Vie, par Jean Colerus",,,,Eighth Day's Sale — Octavo et Infra,Guthrie [?],6/0/0
1508,"Spon (Jac.) Histoire de Geneve",,,,Eighth Day's Sale — Octavo et Infra,Browning [?],[?]
1509,"Sprat's History of the Royal Society [?]",,,,Eighth Day's Sale — Octavo et Infra,[?],[?]
1510,"Stanyan's Grecian History, 2 vol.",,,1707[?],Eighth Day's Sale — Octavo et Infra,Miller [?],1/0/0
1511,"Statins, translated by Lewis, 3 vol.",,,,Eighth Day's Sale — Octavo et Infra,[?],[?]
1512,"Steele's Amused [Ihrsel], Commerce",,,"1700—Sentiments",Eighth Day's Sale — Octavo et Infra,[?],[?]
1513,"Sterne's Journey, 4 vol. [?]",,,,Eighth Day's Sale — Octavo et Infra,Moore [?],[?]
1514,Letters,,,3 vol.,Eighth Day's Sale — Octavo et Infra,Boone,1/0/0
1515,"Sterne, Letters, 4 vol.",,,,Eighth Day's Sale — Octavo et Infra,Revide [?],[?]
1516,"Sterlington's (Wm.) Poems, 2 vol.",,,,Eighth Day's Sale — Octavo et Infra,[?],[?]
1517,"Stillingfleet's (Benj.) Tracts relating to Natural History, &c. plates",,,,Eighth Day's Sale — Octavo et Infra,F. Burney [?],7/6/0
1518,Stonehouse's Interest Tables,,,1761,Eighth Day's Sale — Octavo et Infra,[?],[?]
1519,Strange's Catalogue of Pictures,,,,Eighth Day's Sale — Octavo et Infra,Boone [?],[?]
1520,"Strange's, of the Royal Academy of Arts, 1768 — Strange's Barry's, &c. of Pictures in the Adelphi, in 1 vol.",,,,Eighth Day's Sale — Octavo et Infra,Smith,1/0/0
1521,"Rise and Establishment of the Royal Academy of Arts",,,,Eighth Day's Sale — Octavo et Infra,[?],[?]
1522,"Suckling's (Sir John) Works, 2 vol.",,,1770,Eighth Day's Sale — Octavo et Infra,Guthrie [?],4/6/0
1523,Suetonius,,,,Eighth Day's Sale — Octavo et Infra,[?],[?]
1524,"Sully, Lat. et Fr. trad. par de la Harpe, 2 tom.",,,1770,Eighth Day's Sale — Octavo et Infra,Williams,8/0/0
1525,"Sully (Duc de) Memoires, 8 tom.",,,,Eighth Day's Sale — Octavo et Infra,Orange [?],[?]
1526,"Suvarrow's (Count Alexr.) Campaigns, 2 vol. port.",,,,Eighth Day's Sale — Octavo et Infra,Guthrie [?],[?]
1527,"Swift's (Dean) Letters, by Hawkesworth, 6 vol.",,,1768,Eighth Day's Sale — Octavo et Infra,[?],[?]
1528,"Swift, Works, 8 vol.",,,Dublin 1735,Eighth Day's Sale — Octavo et Infra,[?],[?]
1529,"Swift, Life of Dr. John Swift [?]",,,,Eighth Day's Sale — Octavo et Infra,Gutter [?],[?]
1530,"Swinburne's Travels in Spain in 1775 and 1776, 2 v.",,,,Eighth Day's Sale — Octavo et Infra,[?],[?]
1531,"Table Generale des Journaux Anciens et Modernes, 12tom. (tom. 11 wanting)",,,1787,Eighth Day's Sale — Octavo et Infra,Priestley,1/0/0
1532,"Tableau Historique des Gens de Lettres, 2 tom.",,,1776,Eighth Day's Sale — Octavo et Infra,Williams,4/0/0
1533,"Tablettes, Anecdotes, et Historiques des Rois de France",,,,Eighth Day's Sale — Octavo et Infra,[?],[?]
1534,"Taciti Opera, Gronovii, 2 vol.",,,Glasg. 1743,Eighth Day's Sale — Octavo et Infra,Chalmers [?],3/6/0
1535,"Tamisier Anthologie; ou Recueil des plus beaux Epigrammes Grecs",,,1017[?],Eighth Day's Sale — Octavo et Infra,Shorvaler [?],[?]
1536,"Tasso's Jerusalem Delivered, by Fairfax",,,,Eighth Day's Sale — Octavo et Infra,[?],[?]
1537,"Tasso, Aminta",,,Hoole 1707,Eighth Day's Sale — Octavo et Infra,[?],[?]
1538,"Taylor's Mystical Imitations or Hymns of Orpheus",,,1787,Eighth Day's Sale — Octavo et Infra,[?],[?]
1539,"Teatro Ebraico, scelta di Tragedie, tratte d'Argomenti Ebraici, 3 tom.",,,"Ven. 1791[?]",Eighth Day's Sale — Octavo et Infra,F. Malley [?],3/6/0
1540,"Teatro, Antico Tragico, Comico, Pastorale Drammatico",,,Ven. 1785,Eighth Day's Sale — Octavo et Infra,Heber,3/0/0
1541,"Tempio Italiano, 3 tom.",,,,Eighth Day's Sale — Octavo et Infra,F. Malley [?],5/0/0
1542,"Tencin, les Hommes Sermons [?], 3 tom.",,,,Eighth Day's Sale — Octavo et Infra,Hodson [?],[?]
1543,"Tom. petit, les Bons Hommes des sept Vertus, sept Ars Liberaux, sept Ars Mechaniques, sept Sacremens, sept Ars de Poesie, sept Ars de Rhetorique, sept quaere Ars Magiques, bl. Letter, petit",,,Cont. 1473[?],Eighth Day's Sale — Octavo et Infra,Sheldon,15/0/0
1544,"Tennyson [?], Lat. et Fr.",,,,Eighth Day's Sale — Octavo et Infra,Laile [?],3/0/0
1545,"Tennyson, Lat. et Fr. par Dacier, 3 tom.",,,1747,Eighth Day's Sale — Octavo et Infra,[?],[?]
1546,"Tennyson, Lat. et Eng. 3 vol.",,,,Eighth Day's Sale — Octavo et Infra,Shopper [?],5/0/0
1547,"Tennyson, translated by Oilmen [?], 3 vol. plates",,,,Eighth Day's Sale — Octavo et Infra,Calphort [?],[?]
1548,"Tennyson, Discours sopra i principij di tutti i",,,,Eighth Day's Sale — Octavo et Infra,[?],[?]
1549,"d'Olimbia Fortuna [?]",,,,Eighth Day's Sale — Octavo et Infra,ob. Guthrie [?],6/0/0
1550,"Testamento (Giovanni) Bona [?]",,,,Eighth Day's Sale — Octavo et Infra,[?],[?]
1551,"Trissino, (and) Psalms, in Prose and Verse",,,,Eighth Day's Sale — Octavo et Infra,Obrien [?],4/0/0
1552,"Traice (Mr. Le) Art de bien lire",,,,Eighth Day's Sale — Octavo et Infra,[?],[?]
1553,"Salisbury Cathedral, Description of, plates",,,1724,Eighth Day's Sale — Quarto,Guthrie [?],1/6/0
1554,"Salvini (Ant. Mar.) Discorsi Accademici, 3 t.",,,Firenz. 1733,Eighth Day's Sale — Quarto,ob. Guthrie [?],17/6/0
1555,"Sappho, Gr. et Lat. Wolfi",,,,Eighth Day's Sale — Quarto,[?],[?]
1556,Salmoni [?] Tresbaine [?],,,,Eighth Day's Sale — Quarto,[?],[?]
1557,"Salvatori, or the Vision of Alfred, a Poem, front.",,,1802,Eighth Day's Sale — Quarto,Boone,1/0/0
1558,Scheltini Bibliotheca Benedictina,,,,Eighth Day's Sale — Quarto,ob. Clayton [?],6/0/0
1559,"Sartini (Tomb) Introductione Armonica",,,,Eighth Day's Sale — Quarto,Crompton [?],[?]
1560,Sevilla Historica della Sacra Inquisitione,,,,Eighth Day's Sale — Quarto,[?],5/0/0
1561,"Sigea (Ray Angel) de la Invencion Liberal y Arte del Juego del Axedres",,,Alcala 1561,Eighth Day's Sale — Quarto,Priestley,[?]
1562,"Simon's (Thos.) Medals, Coins, and Great Seals, engraved plates",,,,Eighth Day's Sale — Quarto,[?],[?]
1563,"Smart's Poems, frontis.",,,1752,Eighth Day's Sale — Quarto,Martin [?],3/0/0
1564,"Horatian Canons of Friendship, in 1 vol.",,,,Eighth Day's Sale — Quarto,[?],[?]
1565,"Translation of the Psalms of David",,,1769,Eighth Day's Sale — Quarto,Bedot [?],[?]
1566,"Smith, with various Poetical Essays on the Supreme Being, &c. &c.",,,1765/50[?],Eighth Day's Sale — Quarto,ob. Smith,6/0/0
1567,"Smith's (Robt.) Compleat System of Opticks, 2 vol. plates",,,1738[?],Eighth Day's Sale — Quarto,Priestley,2/0/0
1568,"Somers' (Lord) First Collection of Scarce and Valuable Tracts, 4 tom.",,,1748,Eighth Day's Sale — Quarto,Smith,10/0/0
1569,"Somerville's (Thos.) Political Transactions from the Restoration of K. Charles II, to the Death of K. William",,,1792,Eighth Day's Sale — Quarto,Boone,2/0/0
1570,"Sophocles, translated by Potter",,,,Eighth Day's Sale — Quarto,[?],[?]
1571,"Sophocles, Francklin, 2 vol.",,,1789,Eighth Day's Sale — Quarto,Broone [?],5/0/0
1572,"Sophocles, 2 vol. in 1",,,1759,Eighth Day's Sale — Quarto,ob. Gattin [?],5/0/0
1573,"Sorrentino Istoria della Monte Vesuvio",,,Nap. 1734,Eighth Day's Sale — Quarto,Cherie [?],[?]
1574,"Sparrman's (And.) Voyage to the Cape of Good Hope, 2 vol.",,,1785[?],Eighth Day's Sale — Quarto,Davies,9/0/0
1575,"Sprat's (Bp.) History of the Royal Society of London",,,1702,Eighth Day's Sale — Quarto,Humble [?],1/0/0
1576,"Stanley's (Thos.) History of Philosophy, plates",,,1687[?],Eighth Day's Sale — Quarto,[?],[?]
1577,"Strange (G.) [?]  de Maria Maddal. et Theresa [?]",,,,Eighth Day's Sale — Quarto,[?],[?]
1578,"Stevens', Spanish and English",,,,Eighth Day's Sale — Quarto,Clarke [?],[?]
1579,"Storie (Brs. Ch. Ed.) Collection di Novell, [?]",,,,Eighth Day's Sale — Quarto,Haney [?],6/0/0
1580,"Stow's (John's) Survey of London, blk letter",,,,Eighth Day's Sale — Quarto,ob. Triphook,5/6/0
1581,"Survey of London, black letter",,,1618[?],Eighth Day's Sale — Quarto,[?],[?]
1582,"Strabone, Geographia, traduite da Buonacciuoli",,,,Eighth Day's Sale — Quarto,[?],[?]
1583,"Strada (Fam.) dalla, traduc e Frusola, 2 tom. figure",,,,Eighth Day's Sale — Quarto,Burges [?],0/9/0
1584,"Strahlenberg's (Von) Description of the North and Eastern Parts of Europe and Asia, maps and plates",,,,Eighth Day's Sale — Quarto,Turnbull [?],1/0/0
1585,"Strange's Critical and Antiquarian Remarks",,,,Eighth Day's Sale — Quarto,Crawley [?],[?]
1586,"Stuart (Gilbert) Antiquity and Heraldry Remarks",,,,Eighth Day's Sale — Quarto,[?],[?]
1587,"Sully's (Duke of) Memoires, by Mrs. Lennox, 3 vol.",,,1757[?],Eighth Day's Sale — Quarto,[?],[?]
1588,"Swinton (Joan) Histoire des Inscriptions, 3 vol.",,,1760[?],Eighth Day's Sale — Quarto,[?],[?]
1589,"Tablieu Genealogique des Heros du Roman",,,"foo 1681[?]",Eighth Day's Sale — Quarto,[?],[?]
1590,"Taciti Opera, Ind. et lat. 2 tom.",,,1608[?],Eighth Day's Sale — Quarto,[?],[?]
1591,"Tatler's Catalogue of Ancient and Modern 2 vol.",,,,Eighth Day's Sale — Quarto,Triphook,[?]
1592,"Tassoni, Dieci Libri di Pensieri Diversi",,,Fiore. 1636[?],Eighth Day's Sale — Quarto,[?],[?]
1593,"Temple of Love, a Masque presented by the Queenes Ma-jesty and her Ladies at Whitehall on Shrove Tuesdaye night, Songs & Anims. described by Inigo Jones, Surveyor of his Majestie's Workes, and Wm. Davenant, her Majesties Servant",,,,Eighth Day's Sale — Quarto,Jolley [?],[?]
1594,Theobald's Shakespeare Restor'd,,,London 1634[?],Eighth Day's Sale — Quarto,Heber,3/0/0
1595,"Thomson's (Jas.) Seasons, 2 v.",,,,Eighth Day's Sale — Quarto,[?],[?]
1596,"Thou (Ja. Aug. de) Histoire Universelle, 11 t.",,,Haye 1740,Eighth Day's Sale — Quarto,Holmes [?],3/0/0
1597,"Thucydides, translated by Smith, 2 vol.",,,1753,Eighth Day's Sale — Quarto,Burwell [?],[?]
1598,"Tindal's (Wm.) History and Antiquities of Evesham",,,,Eighth Day's Sale — Quarto,[?],[?]
1599,"Tindal (Matt.) Christianity as Old as the Creation, plates",,,1730[?],Eighth Day's Sale — Quarto,Crawley [?],[?]
1600,"Tiraboschi (Giron.) Storia della Letteratura Italiana, 9 tom.",,,,Eighth Day's Sale — Quarto,Priestley,0/15/0
1601,"Tournefort's Voyage into the Levant, 2 vol. maps and plates",,,,Eighth Day's Sale — Quarto,Sheldon,6/0/0
1602,"Tokman's Discourses on the Four Gospels",,,1718,Eighth Day's Sale — Quarto,[?],[?]
1603,"Tickell — Poetical — Dramatick, &c. 10 vol.",,,1773,Eighth Day's Sale — Quarto,Dibber [?],[?]
1604,Tractatus Theologico-Politicus,,,1670[?],Eighth Day's Sale — Quarto,[?],[?]
1605,"Tragicae (Laur.) de Visi, e dei Difetti del Moderno Teatro",,,,Eighth Day's Sale — Quarto,F. ob. Heber,3/0/0
1606,"Teatro, Roma",,,1753[?],Eighth Day's Sale — Quarto,[?],[?]
1607,atro [?],,,Rome 1732[?],Eighth Day's Sale — Quarto,[?],[?]
1445,"Price's (Rd.) Observations on Civil Liberty, with additions",,,1776,Seventh Day's Sale — Octavo et Infra,Charles,5/0/0
1446,"Prior (Rivesdale) on the Picturesque",,,,Seventh Day's Sale — Octavo et Infra,Charles [?],[?]
1447,"Price, Dialogues on the Distinct Characters of the",,,,Seventh Day's Sale — Octavo et Infra,[?],[?]
1448,Priestley's Life of Mahomet,,,1801,Seventh Day's Sale — Octavo et Infra,Charles,3/0/0
1449,"Priestley's Rudiments of English Grammar, 7 by 2[?]",,,1769,Seventh Day's Sale — Octavo et Infra,Roupier [?],3/0/0
1450,"Prinsep's Defence of an Ancient Pronunciation against pronouncing the Greek Language according to Accents, in 1 vol.",,,,Seventh Day's Sale — Octavo et Infra,Charles,6/0/0
1451,Principles of Negotiations,,,1754,Seventh Day's Sale — Octavo et Infra,[?],[?]
1452,"Printing Types, Specimens of, by Fry and Co. and Stephenson",,,,Seventh Day's Sale — Octavo et Infra,Winsor [?],6/0/0
1453,"Prior (Matt.) Poems",,,"1707, 01",Seventh Day's Sale — Octavo et Infra,[?],[?]
1454,"Priscianus [?], 2 vol.",,,,Seventh Day's Sale — Octavo et Infra,[?],[?]
1455,"Pritanio (Lam.) Reflessionij sopra il Buono Gusto, 2 t.",,,,Seventh Day's Sale — Octavo et Infra,Whittgrav [?],1/6/0
1456,"Problèmes, ont Plaisant, qui des Amities, ou de Luther et con cile on the Principles le plus mois d'Eglise Chretienne, 2 t.",,,1681[?],Seventh Day's Sale — Octavo et Infra,Haller [?],[?]
1457,Proceedings of the African Association,,,,Seventh Day's Sale — Octavo et Infra,[?],[?]
1458,"Procopius' Secret History of the Court of the Emperor",,,,Seventh Day's Sale — Octavo et Infra,Wifflin [?],[?]
1459,"Progres des Allemandes dans les Sciences, les Belles Lettres et les Arts",,,,Seventh Day's Sale — Octavo et Infra,[?],[?]
1460,"Puffenaazer's (George) Memoirs",,,,Seventh Day's Sale — Octavo et Infra,Harry [?],5/0/0
1461,"Psalms, Descriptions of Portions, parts [?]",,,,Seventh Day's Sale — Octavo et Infra,[?],[?]
1462,"Psalms of David, in Four Languages, set to the Tunes of our Church, by W. Slater",,,1632,Seventh Day's Sale — Octavo et Infra,Rudd [?],4/0/0
1463,"Psalms, new Version, and Hymns for Charlotte-street Chapel, 2v.",,,,Seventh Day's Sale — Octavo et Infra,Boone,1/0/0
1464,Fable Charless for 1805/6,,,,Seventh Day's Sale — Octavo et Infra,[?],[?]
1465,Pufendorf's View of the Principles of the Lutheran Churches,,,,Seventh Day's Sale — Octavo et Infra,[?],[?]
1466,"Pursuits of Literature, a Satirical Poem",,,,Seventh Day's Sale — Octavo et Infra,Myevea [?],1/0/0
1467,"Quinault (Mr.) Theatre, 5 tom.",,,,Seventh Day's Sale — Octavo et Infra,[?],[?]
1468,Quincy's Dispensatory,,,,Seventh Day's Sale — Octavo et Infra,[?],[?]
1469,Quintiliani Institutiones,,,Lond. 1790[?],Seventh Day's Sale — Octavo et Infra,Chancy [?],1/0/0
1470,"Quintilian's Institutes, by Guthrie, 2 vol.",,,,Seventh Day's Sale — Octavo et Infra,[?],[?]
1471,"Quintus Curtius, Lat. et Fr. 2 tom.",,,,Seventh Day's Sale — Octavo et Infra,[?],[?]
1472,"Rabelais' (F.) Works, 2 vol. portrait",,,1737,Seventh Day's Sale — Octavo et Infra,Guthrie [?],2/6/0
1473,"Rabelais' Works, by Ozell, 5 vol. plates",,,1750[?],Seventh Day's Sale — Octavo et Infra,Bettington [?],10/0/0
1474,"Rabutin (Bussy) Letters, 6 tom.",,,1700[?],Seventh Day's Sale — Octavo et Infra,ob. Boone,3/6/0
1475,"Racine, Oeuvres, 2 tom.",,,,Seventh Day's Sale — Octavo et Infra,[?],[?]
1476,"Ramsay's (Allan) Evergreen, 2 vols",,,,Seventh Day's Sale — Octavo et Infra,Butterworth [?],3/6/0
1477,"Rapin of Gardens, Englished by Gardener",,,,Seventh Day's Sale — Octavo et Infra,Robinson [?],3/0/0
1478,"Rapin's (Mena) Critical Works, 2 vol.",,,,Seventh Day's Sale — Octavo et Infra,[?],[?]
1479,"Rawlinson's Method of Studying History, 2 vol.",,,,Seventh Day's Sale — Octavo et Infra,Guilmeatt [?],6/0/0
1480,"Ray's (John) Wisdom of God in the Creation, Physico Theological Discourses, port.",,,1692[?],Seventh Day's Sale — Octavo et Infra,Guthrie [?],1/0/0
1481,"Rea's Collection of English Proverbs",,,"Fait[?] 1767",Seventh Day's Sale — Octavo et Infra,Powell,2/0/0
1482,"Reade's (Isaac) Recreations, portrait",,,1766,Seventh Day's Sale — Octavo et Infra,Ames,3/0/0
1483,"Recueil de divers Philosophes et Politiques des Indes, 2 tom.",,,,Seventh Day's Sale — Octavo et Infra,[?],[?]
1484,"Regale, History of the East and West Indies, translated [?]",,,,Seventh Day's Sale — Octavo et Infra,William [?],8/0/0
1485,"Record's (Robt.) Ground of Artes, teaching the Worke and Practise of Arithmetike, bl. letter",,,,Seventh Day's Sale — Octavo et Infra,Triphook,[?]
1486,le Cer Moulure [?],,,,Seventh Day's Sale — Octavo et Infra,Guthrie [?],[?]
1487,"Recueil des Plus Beaux Vers, qui ont este mis en chante",,,"Paris 1661",Seventh Day's Sale — Octavo et Infra,[?],2/0/0
1488,"Observations curieuses sur les Moeurs, Coutumes, Antiquites des Peuples de l'Asie, l'Afrique et de l'Amerique, 2 tom.",,,,Seventh Day's Sale — Octavo et Infra,Lamy [?],[?]
1489,Reflections upon Marriage,,,1700,Seventh Day's Sale — Octavo et Infra,[?],[?]
1490,"Robinson Philosophy; or the Right Use of Contemplating the Works of the Creator, 3 vol. places",,,1750,Seventh Day's Sale — Octavo et Infra,Kybie [?],3/6/0
1491,"the Instructor, from 1773 to 1784, Part I.",,,1750[?],Seventh Day's Sale — Octavo et Infra,Broadley [?],[?]
1492,"Report containing an Essay for the Amendment of the Silver Coins",,,,Seventh Day's Sale — Octavo et Infra,Windale [?],[?]
1493,"Remede contre l'Ennui, ou l'Art de Briller dans les Conversations, 2 tom.",,,,Seventh Day's Sale — Octavo et Infra,Triphook,1/0/0
1494,"Retir'd Gardens [?], 2 vol.",,,"Fontdi [?]",Seventh Day's Sale — Octavo et Infra,[?],[?]
1495,"Rest of Shakespeare's Text, by Heath, of Exeter",,,,Seventh Day's Sale — Octavo et Infra,Christie,4/6/0
1496,"Reys (Udal ap) Tour through Spain and Portugal",,,,Seventh Day's Sale — Octavo et Infra,Christie,1/9/0
1497,"Richardson's General History of the Stage",,,,Seventh Day's Sale — Octavo et Infra,[?],[?]
1498,"Richardson's (Goln.) Statues, Bas-reliefs, Drawings, and Pictures in Italy, &c.",,,1722,Seventh Day's Sale — Octavo et Infra,Forgotillum [?],5/0/0
1499,"Pictures in Italy, Discourses on Painting, &c.",,,,Seventh Day's Sale — Octavo et Infra,Govram [?],7/6/0
1500,"Richardson (Saml.) Pamela, 4 vol. in 1, plates",,,1785,Seventh Day's Sale — Octavo et Infra,Taylor [?],[?]
1501,"Richardson (Wm.) Analysis and Illustration of some of Shakespeare's Remarkable Characters, 2 vol.",,,1774,Seventh Day's Sale — Octavo et Infra,Priesties [?],[?]
1502,"Rimedella Accademia degli scioli at Palermo",,,"Palerm. 1571",Seventh Day's Sale — Octavo et Infra,Triphook,9/0/0
1503,"Ringhieri (Innocento) Opere",,,,Seventh Day's Sale — Octavo et Infra,[?],[?]
1504,"Rinuccini (Tavola) Opere, 3 tom.",,,font. [?],Seventh Day's Sale — Octavo et Infra,[?],[?]
1505,"Rison's Pieces of Ancient Popular Poetry",,,,Seventh Day's Sale — Octavo et Infra,Triphook [?],12/0/0
1506,"Robin's Collection of English Songs, 3 vol.",,,1753,Seventh Day's Sale — Octavo et Infra,Hodgson [?],15/0/0
1507,"Scotish Songs, with the Music, 2 vol.",,,,Seventh Day's Sale — Octavo et Infra,Whalley [?],[?]
1508,"English Anthology, 3 vol.",,,,Seventh Day's Sale — Octavo et Infra,Guthrie [?],4/0/0
1509,Road to the Land of Bliss,,,,Seventh Day's Sale — Octavo et Infra,[?],[?]
1510,"Robertson's Essay on Punctuation",,,,Seventh Day's Sale — Octavo et Infra,Clegrace [?],5/6/0
1511,"Robertson, History of Scotland, 2 vol.",,,1704[?],Seventh Day's Sale — Octavo et Infra,Gyhell [?],[?]
1512,"Robertson, the Reign of Charles V. 4 v.",,,,Seventh Day's Sale — Octavo et Infra,[?],[?]
1513,Rochefoucault's Maxims and Reflections,,,,Seventh Day's Sale — Octavo et Infra,Abbe [?],[?]
1514,"Rochon Voyage a Madagascar et sur Indes Orientales",,,1791[?],Seventh Day's Sale — Octavo et Infra,Guthrie [?],[?]
1515,"Rogers' Elements of Memory [?]",,,,Seventh Day's Sale — Octavo et Infra,Triphook,17/0/0
1516,"Rollin's System of Natural Philosophy",,,,Seventh Day's Sale — Octavo et Infra,Triphook [?],[?]
1517,"Rollin, Histoire Ancienne, 13 tom.",,,1737[?],Seventh Day's Sale — Octavo et Infra,Sheldon,3/0/0
1518,"Rosti, Maraviglie dell'Arte, 8 vol.",,,,Seventh Day's Sale — Octavo et Infra,Guthrie [?],[?]
1519,"Rossi, Ammaestramento di Pittura, Scultura et Architettura",,,,Seventh Day's Sale — Octavo et Infra,[?],[?]
1520,"Antice et Moderne, Descriptioni di Roma",,,,Seventh Day's Sale — Octavo et Infra,[?],[?]
1521,"Rosa (Salvator) Satire",,,,Seventh Day's Sale — Octavo et Infra,ob. Lamy [?],3/0/0
1522,Rossi's Muses Interpreter,,,,Seventh Day's Sale — Octavo et Infra,Guthrie [?],6/0/0
1523,"Pensions, ou Voyage Historique de la Grece, trad. par Gueroult, 2 tom. plates",,,1793,Seventh Day's Sale — Quarto,ob. Slaving [?],1/0/0
1524,"Peacham's Complete Gentleman — and Gentleman's Exercise in Drawing, &c.",,,,Seventh Day's Sale — Quarto,Boone,9/0/0
1525,"Peltier Dictionnaire Provencal et Francois",,,,Seventh Day's Sale — Quarto,Hartley [?],7/0/0
1526,"Pemberton's (Wm.) View of Sir Isaac Newton's",,,,Seventh Day's Sale — Quarto,Hancock [?],[?]
1527,Pembrokchiu Numismata Antiqua,,,1725,Seventh Day's Sale — Quarto,ob. Thomas,4/6/0
1528,"Pennant's (Thos.) History of Whiteford and Holywell, plates",,,,Seventh Day's Sale — Quarto,Thomas,8/0/0
1529,"Perefixe Histoire du Roy Henry le Grand",,,,Seventh Day's Sale — Quarto,Goldsman [?],[?]
1530,"Perier's History of the Waldenses and Albigensians",,,,Seventh Day's Sale — Quarto,Bloom [?],1/0/0
1531,"Perucci, Pompe Funcbri di Tutte la Nationi del Mondo",,,,Seventh Day's Sale — Quarto,[?],[?]
1532,"Petrarca Rime, per Castrivier",,,"Firen. 1695",Seventh Day's Sale — Quarto,Guthrie [?],12/0/0
1533,"Petrarque, Memoires pour les Vi. de., 3 tom. [?]",,,,Seventh Day's Sale — Quarto,ob. Shuttledale [?],3/0/0
1534,"Philosophical Transactions, abridged to the Year 1720, 5 vol. by Lowthrop, &c. and continued at Large from 1751, 1813, 63 vol. bound uniform — the Remainder in parts unbound, with a vol. of General Index",,,,Seventh Day's Sale — Quarto,Guthrie [?],0/6/0
1535,"Phillip's (Governor) Voyage to Botany Bay, plates",,,1789,Seventh Day's Sale — Quarto,ob. Rose,6/6/0
1536,"Phipps (Const. J.) Voyage towards the North Pole, maps and plates",,,,Seventh Day's Sale — Quarto,[?],[?]
1537,"Pilkington's (Matthew) Dictionary of Painters",,,,Seventh Day's Sale — Quarto,[?],[?]
1538,"Findley, Gr. torn. Schofenio [?]",,,Prenof[?] 1542[?],Seventh Day's Sale — Quarto,Moubrage [?],[?]
1539,"Pingre Cometographie, ou Traite Historique et Theoretique des Comettes, 2 tom.",,,1783,Seventh Day's Sale — Quarto,Guthrie [?],8/0/0
1540,"Placeta de Rebus Anglicia",,,"Paris 1610",Seventh Day's Sale — Quarto,Priestley,2/0/0
1541,"Plini Historia Naturale, Excet. Lat. 12 tom.","","","Paris, 177[?]",Seventh Day's Sale — Quarto,Chaeler [?],14/0/0
1542,"Plinio Historia Naturale, tradutta per Domenichini",,,"Verog. 1525",Seventh Day's Sale — Quarto,Guthrie [?],1/0/0
1543,"Plutarco Opuscoli Morali, trad. del Gandino, &c. 3 tom.",,,1614,Seventh Day's Sale — Quarto,ob. Lamy,9/0/0
1544,"Plutarque Vies des Hommes Illustres, traduit par Dacier, Paris",,,,Seventh Day's Sale — Quarto,Priestley,5/0/0
1545,"Plutarque, Ortho, Fragmenta et Elogia, cum Wolfi, Hamel.",,,,Seventh Day's Sale — Quarto,Crossley [?],[?]
1546,"Plutarque, Vol of Narrativel [?]",,,1739,Seventh Day's Sale — Quarto,Gillman [?],1/0/0
1547,"Plutarque, abridged by Hampson, 3 vol. in 1",,,1739,Seventh Day's Sale — Quarto,Thomas [?],1/14/0
1548,"Pope — Essay on Man — Essay on Criticism",,,,Seventh Day's Sale — Quarto,Boure [?],3/0/0
1549,"Pope's (Alex.) Posthumous Works",,,,Seventh Day's Sale — Quarto,[?],[?]
1550,"Pote's History and Antiquities of Windsor Castle",,,1749,Seventh Day's Sale — Quarto,Blyer [?],5/6/0
1551,"Priestley (Jos.) History and Present State of Electricity",,,1769,Seventh Day's Sale — Quarto,Ogilelly [?],10/0/0
1552,"Priestley, Curiose (Enright) [?]",,,,Seventh Day's Sale — Quarto,[?],[?]
1553,"Prior (Lord) of Abergevn Muzzeum, portrait",,,Firenz. 1733,Seventh Day's Sale — Quarto,Triphook,9/0/0
1554,"Pufhero [?] storica e delle Ragione d'Ogni Poesia, 7 tom.",,,,Seventh Day's Sale — Quarto,ob. DelaRiviere,9/6/0
1555,"Quadrio de l'Institutione de l'Ostetor, traduit par [?]",,,,Seventh Day's Sale — Quarto,Ghier [?],[?]
1556,"Rabbai (C. C.) Sinensini ed Aggiunti Indiani",,,,Seventh Day's Sale — Quarto,Kohler [?],3/6/0
1557,"Ramsay's Travels of Cyrus, 4 v [?]",,,1730[?],Seventh Day's Sale — Quarto,[?],[?]
1558,"Redi (Franc.) Consulati di Lauidi [?]",,,Firenz. 1690[?],Seventh Day's Sale — Quarto,Triphook,[?]
1559,"Rossi Vite de Cinque Huomini Illustri",,,,Seventh Day's Sale — Quarto,Priestle [?],[?]
1560,"Rossi (De) Boone in Toscanna",,,"knol[?] Firenz. 1688",Seventh Day's Sale — Quarto,[?],[?]
1561,"Rees's (Dr.) New Cyclopaedia, all parts, and parts A and S [?]",,,,Seventh Day's Sale — Quarto,Dawson,10/0/0
1562,"Lord's Considerations upon many and Sundrie Histories — Antiquitates Civil and Military, amplified by Mardshall [?]",,,"1601,15",Seventh Day's Sale — Quarto,Guthrie [?],9/0/0
1563,"Russell (Jas.) on the Rate of Travelling, as performed by Camels across the Desert",,,,Seventh Day's Sale — Quarto,Guthalmess [?],3/0/0
1564,"Atlas",,,1787[?],Seventh Day's Sale — Quarto,Guthrie [?],[?]
1565,"Reynold's (Sir J.) Discourses delivered to the Students of the Royal Academy on the Distribution of the Prizes from 1771 to 1786",,,1778/89,Seventh Day's Sale — Quarto,Hodgson,6/0/0
1566,"Cento Giocchi Liberali et d'Ingegno",,,,Seventh Day's Sale — Quarto,Abbey [?],1/1/0
1567,"Rinuccini (Ottav.) Tragedie",,,Bologna 1604,Seventh Day's Sale — Quarto,Triphook,5/0/0
1568,"Robertson's History of Charles V. 3 vol.",,,,Seventh Day's Sale — Quarto,ob. Sheldon,1/14/6
1569,"Robertson, America, 2 vol.",,,1777,Seventh Day's Sale — Quarto,Christie,7/0/0
1570,"Robertson, India, boards",,,,Seventh Day's Sale — Quarto,Boone,4/0/0
1571,"Robertson, Scotland, 2 vol",,,,Seventh Day's Sale — Quarto,Murray [?],3/0/0
1572,"Roscoe's (Wm.) Life of Lorenzo de Medici, 2 vol.",,,1795[?],Seventh Day's Sale — Quarto,Guthrie [?],1/10/0
1573,"Rosini (Jean) Antiquitatum Romanarum, cum Notis Dempster",,,,Seventh Day's Sale — Quarto,Orone [?],1/0/0
1574,"Ruscelli Indicij degl' Uomini Illustri",,,"fenet. 1574",Seventh Day's Sale — Quarto,ob. Triphook,2/6/0
1575,"Russell's (Alexr.) Natural History of Aleppo, 2 v. plts.",,,1794[?],Seventh Day's Sale — Quarto,Guthrie [?],[?]
1576,"Ryley's (Sir Hester) Valors, Nos. 11+80",,,1710/80[?],Seventh Day's Sale — Quarto,Triphook,6/0/0
1577,"Plon (No) Art of Painting and Supplement",,,,Seventh Day's Sale — Octavo et Infra,ob. ob. Price [?],4/19/0
1578,"Pilkington's (Matthew) Poets, frontispiece",,,1769[?],Seventh Day's Sale — Octavo et Infra,Phelps [?],11/0/0
1579,"Pilkington of the French Easies, Gr. et Lat.",,,Lugd. 1592,Seventh Day's Sale — Octavo et Infra,[?],[?]
1580,"Plato, translated by West, 3 vol.",,,,Seventh Day's Sale — Octavo et Infra,Guthrie [?],[?]
1581,"Plato (Apuleid) Versoid Biblioth., 3 Jac. Morrillo [?]",,,,Seventh Day's Sale — Octavo et Infra,Guthrie [?],[?]
1582,"Plosell (Marquissi) Annonniatorum Illustrium, a de praef Gyraldi",,,1687,Seventh Day's Sale — Octavo et Infra,Charles,5/6/0
1583,"Piozzi's (Mrs.) Journey through France, Italy, and Germany, 2 vol.",,,1789,Seventh Day's Sale — Octavo et Infra,Charles,[?]
1584,"Piozzi, Collection of Letters to and from Dr. Johnson",,,,Seventh Day's Sale — Octavo et Infra,Mr Taylor [?],[?]
1585,"ditto, 2 vol. British Synonymy",,,1794,Seventh Day's Sale — Octavo et Infra,[?],[?]
1586,Anecdotes of Dr. Samuel Johnson,,,,Seventh Day's Sale — Octavo et Infra,[?],[?]
1587,Piozzi Glass Book [?],,,,Seventh Day's Sale — Octavo et Infra,un. White [?],[?]
1588,"Piozzi Opera, tradotte da Dardi Bembo, 5 t.",,,Font. 1744[?],Seventh Day's Sale — Octavo et Infra,[?],[?]
1589,"Platea abridged, 3 vol.",,,,Seventh Day's Sale — Octavo et Infra,[?],[?]
1590,"Plutarch, or the State Physician Unmasked, by Goldoni",,,,Seventh Day's Sale — Octavo et Infra,[?],[?]
1591,"Picard, Gravete, on Wetnendam, Amst.",,,"1732[?]",Seventh Day's Sale — Octavo et Infra,Guthrie [?],3/0/0
1592,"Pin [?], Lat. and Fr. trad. par le Vert, 3 tom. est.",,,1691,Seventh Day's Sale — Octavo et Infra,[?],[?]
1593,"Lat. and Engl. 14 T. Lamborn, 10 torn.",,,,Seventh Day's Sale — Octavo et Infra,Shirley [?],7/0/0
1594,"translated by Thornton and Warner, 5 vol.",,,,Seventh Day's Sale — Octavo et Infra,Charles,[?]
1595,3 vol. [?],,,,Seventh Day's Sale — Octavo et Infra,Clidin [?],[?]
1596,Comedies,,,,Seventh Day's Sale — Octavo et Infra,[?],[?]
1597,"Perry, epistolae, 6 vol",,,"Orn. 1686",Seventh Day's Sale — Octavo et Infra,[?],[?]
1598,"Pliny's Letters, by Melmoth, 2 vol.",,,,Seventh Day's Sale — Octavo et Infra,[?],[?]
1599,"Plucke's (Abbe) History of the Heavens, 2 vol.",,,"1740[?]",Seventh Day's Sale — Octavo et Infra,Villeny [?],[?]
1600,"Plutarch's Morals, 5 vol.",,,,Seventh Day's Sale — Octavo et Infra,[?],[?]
1601,"Political Register, and Impartial Review of New Books, from 1767 and 1768, 3 vol. plates",,,,Seventh Day's Sale — Octavo et Infra,Guthrie [?],0/11/6
1602,"Pope's (Alexr.) Works — Homer's Iliad and Odyssey, 20 vol.",,,,Seventh Day's Sale — Octavo et Infra,Guthrie [?],3/7/0
1603,"Pope, by Warton, 9 vol.",,,1797,Seventh Day's Sale — Octavo et Infra,[?],[?]
1604,"Pope's Dunciad Variorum, with the Prolegomena of Scriblerus",,,,Seventh Day's Sale — Octavo et Infra,Hellman [?],3/6/0
1605,"Pascuali Lettere di XIII Huomini Illustri",,,"Venet. 1564",Seventh Day's Sale — Octavo et Infra,[?],[?]
1606,"Perry's Elements of Heraldry, plates",,,,Seventh Day's Sale — Octavo et Infra,Cipriote [?],4/0/0
1607,"Porce Traité des Anciennes Ceremonies",,,1673[?],Seventh Day's Sale — Octavo et Infra,[?],[?]
1608,"Porter's Observations on the Religion, Law, &c. of the Turks, 2 vol.",,,1768,Seventh Day's Sale — Octavo et Infra,[?],2/0/0
1609,"Potter's Antiquities of Greece, 2 vol.",,,1715[?],Seventh Day's Sale — Octavo et Infra,Charles [?],9/0/0
1610,"Potter, plates",,,,Seventh Day's Sale — Octavo et Infra,ob. Castlem [?],3/0/0
1611,"Powell's History of Wales, by Wynne",,,,Seventh Day's Sale — Octavo et Infra,Powell,4/0/0
1612,"Prodera Operetta della ornato delle Donne et de alquanto cose de Consejenza circa el Matrimonio, no date",,,,Seventh Day's Sale — Octavo et Infra,Malloy [?],7/6/0
1613,"Price's (Rich.) Two Tracts on Civil Liberty",,,1778[?],Seventh Day's Sale — Octavo et Infra,Unno [?],6/0/0
1813,"Translation from the French by D.Y.",,,(3 copies),Octavo et Infra (Eighth Day continued),Smith,2.6[?]
1814,"Erasmus (Gen. Glos.) Opera, tom. 1",Erasmus,,Frisen. 1710,Octavo et Infra (Eighth Day continued),Smith[?],2.6[?]
,,,,,FOLIO,,
1815,"Raleigh's (Sir Walter) History of the World, wants the title",,,,Folio,Powell,5.6
1816,"The great body of the Law",,,,Folio,Heber,6.6
1817,"Gall. (Ant. Doria) Compendio&c, Symbolorum&c",,1590,Folio,Williams,3.6
1818,"Lipsii Dictionarium seu Rudimenta",,1563,Folio,[?],[?]
1819,"Magri Dictionarius Forum Eccl.",,Eb. Ant. 1700,Folio,Maplin[?],3.0[?]
1820,"Riant's [?] History of the Turkish Empire",,1723,Folio,[?],[?]
1821,"Somer's (General) Travels, 3 vol. many plates",,,,Folio,Brompston[?],6.6[?]
1822,"Sandy's (Geo.) Travels, Turkey, Egypt, and Italy",,1670,Folio,Priestley,12.0[?]
1823,"Scala (Jos.) Plates",,1670,Folio,[?],2.0[?]
1824,"Stephani Lexicon, Graecae Linguae",,Basel 1572,Folio,Williams,2.0[?]
1825,"Solari's (Abbé) Tracts, portrait",,1683,Folio,[?],[?]
1826,"Solari (Ann.) Opera, a Willins, 6 tom. portrait",,Ven. 1724,Folio,Heber,[?]
1827,"Shaw (Thos.) Travels in Barbary and the Levant, plates",,,,Folio,Boone,3.6
1828,"Simweri (Steph.) Etymologicon Linguae Anglicanae",,Oxford 1702,Folio,Priestley,15.0[?]
1829,"Snelling's (Thos.) View of the Silver Coin and Coinage of England, his View of the Golden Coin and Coinage of England, plates, and MS. additions, 1763, 64, — Snelling's View of the Copper Coin and Coinage of England, — View, Nature, and Use of Jettons or Counters — View of the Silver Coin and Coinage of Scotland — Views of the Coins struck by English Princes in France, Counterfeit Sterlings struck by E.I. Company, West India &c. &c.",,1763-66,Folio,Priestley,8.0[?]
1831,"Speed's (J.J.) History of Great Britain, portrait",,1632[?],Folio,Hodgson[?],1.0[?]
1832,"Spelmani (John) Vita Alfredi Magni Anglorum Regis",Spelman,,1678[?],Folio,Heber,2.0[?]
1833,"Warton's (Sir H.) English Works, portrait",Warton,,1723,Folio,Boone,13.6[?]
1834,"Stackhouse's History of the Bible",Stackhouse,,,Folio,Martin[?],5.0
1835,"Stephanus Byzantinus de Urbibus et Populis Gr. et Lat.",Stephanus,,1568[?],Folio,Authell[?],7.0[?]
1836,"Stillingfleet's (Edw.) Origines Britannicae",Stillingfleet,,Camb. 1685[?],Folio,Gosset[?],1[?]
1837,"——— Sacra, fourl.",,Camb. 1701,Folio,Holden[?],4[?]
1838,"Stow's (John) Annales, or a General Chronicle of England, continued by Howes, black letter",,1631,Folio,Birkhall[?],2.10
,,,,,,,[page total] 140.17.6
,,,,,Ninth Day's Sale,,
,,,,,OCTAVO ET INFRA,,
1839,"Theatre Francoise, Histoire du, 15 tom.",,,1745[?],Octavo et Infra (Ninth Day),Ogden[?],4[?]
1840,"Theatres Francois et Italiens, 5 tom.",,,,Octavo et Infra (Ninth Day),Priestley[?],3[?]
1841,"——— Italien, Histoire du, 2 tom.",,1769,Octavo et Infra (Ninth Day),[?],[?]
1842,"Opera Comique, Histoire de, 2 v. 3 vol in one",,1769,Octavo et Infra (Ninth Day),[?],[?]
1843,"Theocritus' Idylliums, translated by Mr. Creech",Theocritus,,,Octavo et Infra (Ninth Day),Priestley[?],1[?]
1844,"——— Idylliums, by Fawkes",,,1712[?],Octavo et Infra (Ninth Day),Smith[?],[?]
1845,"Theophrasti Characteres, Gr. et Lat. with Notes in English",Theophrastus,,,Octavo et Infra (Ninth Day),Charles[?],7.6[?]
1846,"Theory of Agreeable Sensations",,,,Octavo et Infra (Ninth Day),Baldwinoor[?],[?]
1847,"Thomas a Kempis' Imitation of Jesus Christ, trad. par Corneille",Thomas a Kempis,,,Octavo et Infra (Ninth Day),Pearce,2[?]
1848,"Thomas' British Negociator; or Foreign Exchanges made Easy",Thomas,,,Octavo et Infra (Ninth Day),[?],[?]
1849,"Thomasii (Jac.) Seasons",,1704,Octavo et Infra (Ninth Day),Hillman[?],[?]
1850,"Three Tracts on the Corn Trade and Corn Laws",,1764,Octavo et Infra (Ninth Day),Boone[?],[?]
1851,"Thunberg's Travels in Europe, Africa, and Asia, 4 vol.",,1795[?],Octavo et Infra (Ninth Day),Holden[?],[?]
1852,"Tibullus, Lat. and Eng. by Grainger, 2 vol.",Tibullus,,1759,Octavo et Infra (Ninth Day),Priestley[?],[?]
1853,"Tirabdi's[?] Anecdotes in Literature and Criticism",,1701[?],Octavo et Infra (Ninth Day),[?],[?]
1854,"——— Christianity as Old as the Creation",,1733,Octavo et Infra (Ninth Day),[?],[?]
1855,"——— (Dr.) Right of the Christian Church",,1709,Octavo et Infra (Ninth Day),Boone[?],[?]
1856,"Titi Descrizione delle Pitture; Sculture e Architetture in Roma",,,,Octavo et Infra (Ninth Day),Heber[?],[?]
1857,"Toland's (Mr. John) Collection of several Pieces of, 2 v.",Toland,,1726,Octavo et Infra (Ninth Day),Boone,[?]
1858,"——— Christianity not Mysterious",,1702[?],Octavo et Infra (Ninth Day),Cooke[?],[?]
1859,"Tooke's (John Horne) Diversions on Purley",Tooke,,"2nd 7 1786[?]",Octavo et Infra (Ninth Day),Priestley[?],[?]
1860,"Torcy (Mr. de) Memoires, 3 tom.",Torcy,,,Octavo et Infra (Ninth Day),Earle[?],[?]
1861,"Torrigio (Fr. Mar.) Sacre Grotte Vaticane",Torrigio,,1635,Octavo et Infra (Ninth Day),Payne[?],[?]
1862,"Tour Tenebreuse et les Jours Lumineux, Contes Anglois",,Paris 1705,Octavo et Infra (Ninth Day),Inglehook[?],[?]
,,,,,,,[page total] 5.6.6
1863,"Townsend's Journey through Spain in 1786, 2 v. 3 v.",Townsend,,1792,Octavo et Infra (Ninth Day),Powell[?],4.6
1864,"Trublet (Petit du) Discours sur l'Origine de la Poesie",Trublet,,1713,Octavo et Infra (Ninth Day),[?],[?]
1865,"Truschel and Greiton's Catechisme de Treves",,,,Octavo et Infra (Ninth Day),Blenkley[?],[?]
1866,"Trimmer's Oeconomical, 3 vol.",,1724[?],Octavo et Infra (Ninth Day),[?],[?]
1867,"——— Marriage, Courtship, Self[?] ed.",,1734 &c.,Octavo et Infra (Ninth Day),Priestley[?],[?]
1868,"——— (Political) 3 vol.",,,,Octavo et Infra (Ninth Day),Ogden[?],[?]
1869,"——— (Political) 8 vol.",,,,Octavo et Infra (Ninth Day),[?],[?]
1870,"——— (French) 4 vol.",,,,Octavo et Infra (Ninth Day),Long[?],[?]
1871,"Tracts, French and divers Sujets de Litterature et de Morale",,1764,Octavo et Infra (Ninth Day),[?],[?]
1872,"——— Italian",,,,Octavo et Infra (Ninth Day),[?],[?]
1873,"——— Ballam, 2 vol.",,,,Octavo et Infra (Ninth Day),Blance[?],6.0[?]
1874,"Tryphiodorus' Destruction of Troy, translated by Merrick",Tryphiodorus,,Oxford,Octavo et Infra (Ninth Day),Pearce[?],2[?]
1875,"Tucker's (Dean) Treatise concerning Civil Government",Tucker,,1781,Octavo et Infra (Ninth Day),[?],[?]
1876,"Tull's Husbandry, Husbandry, portrait",Tull,,1762[?],Octavo et Infra (Ninth Day),Priestley[?],4[?]
1877,"Turgot (Vicomte de) Vie, par Mr. de Insisson[?]",Turgot,,1790,Octavo et Infra (Ninth Day),[?],[?]
1878,"Turkish Spy, 8 vol.",,,,Octavo et Infra (Ninth Day),[?],[?]
1879,"Political Conferences between several Great Men of the last and present Century",,,,Octavo et Infra (Ninth Day),[?],[?]
1880,"Conversations, Political and Familiar",,1769,Octavo et Infra (Ninth Day),Priestley,2[?]
1881,"Udalii Hebrew Grammar",Udalius,,,Octavo et Infra (Ninth Day),Bentley[?],[?]
1882,"Universal History, Ancient and Modern, 65 vol. wants several vols.",,1747 &c.,Octavo et Infra (Ninth Day),[?],1.4[?]
1883,"Vaillant, Premier et Second Voyage en Afrique, 3 tom.",Vaillant,,1790 &c.,Octavo et Infra (Ninth Day),Charles,8[?]
1884,"Vaines (Dom) Dictionnaire de Diplomatique",,,,Octavo et Infra (Ninth Day),[?],2[?]
1885,"——— 2 tom. avec planches, russie Diplomique[?]",,1879[?],Octavo et Infra (Ninth Day),Whitdale[?],2[?]
1886,"Valerius Maximus, translated by Speed",Valerius Maximus,,,Octavo et Infra (Ninth Day),Shelton[?],[?]
1887,"Vanbrugh's (Sir John) Plays, 3 vol.",Vanbrugh,,1730[?],Octavo et Infra (Ninth Day),Lance[?],[?]
1888,"Varietes Serieuses et Amusantes, 4 tom. en 2 in 12",,1768[?],Octavo et Infra (Ninth Day),[?],[?]
1889,"——— Litteraires, a tom.",,,,Octavo et Infra (Ninth Day),Lamert[?],6[?]
1890,"Varillas Histoire de Francois Premier, 4 tom.",Varillas,,1645[?],Octavo et Infra (Ninth Day),Lamert[?],[?]
1891,"Vecchiette's Dialogues, 2",,,,Octavo et Infra (Ninth Day),Priestley[?],[?]
1892,"Vasari's Histoire des Peintres, Sculpteurs et Architectes",Vasari,,1803[?],Octavo et Infra (Ninth Day),Barnett[?],[?]
1893,"——— Pagnoul",,,,Octavo et Infra (Ninth Day),[?],[?]
1893,"Velleius Paterculus, Multitiore &c Lat. et Fr.",Velleius Paterculus,,1713,Octavo et Infra (Ninth Day),[?],[?]
1894,"Ventroul's Italian and English Grammar",Ventroul,,,Octavo et Infra (Ninth Day),Boone,6[?]
1895,"——— French Grammar",,1726[?],Octavo et Infra (Ninth Day),Priestley[?],6[?]
1896,"Veprie (Nic.) de la Generation de l'Homme, planches",,1708[?],Octavo et Infra (Ninth Day),Birckley[?],3[?]
1897,"Venezia, Descrizione di tutte Pubbliche Pitture della",,1733,Octavo et Infra (Ninth Day),Brandt[?],[?]
1900,"Vergilii (Rob.) de Rerum Inventoribus, Lib. VIII.",Vergil,,etc. 1671,Octavo et Infra (Ninth Day),Pearce[?],[?]
1901,"Verona Illustrata, 4 vol. 4o.",,,,Octavo et Infra (Ninth Day),[?],7[?]
1902,"Vertot Origine de la Grandeur de la Cour de Rome",Vertot,,1735[?],Octavo et Infra (Ninth Day),Lance[?],6[?]
1903,"——— Histoire des Revolutions Romains, 3 tom.",,,1774[?],Octavo et Infra (Ninth Day),Authell[?],5.6
,,,,,,,[page total] 2.40.2.6
1904,"Visconte di Museva [?] Pio Clementino Vin de Leon X, et d'Alles. VI Farnesi[?]",,,,Octavo et Infra (Ninth Day),Long[?],[?]
1905,"Vita Principi di Savoia Morti, 2 vol.",,Ven. 1543[?],Octavo et Infra (Ninth Day),[?],1[?]
1906,"Vitae Poetarum, Libri tres",,1694[?],Octavo et Infra (Ninth Day),Priestley,2[?]
1907,"Vida's Art of Poetry, by Pitt",Vida,,,,Priestley[?],[?]
1908,"——— Opera",,1534[?],Octavo et Infra (Ninth Day),[?],[?]
1909,"Vinci's (Leonardo da) Treatise on Painting",Leonardo da Vinci,,,Octavo et Infra (Ninth Day),Longman[?],5[?]
1910,"Virgilian, cum figuris, 4 vol.",,Sundry,Octavo et Infra (Ninth Day),[?],[?]
1911,"——— ex emendatione Cunninghami",,,,Octavo et Infra (Ninth Day),[?],[?]
1912,"——— translated by Dryden, 3 vol.",Virgil,,,Octavo et Infra (Ninth Day),Heber[?],[?]
1913,"——— by Dryden, 4 vol.",,,,Octavo et Infra (Ninth Day),[?],[?]
1914,"——— Latin and English, by Pitt and Warton, 4 vol.",,,,Octavo et Infra (Ninth Day),Pearce[?],[?]
1915,"——— plates",,,,Octavo et Infra (Ninth Day),[?],[?]
1916,"——— Latin, par Mr. Despreé",,1770,Octavo et Infra (Ninth Day),[?],[?]
1916a,"Vit. Cujus (Fr Felicien) de la Origine e de Gr. Invention &c",,,,Octavo et Infra (Ninth Day),Shropick[?],6[?]
1917,"Voiture (Mr.) Lettres et autres Oeuvres",Voiture,,Finet. 1643,Octavo et Infra (Ninth Day),Forshook[?],3[?]
1918,"Voltaire, Melanges",,,,Octavo et Infra (Ninth Day),[?],2.6
1919,"——— Lettres Inedites, a Frederic le Grand",Voltaire,,1805,Octavo et Infra (Ninth Day),Field[?],[?]
1920,"——— Candide on l'Optimisme",,,,Octavo et Infra (Ninth Day),[?],[?]
1921,"——— Abregé de l'Histoire Universelle, 2 tom.",,,,Octavo et Infra (Ninth Day),Sheldon[?],1[?]
1922,"——— Histoire de la Guerre de mil septant quaranta un, 2 tom. — et Melanges Litteraires, &c. &c. in 15 v.",,,,Octavo et Infra (Ninth Day),Pearce[?],1[?]
1923,"Parelle d'Orleans",,1705,Octavo et Infra (Ninth Day),Smith[?],0[?]
1924,"——— Oeuvres, 32 tom. bound, tom. 34 to 51 wanting",,1802,Octavo et Infra (Ninth Day),[?],[?]
1925,"——— 1797, 1 tom. 32 to 70, boards, Basle",,1798,Octavo et Infra (Ninth Day),Maffan[?],3[?]
1926,"——— [?]",,,,Octavo et Infra (Ninth Day),[?],[?]
1927,"——— Essay upon the Civil Wars of France, and Letters on the English Nation, in 1 vol.",,1727 41,Octavo et Infra (Ninth Day),Boone,6[?]
1928,"——— Candide, or All for the Best",,1769,Octavo et Infra (Ninth Day),Bonn[?],[?]
1929,"——— Philosophy of History",,1769,Octavo et Infra (Ninth Day),[?],[?]
1930,"——— Henriade, a Poem",,,,Octavo et Infra (Ninth Day),Pearce[?],6[?]
1931,"——— Ingenu; or the Sincere Huron",,1768,Octavo et Infra (Ninth Day),[?],[?]
1932,"Voyageurs Francois, 32 tom. (tom. 3, 4, 5, 6, 7, 8, wanting)",,1765[?],Octavo et Infra (Ninth Day),[?],[?]
1933,"Voyage d'un Francois en Italie, fait dans les Annees 1765-66, 8 tom.",,,,Octavo et Infra (Ninth Day),Miller Wetter[?],2.6
1934,"Walker's on the Revival of the Drama in Italy",,1805,Octavo et Infra (Ninth Day),Forshook,1[?]
1935,"Wallace's Dissertation on the Numbers of Mankind in Ancient and Modern Times",Wallace,,Edinr. 1753,Octavo et Infra (Ninth Day),Ogden[?],[?]
1936,"Waller's (Edm.) Poems, &c. Fentonly &c.",Waller,,1711,Octavo et Infra (Ninth Day),Charles,10[?]
1937,"Walpole's (Horace) Anecdotes of Painting in England, 5 vol.",Walpole,5,1782,Octavo et Infra (Ninth Day),Knowles[?],[?]
1938,"——— Catalogue of Royal and Noble Authors of England, 2 vol.",,1759,Octavo et Infra (Ninth Day),[?],[?]
1939,"Walter's Translated Specimens of Welch Poetry, into English Verse",,,,Octavo et Infra (Ninth Day),Boeam[?],4.6
1940,"——— (John) Poems",,"Oxford, 1782[?]",Octavo et Infra (Ninth Day),Horton[?],[?]
1940a,"——— (6 copies)",,ib. 1760,Octavo et Infra (Ninth Day),Fowle[?],2[?]
,,,,,,,[page total] 50.1
1941,"Walton and Cotton's Complete Angler, with plates, by Hawkins[?]",Walton and Cotton,,,Octavo et Infra (Ninth Day),Lang,1.11.6
1942,"Warburton's Divine Legation of Moses, 3 vol.",,1765[?],Octavo et Infra (Ninth Day),Powell[?],1[?]
1943,"——— ———, 2 vol.",,,,Octavo et Infra (Ninth Day),[?],[?]
1944,"——— a Brief Examination of",,,,Octavo et Infra (Ninth Day),[?],[?]
1945,"Ward's (John) Lectures on Oratory, 2 vol.",Ward,,,Octavo et Infra (Ninth Day),Priestley[?],[?]
1946,"Warton's (Thos.) Poems",Warton,,,Octavo et Infra (Ninth Day),[?],2[?]
1947,"——— Observations on Spencer's Faerie Queene",,,,Octavo et Infra (Ninth Day),[?],[?]
1948,"———",,,,Octavo et Infra (Ninth Day),[?],[?]
1949,"——— Essay on the Writings and Genius of Pope, 2 vol.",,,,Octavo et Infra (Ninth Day),Charles,0.6
1950,"——— Poetical Works, by Mant, 2 vol. portrait",,1802,Octavo et Infra (Ninth Day),Charles,15[?]
1951,"Watts' (Jas.) Logick",Watts,,,Octavo et Infra (Ninth Day),[?],[?]
1952,"——— on the Improvement of the Mind",,,,Octavo et Infra (Ninth Day),Holden[?],[?]
1953,"——— Philosophical Essays",,,,Octavo et Infra (Ninth Day),Priestley[?],[?]
1954,"Werner's Chemical Essays, 2 vol. coté 1 wanting",,,,Octavo et Infra (Ninth Day),Priestley,3[?]
1955,"Webb's Inquiry into the Beauties of Painting",,,,Octavo et Infra (Ninth Day),[?],[?]
1957,"West on the Resurrection of Jesus Christ, MS notes",,,,Octavo et Infra (Ninth Day),Ogden,3[?]
1958,"——— (Mrs.) Ferm and Forces, 2 vol.",,,,Octavo et Infra (Ninth Day),[?],[?]
1959,"——— Giddy's Story, 2 vol.",,,,Octavo et Infra (Ninth Day),[?],[?]
1960,"Whateley's Observations on Modern Gardening",,1772[?],Octavo et Infra (Ninth Day),Priestley,2[?]
1961,"Whitaker's Theory of the Earth, plates",Whitaker,,1753[?],Octavo et Infra (Ninth Day),[?],[?]
1962,"———",,,,Octavo et Infra (Ninth Day),[?],[?]
1963,"Whitaker's Vindication of Mary Queen of Scots, 3 v.",Whitaker,3,,Octavo et Infra (Ninth Day),Pullen[?],[?]
1964,"Whitehead's Poems, portrait",Whitehead,,,Octavo et Infra (Ninth Day),Charles,5[?]
1965,"Whitcherly's (W. Wits) Dramatick Works",Wycherley,,,Octavo et Infra (Ninth Day),Charles[?],4[?]
1966,"Wilkins' (John) Mathematical Works",Wilkins,,,Octavo et Infra (Ninth Day),[?],[?]
1967,"Wilkins (Edw.) Poems, Lyric and Pastoral, 2 v.",Wilkins,2,,Octavo et Infra (Ninth Day),[?],[?]
1968,"Willis se Fermentatione et de Febribus",,,,Octavo et Infra (Ninth Day),Authell[?],[?]
1969,"Winckelman's History and Antiquities, 2 vol. fol.",Winckelmann,2,1773[?],Octavo et Infra (Ninth Day),Shrub[?],5[?]
1970,"Winkelman's Reflections on the Painting and Sculpture of the Greeks, by Fusseli",Winckelmann,,Fol. 2,Octavo et Infra (Ninth Day),[?],[?]
1971,"Winstanley's Lives of the most Famous English Poets",Winstanley,,,Octavo et Infra (Ninth Day),Birrell[?],10[?]
1972,"Wits (John de) Political Maxims of the State of Holland",,,,Octavo et Infra (Ninth Day),Sheldon[?],1[?]
1973,"Wollaston's Religion of Nature Delineated, last edn",Wollaston,,,Octavo et Infra (Ninth Day),Haden[?],6[?]
1974,"Wood's (John) Description of Bath, 2 vol. in 1, fol.",Wood,,1765,Octavo et Infra (Ninth Day),Shrub[?],6[?]
1975,"Woolston on the Miracles, with the Defences, and a Discourse",,,,Octavo et Infra (Ninth Day),Goshen[?],2[?]
1975a,"——— Compl. Copy of the Speeches by the Judges as a running acct of his trial, judgment pass'd Geo. II 1729",,1728[?],Octavo et Infra (Ninth Day),Priestley[?],10[?]
1976,"World (The) by Adam Fitzsadams, 4 vol.",,1779,Octavo et Infra (Ninth Day),Batford[?],4[?]
1977,"Wordsworth's Lyrical Poems, 2 vol. (1st edn)",Wordsworth,2,,Octavo et Infra (Ninth Day),Batford[?],15[?]
1978,"Wotton's (Sir H.) Reliquiae, or a Collection of Lives, Letters, and Poems",Wotton,,1654,Octavo et Infra (Ninth Day),Rodd,3[?]
1979,"——— lore and Poems",,1685,Octavo et Infra (Ninth Day),Lawrie[?],3[?]
1980,"Wynter on Bathing in Hot Baths, at Bath — Wynter on Chronical Diseases",,1728[?],Octavo et Infra (Ninth Day),[?],[?]
,,,,,,,[page total] 61.19.6
1981,"Xenophon's Expedition of Cyrus into Persia, by Spilmont[?]",Xenophon,,,Octavo et Infra (Ninth Day),Marte[?],2.6
1982,"——— 2 vol.",,1742[?],Octavo et Infra (Ninth Day),[?],[?]
1983,"——— Life of Socrates, by Cooper",,,1770[?],Octavo et Infra (Ninth Day),Horton,1[?]
1984,"——— Memorirs of Socrates, 2 vol.",,,,Octavo et Infra (Ninth Day),Robinson[?],1[?]
1985,"Young's (Arth.) Tour in Ireland, 2 vol.",Young,2,,Octavo et Infra (Ninth Day),Charles,4[?]
1986,"——— Tours through the South of England, 4 vol.",,,,Octavo et Infra (Ninth Day),Charles,5[?]
1987,"——— Tour through the Southern Counties",,,,Octavo et Infra (Ninth Day),Shooke[?],[?]
1988,"——— England and Wales Rural Oeconomy",,1798,Octavo et Infra (Ninth Day),Hillman[?],2[?]
1989,"——— Farmer's Letters",,No.--- 1782[?],Octavo et Infra (Ninth Day),Marten[?],5[?]
1990,"——— Annals of Agriculture, Vols. [?] and Nos. 140 to 169 (wanting 10 Nos.)",,,,Octavo et Infra (Ninth Day),[?],[?]
1991,"——— (Edw.) Love of Fame or the Universal Passion, 10 Nos.",,,,Octavo et Infra (Ninth Day),[?],[?]
1992,"——— Works, 3 vol.",,,,Octavo et Infra (Ninth Day),[?],[?]
1993,"Zenio (Arith.) Published Arithmetic Crit. [?]",,,,Octavo et Infra (Ninth Day),[?],5.0[?]
1994,"Zeno (Apost.) Lettere, 2 tom.",,,,Octavo et Infra (Ninth Day),Priestley,2[?]
1995,"Zeno Opere Drammatiche, 10 tom.",Zeno,,Firien. 1744,Octavo et Infra (Ninth Day),Priestley,6[?]
,,,,,QUARTO,,
1996,"Turpin (Archevesque) Chronique et Histoire; contenant les Prouesses et faicts d'Armes advenus en son tems de Charlemaigne et de son Nepveu Roland, black letter",Turpin,,,Quarto (Ninth Day),Forshook,8.8[?]
1997,"Tutti i Trionfi, Carri, Mascherate, O Canti Carnascialeschi",,1559,Quarto (Ninth Day),Forshook,[?]
1998,"——— Curios. portrait",,Clasion 1750,Quarto (Ninth Day),Shay[?],[?]
1999,"Twiss' Travels through Portugal and Spain in 1772, 73",,,,Quarto (Ninth Day),[?],[?]
2000,"——— plates",,1775,Quarto (Ninth Day),Charles,1.2
2000,"Tyand (Pontus de) Discours Philosophiques",,,,Quarto (Ninth Day),Charles[?],[?]
2001,"Usserii Chronologia Sacra",Ussher,,Oxon,Quarto (Ninth Day),Smith[?],5[?]
2002,"Mabill. Praefationes Ecclesiastici Antiquitates, Dall.",,,1689[?],Quarto (Ninth Day),Pycroft[?],[?]
2003,"——— de Scriptores et Saeris Vernaclis",,1639,Quarto (Ninth Day),Vinnett[?],[?]
2004,"Vaillant (J.Foy) Seleucidarum Imperium, sive Historia Regum Syriaci ad fidem Numismatum accommodata",Vaillant,,1681,Quarto (Ninth Day),Denner[?],1[?]
2005,"Vaillant Numismata Imperatorum Romanorum Praestantiora, a Julio Cesare ad Posthumum et Tyrannos",,1692[?],Quarto (Ninth Day),Gutterell,3[?]
2006,"Valli (Pietro delle) Viaggi, 2 tom.",,Roma 1650 1658,Quarto (Ninth Day),[?],[?]
2007,"Vasari Vite di Pittori, Scultori et Architi, 3 tom. portrait, Bologna",Vasari,3,"1648, 3.11",Quarto (Ninth Day),Priestley,3.11
2008,"——— e Architteti, 3 tom. in 4,",,in 4.,Quarto (Ninth Day),Mills[?],6.6
2009,"——— (Giorg.) Ragionamenti sopra la Inventione, da lui dipinte in Firenze nel Palazzo di Loro Altezze Serenissime — Firent. 1588",,1588,Quarto (Ninth Day),Gutterell,1[?]
,,,,,,,[page total] 290.7.6
2010,"Veterum Historicorum, Italien et Francais 2 tom.",,1705[?],Quarto (Ninth Day),Marte[?],2.6
2011,"Venuti (Rod.) Descrizione Topographica delle Antichita &c. Moderna di Roma, 4 tom.",Venuti,4,,Quarto (Ninth Day),Heber,1.16[?]
2012,"Verm de le Cresne, de Sonder et Mage, Voyages en diverse Parties de l'Europe, de l'Afrique et de l'Amerique, 2 tom., division et cetera",,1778,Quarto (Ninth Day),Heber,9[?]
2013,"Evregin's (R.) Restitution of Decayed Intelligence",,,,Quarto (Ninth Day),Hayard[?],1.4[?]
2014,"Everinson's description concerning Brittaine, Scotfice",,1604-07,Quarto (Ninth Day),Holden[?],[?]
2015,"Vernou's Description of the Works of Italia",,1729[?],Quarto (Ninth Day),[?],[?]
2016,"Vignole Fabritia ou Antichita Historia, Grassi Elementa",,1589[?],Quarto (Ninth Day),Heber[?],[?]
2017,"Villani, Vita di Giosefar Ilbert Fermaini",Villani,,Firenz. 1728,Quarto (Ninth Day),Alvers[?],[?]
2018,"Villon (R.) System of Astronomy, 2 vol. plates",,1789[?],Quarto (Ninth Day),[?],[?]
2019,"Vincent's (W.) Voyage of Nearchus, pages, &c.",Vincent,,1797,Quarto (Ninth Day),[?],[?]
2020,"Virgil's Aeneid, translated by Pitt, 2 vol in 1",Virgil,2,1740[?],Quarto (Ninth Day),Lawrie[?],[?]
2021,"Vitrivius (Lact.) dell Architetture",,Venet. 1584[?],Quarto (Ninth Day),[?],[?]
2022,"Vossii Commentarii Rhetorices",,Leg. Bat. 1643[?],Quarto (Ninth Day),Priestley,11.6[?]
2022a,"——— Poetarum Institutiones",,Cat. Bat. 1647,Quarto (Ninth Day),[?],[?]
2022b,"——— Ars Historica",,Leg. Bat. 1653,Quarto (Ninth Day),[?],[?]
2022c,"——— de Philosophis et Philosophorum Sectis, H. Com.",,Hag. 1658,Quarto (Ninth Day),[?],[?]
2022d,"——— Vella Scoriata et Glossariula, &c.",,E.v.s. 1644[?],Quarto (Ninth Day),[?],[?]
2022e,"——— Chasmus Artibis Popaluribus &c.",,Amst. 1650,Quarto (Ninth Day),[?],[?]
2022f,"——— Historica Latina",,Leg. Bat. 1653,Quarto (Ninth Day),[?],[?]
2022g,"——— ——— Graeci",,ib. 1651,Quarto (Ninth Day),[?],[?]
2022h,"——— Veterum Poetarum Temporboe",,1663[?],Quarto (Ninth Day),Lamert[?],5.6[?]
2023,"Walker's (J.C.) Historical Memoir on Italian Tragedy",Walker,,,Quarto (Ninth Day),Longett[?],3.6
2024,"Walker's Works, portrait, &c.",Walker,,,Quarto (Ninth Day),Bindley[?],6[?]
2025,"Walker's Welsh and English Dictionary, No. 1 to 12",Walker,,,Quarto (Ninth Day),Bentley[?],[?]
2026,"Whiton's (Thos.) History of English Poetry, 3 vols.",Warton,3,,Quarto (Ninth Day),Charles[?],4[?]
2027,"Whistall's (William) most pleasant and delightful Historie of Curan, a Prince of Danske and Lady Eyne Princesse Argentine, Daughter and Heyre to Adelbright, sonne to Kinge of Northumberland. Shewing his true Love unto her, his successive Suite, that the fair[?] Damsella to be unknowne for her Sake. His second Love to the same Lady unknowne, taking her for a Farre Countrie Damoxeli, a Poem",Whistle[?],,,Quarto (Ninth Day),Kirrin[?],10.12.6[?]
2033,"Weever's (John) Antient Funeral Monuments, portrait and plates",Weever,,,Quarto (Ninth Day),Christle[?],1.6
2035,"Whiston's (W.) Chronology of the Old Testament",,1800[?],Quarto (Ninth Day),Heber,2[?]
2037,"Wilkins' Bishops of Ossorie[?]",,1768[?],Quarto (Ninth Day),Pearce[?],1[?]
2038,"Wilson's Account of the Pelew Islands, by Keate, plts",Wilson,,,Quarto (Ninth Day),Blount[?],1.2
2039,"Windham's (W.) Plan of Discipline for the Norfolk Militia, India",Windham,,,Quarto (Ninth Day),[?],[?]
2040,"Wollaston's (W.) Religion of Nature delineated",Wollaston,,1726[?],Quarto (Ninth Day),Tuthill[?],6[?]
2041,"———",,,,Quarto (Ninth Day),[?],[?]
2042,"Wood's (Rob.) Essay on the Original Genius and Writings of Homer, plates",Wood,,1775,Quarto (Ninth Day),Tuthill,13[?]
2043,"Wotton's (W.) Short View of Hickes' Treasury of the Ancient Northern Languages, 4to",Wotton,,1737,Quarto (Ninth Day),Priestley,13.6
,,,,,,,[page total] 17.16.6[?]
2044,"Wright's Optics, of [?] New Hypothesis of the Universe, plates",Wright,2,1742[?],Quarto (Ninth Day continued p.62),Davis[?],5[?]
2045,"Observations, Guide, on travelling through France, Italy in 1720, 21 and 22, 3 vol.",,1730[?],Quarto (Ninth Day continued p.62),Holden,3[?]
2046,"Xenophon's History of the Affairs of Greece, by Smith",,1770[?],Quarto (Ninth Day continued p.62),Hathurst[?],2[?]
2047,"Young's [Edw.?] Travels in France in 1787, 8 voll in 2[?]",Young,,,Quarto (Ninth Day continued p.62),Mason[?],6[?]
2048,"——— (Edw.) Night Thoughts (1st ed.)",Young,,1745[?],Quarto (Ninth Day continued p.62),Boone,5[?]
2049,"Zanoli, a (See.) Life of the Philip Sidney, portrait, russia, arms, marble boards",,,,Quarto (Ninth Day continued p.62),Darnell[?],1.16[?]
2050,"[?] Marie",,,,Quarto (Ninth Day continued p.62),Ogden[?],4[?]
2051,"——— Vaillant 3",,,,Quarto (Ninth Day continued p.62),Holden[?],3[?]
,,,,,FOLIO,,
2052,"Tacitus, translated by Greenwood [?]",,1640[?],Folio (Ninth Day),Ogle[?],3[?]
2053,"Timonel Bibliotheca Botanio-Hibernica, a Wilkins",,,1789[?],Folio (Ninth Day),Priest[?],6[?]
2054,"Thes Germaniques Liberti, con le figure di Romanus",,,Geneva 1590[?],Folio (Ninth Day),Priestley,6[?]
2055,"Temple's (Sir W.J.) Works, 2 vol. portrait",Temple,2,,Folio (Ninth Day),Lamert[?],1[?]
2056,"———",,,,Folio (Ninth Day),[?],[?]
2057,"Till (Mich. Ang.) Catalogue Plantarum Horti Pisani, front and plates",Tilli,,Florent. 1723,Folio (Ninth Day),Long[?],6[?]
2058,"Trevisii Dictionarie Universell, Francais et Latin, 3 tom.",,Paris 1752[?],Folio (Ninth Day),Holber[?],6[?]
2059,"Uberti (Fas.) Amales, portrait",,Paris 1752[?],Folio (Ninth Day),Smith[?],[?]
2060,"Usher's (Archb.) Annals of the Old and New Testaments",Usher,,,Folio (Ninth Day),[?],[?]
2061,"——— portrait",,1658,Folio (Ninth Day),Graston[?],5[?]
2062,"Ville-Hardouin (Geoffroy de) Histoire de l'Empire de Constantinople, sous les Empereurs Francois",,1657[?],Folio (Ninth Day),[?],[?]
2063,"Vitruve d'Architecture, par Perrault, planches",,1684,Folio (Ninth Day),Smith,3.6
2064,"——— de Architettura",,Sp. Lat. 1649[?],Folio (Ninth Day),[?],[?]
2065,"Vocabolario degl' Accademici della Crusca, 3 tom.",,,1746[?],Folio (Ninth Day),Priestley,9.6[?]
2066,"Wallisii (Joh.) Opera Mathematica, 3 vol. (4to, large folio)",Wallis,3,1695-99,Folio (Ninth Day),[?],[?]
2067,"Ward's Lives of the Professors of Gresham College",,,,Folio (Ninth Day),Long[?],3[?]
2068,"———  crit and plates",,,,Folio (Ninth Day),[?],[?]
2069,"Whitson[?] (H.) Anglo Saxon, 2 vol.",,1643[?],Folio (Ninth Day),Ogden[?],[?]
2069a,"Whitby's Paraphrase and Commentary on the New Testament, 2 vol.",Whitby,2,,Folio (Ninth Day),Ogden[?],[?]
2070,"Wilkins' Essay towards a real Character, a. P.",,,,Folio (Ninth Day),[?],4[?]
2071,"Wood's (Ant.) Athenae Oxonienses, 2 vol.",Wood,2,1691,Folio (Ninth Day),Holden[?],6[?]
2072,"——— Historia et Antiquitates Universitatis Oxoniensis, 2 vol. in 1.",,,,Folio (Ninth Day),Stead[?],4[?]
2073,"Women's (Gal.) Leges Wallicae, Ecclesiasticae et Civiles",,1730,Folio (Ninth Day),Ogle[?],14.6[?]
,,,,,LARGE PAPER,,
,,,,,BOOKS OMITTED,,
,,,,,OCTAVO ET INFRA (Books Omitted),,
2074,"Demostrazione di Padova, fig.",,Padova 1767[?],Octavo et Infra (Books Omitted),Boran[?],6[?]
2075,"Libro delle Preghiere Pubbliche",,Londra 1683[?],Octavo et Infra (Books Omitted),Ogla[?],1.6
2076,"Fiorillo (Silv.) Lucilla Costante",,1696[?],Octavo et Infra (Books Omitted),Larns[?],7[?]
2077,"Bousset (J. B.) Histoire Universelle",Bossuet,,Londre 1696[?],Octavo et Infra (Books Omitted),Smith,3[?]
2078,"Marivaux (M. de) Spectateur Francois",Marivaux,,Paris 1728,Octavo et Infra (Books Omitted),Gaily[?],2[?]
2079,"Histoire de Ptolemee Auletes, fig.",,ib. 1698[?],Octavo et Infra (Books Omitted),Forshook,2[?]
2080,"Webb's (Dan.) Beauties of Painting and Poetry, and Observations on Poetry and Music",Webb,,"1761, 9",Octavo et Infra (Books Omitted),Henderson[?],4.6[?]
2081,"Giuliani (G. F.) Dialogo",Giuliani,,Roma 1653,Octavo et Infra (Books Omitted),Laing,3[?]
2082,"d'Urfey's New Operas, Comical Stories and Poems",d'Urfey,,1721,Octavo et Infra (Books Omitted),Martin[?],5[?]
2083,"Baker's Reflections upon Learning",Baker,,1708,Octavo et Infra (Books Omitted),Byron,6[?]
2084,"Bettinelli (Sav.) Risorgimento d'Italia, 2 t.",Bettinelli,,Bassano 1775,Octavo et Infra (Books Omitted),Lamst[?],4[?]
2085,"M'Kennon's (Charles) Essays",M'Kennon,,Edinb. 1785,Octavo et Infra (Books Omitted),Smith,6[?]
2086,"Maps (11) of France, Italy, &c. in a Case",,,,Octavo et Infra (Books Omitted),Smith,2[?]
2086*,"l'Opere Magnanime de i due Tristani Cavalieri della Tavola Ritonda, 2 tom. Old Black Letter",,,Venet. 1555,Octavo et Infra (Books Omitted),Forshook,4.10
,,,,,QUARTO (Books Omitted),,
2087,"de Bry's (John Theod.) Caracters and Diversitie of Letters used by divers Nations",de Bry,,Francf. on the Maine 1628,Quarto (Books Omitted),Heber,6.6
2088,"Latimer's (Hugh) Sermons, black letter",Latimer,,Lond. J. Daye 1584,Quarto (Books Omitted),Holden,1.2
2089,"Pegna (Gio. Batt.) Romanzi for all",Pegna,,Vinegia 1554,Quarto (Books Omitted),Forshook,1[?]
2090,"Hamilton (C. Ant.) Memoires du Comte de Grammont, par H. Walpole, 3 portraits",Hamilton,,Lond. 1783,Quarto (Books Omitted),Smith,7[?]
2091,"Williams' (Anna) Miscellanies Ba——",Williams,,1766,Quarto (Books Omitted),Boswell,1[?]
2092,"Bland's (John) Specimen of Writing",Bland,,,Quarto (Books Omitted),[?],[?]
2093,[?],,,,Quarto (Books Omitted),[?],[?]
